nohup: ignoring input
/home/khw/Projects/pumafabrics/pumafabrics/puma_adapted/evaluation/evaluate_nd.py:20: VisibleDeprecationWarning: Creating an ndarray from ragged nested sequences (which is a list-or-tuple of lists-or-tuples-or ndarrays with different lengths or shapes) is deprecated. If you meant to do this, you must specify 'dtype=object' when creating the ndarray.
  delta_t_history = np.array(self.delta_t_eval)
params.results_path: .//home/khw/Projects/pumafabrics/pumafabrics/puma_adapted/results/mujoco_kuka_simple_line0/
Data preprocessing, demonstration 1 / 15
Data preprocessing, demonstration 2 / 15
Data preprocessing, demonstration 3 / 15
Data preprocessing, demonstration 4 / 15
Data preprocessing, demonstration 5 / 15
Data preprocessing, demonstration 6 / 15
Data preprocessing, demonstration 7 / 15
Data preprocessing, demonstration 8 / 15
Data preprocessing, demonstration 9 / 15
Data preprocessing, demonstration 10 / 15
Data preprocessing, demonstration 11 / 15
Data preprocessing, demonstration 12 / 15
Data preprocessing, demonstration 13 / 15
Data preprocessing, demonstration 14 / 15
Data preprocessing, demonstration 15 / 15
Mean error spline resampling: 0.0

<<< CONDOR framework: stable and flexible movement primitives >>> 

Parameters: mujoco_kuka_simple_params
Dynamical System order: 2
Dataset: /home/khw/Projects/robomimic/datasets/puma_demo_dir/simple_line
Demos ID: 0
Results path: .//home/khw/Projects/pumafabrics/pumafabrics/puma_adapted/results/mujoco_kuka_simple_line0/


Calculating RMSE; trajectory: 1
Calculating RMSE; trajectory: 2
Calculating RMSE; trajectory: 3
Calculating RMSE; trajectory: 4
Calculating RMSE; trajectory: 5
Calculating RMSE; trajectory: 6
Calculating RMSE; trajectory: 7
Calculating RMSE; trajectory: 8
Calculating RMSE; trajectory: 9
Calculating RMSE; trajectory: 10
Calculating RMSE; trajectory: 11
Calculating RMSE; trajectory: 12
Calculating RMSE; trajectory: 13
Calculating RMSE; trajectory: 14
Calculating RMSE; trajectory: 15
Calculating dynamic time warping distance; trajectory: 1
Calculating dynamic time warping distance; trajectory: 2
Calculating dynamic time warping distance; trajectory: 3
Calculating dynamic time warping distance; trajectory: 4
Calculating dynamic time warping distance; trajectory: 5
Calculating dynamic time warping distance; trajectory: 6
Calculating dynamic time warping distance; trajectory: 7
Calculating dynamic time warping distance; trajectory: 8
Calculating dynamic time warping distance; trajectory: 9
Calculating dynamic time warping distance; trajectory: 10
Calculating dynamic time warping distance; trajectory: 11
Calculating dynamic time warping distance; trajectory: 12
Calculating dynamic time warping distance; trajectory: 13
Calculating dynamic time warping distance; trajectory: 14
Calculating dynamic time warping distance; trajectory: 15
Calculating Frechet distance; trajectory: 1
Calculating Frechet distance; trajectory: 2
Calculating Frechet distance; trajectory: 3
Calculating Frechet distance; trajectory: 4
Calculating Frechet distance; trajectory: 5
Calculating Frechet distance; trajectory: 6
Calculating Frechet distance; trajectory: 7
Calculating Frechet distance; trajectory: 8
Calculating Frechet distance; trajectory: 9
Calculating Frechet distance; trajectory: 10
Calculating Frechet distance; trajectory: 11
Calculating Frechet distance; trajectory: 12
Calculating Frechet distance; trajectory: 13
Calculating Frechet distance; trajectory: 14
Calculating Frechet distance; trajectory: 15
Saving image to .//home/khw/Projects/pumafabrics/pumafabrics/puma_adapted/results/mujoco_kuka_simple_line0/images/primitive_0_iter_0.pdf...
Metrics sum: 9.688061744307715 ; Number of unsuccessful trajectories: 64
0 Total cost: 0.02592092752456665
10 Total cost: 0.00035385461524128914
20 Total cost: 0.0002831562887877226
30 Total cost: 7.699295383645222e-05
40 Total cost: 5.258370947558433e-05
50 Total cost: 4.385919601190835e-05
60 Total cost: 5.785710527561605e-05
70 Total cost: 3.112299964413978e-05
80 Total cost: 3.0759947549086064e-05
90 Total cost: 2.5297505999333225e-05
100 Total cost: 2.4614460926386528e-05
110 Total cost: 2.44240254687611e-05
120 Total cost: 3.587653554859571e-05
130 Total cost: 2.2794565666117705e-05
140 Total cost: 1.805257488740608e-05
150 Total cost: 1.9919034457416274e-05
160 Total cost: 2.9422018997138366e-05
170 Total cost: 1.7022532119881362e-05
180 Total cost: 1.80332444870146e-05
190 Total cost: 1.604361750651151e-05
200 Total cost: 1.5913919924059883e-05
210 Total cost: 1.926217373693362e-05
220 Total cost: 1.623206480871886e-05
230 Total cost: 1.7702201148495078e-05
240 Total cost: 1.5243718735291623e-05
250 Total cost: 1.842781057348475e-05
260 Total cost: 1.7604850654606707e-05
270 Total cost: 1.67054204212036e-05
280 Total cost: 1.8087484932038933e-05
290 Total cost: 1.6271003914880566e-05
300 Total cost: 1.580730349814985e-05
310 Total cost: 2.349529131606687e-05
320 Total cost: 1.8391405319562182e-05
330 Total cost: 2.171327651012689e-05
340 Total cost: 3.6771751183550805e-05
350 Total cost: 1.5931807865854353e-05
360 Total cost: 1.6579531802562997e-05
370 Total cost: 1.6617692381259985e-05
380 Total cost: 1.9454175344435498e-05
390 Total cost: 1.4474005183728877e-05
400 Total cost: 1.3194488019507844e-05
410 Total cost: 1.3381992175709456e-05
420 Total cost: 1.4276005458668806e-05
430 Total cost: 1.3241289707366377e-05
440 Total cost: 1.2986785804969259e-05
450 Total cost: 1.4593868399970233e-05
460 Total cost: 1.2758247976307757e-05
470 Total cost: 9.517047146800905e-06
480 Total cost: 1.1382911907276139e-05
490 Total cost: 1.6249867258011363e-05
500 Total cost: 1.1248825103393756e-05
510 Total cost: 1.2537961993075442e-05
520 Total cost: 1.4436180208576843e-05
530 Total cost: 1.4776417629036587e-05
540 Total cost: 1.220276317326352e-05
550 Total cost: 1.0470587767485995e-05
560 Total cost: 1.1378420822438784e-05
570 Total cost: 1.4277683476393577e-05
580 Total cost: 1.1237892977078445e-05
590 Total cost: 1.4199939869286027e-05
600 Total cost: 1.1876391909027006e-05
610 Total cost: 1.4505937542708125e-05
620 Total cost: 9.647568731452338e-06
630 Total cost: 9.962112017092295e-06
640 Total cost: 1.0465802915859967e-05
650 Total cost: 1.0124289474333636e-05
660 Total cost: 1.2154550859122537e-05
670 Total cost: 1.1653379260678776e-05
680 Total cost: 1.2604175935848616e-05
690 Total cost: 1.0545561053731944e-05
700 Total cost: 1.600869290996343e-05
710 Total cost: 1.596918809809722e-05
720 Total cost: 1.1120760973426513e-05
730 Total cost: 1.1345888196956366e-05
740 Total cost: 1.3138032954884693e-05
750 Total cost: 1.2417027392075397e-05
760 Total cost: 1.38935683935415e-05
770 Total cost: 1.1535444173205178e-05
780 Total cost: 1.2789640095434152e-05
790 Total cost: 1.2835010238632094e-05
800 Total cost: 9.436676918994635e-06
810 Total cost: 1.0489324267837219e-05
820 Total cost: 8.038978194235824e-06
830 Total cost: 9.87510611594189e-06
840 Total cost: 1.063770741893677e-05
850 Total cost: 1.1814905519713648e-05
860 Total cost: 1.1405233635741752e-05
870 Total cost: 1.1362747500243131e-05
880 Total cost: 1.107824755308684e-05
890 Total cost: 8.738350516068749e-06
900 Total cost: 1.0945607755274978e-05
910 Total cost: 1.1710000762832351e-05
920 Total cost: 9.395967026648577e-06
930 Total cost: 8.173883543349802e-06
940 Total cost: 1.4409072718990501e-05
950 Total cost: 7.72609837440541e-06
960 Total cost: 1.2136110854044091e-05
970 Total cost: 9.308572771260515e-06
980 Total cost: 1.0712845323723741e-05
990 Total cost: 1.2607807548192795e-05
Calculating RMSE; trajectory: 1
Calculating RMSE; trajectory: 2
Calculating RMSE; trajectory: 3
Calculating RMSE; trajectory: 4
Calculating RMSE; trajectory: 5
Calculating RMSE; trajectory: 6
Calculating RMSE; trajectory: 7
Calculating RMSE; trajectory: 8
Calculating RMSE; trajectory: 9
Calculating RMSE; trajectory: 10
Calculating RMSE; trajectory: 11
Calculating RMSE; trajectory: 12
Calculating RMSE; trajectory: 13
Calculating RMSE; trajectory: 14
Calculating RMSE; trajectory: 15
Calculating dynamic time warping distance; trajectory: 1
Calculating dynamic time warping distance; trajectory: 2
Calculating dynamic time warping distance; trajectory: 3
Calculating dynamic time warping distance; trajectory: 4
Calculating dynamic time warping distance; trajectory: 5
Calculating dynamic time warping distance; trajectory: 6
Calculating dynamic time warping distance; trajectory: 7
Calculating dynamic time warping distance; trajectory: 8
Calculating dynamic time warping distance; trajectory: 9
/home/khw/Projects/pumafabrics/pumafabrics/puma_adapted/evaluation/evaluate_nd.py:20: VisibleDeprecationWarning: Creating an ndarray from ragged nested sequences (which is a list-or-tuple of lists-or-tuples-or ndarrays with different lengths or shapes) is deprecated. If you meant to do this, you must specify 'dtype=object' when creating the ndarray.
  delta_t_history = np.array(self.delta_t_eval)
/home/khw/Projects/pumafabrics/pumafabrics/puma_adapted/evaluation/evaluate_nd.py:20: VisibleDeprecationWarning: Creating an ndarray from ragged nested sequences (which is a list-or-tuple of lists-or-tuples-or ndarrays with different lengths or shapes) is deprecated. If you meant to do this, you must specify 'dtype=object' when creating the ndarray.
  delta_t_history = np.array(self.delta_t_eval)
Calculating dynamic time warping distance; trajectory: 10
Calculating dynamic time warping distance; trajectory: 11
Calculating dynamic time warping distance; trajectory: 12
Calculating dynamic time warping distance; trajectory: 13
Calculating dynamic time warping distance; trajectory: 14
Calculating dynamic time warping distance; trajectory: 15
Calculating Frechet distance; trajectory: 1
Calculating Frechet distance; trajectory: 2
Calculating Frechet distance; trajectory: 3
Calculating Frechet distance; trajectory: 4
Calculating Frechet distance; trajectory: 5
Calculating Frechet distance; trajectory: 6
Calculating Frechet distance; trajectory: 7
Calculating Frechet distance; trajectory: 8
Calculating Frechet distance; trajectory: 9
Calculating Frechet distance; trajectory: 10
Calculating Frechet distance; trajectory: 11
Calculating Frechet distance; trajectory: 12
Calculating Frechet distance; trajectory: 13
Calculating Frechet distance; trajectory: 14
Calculating Frechet distance; trajectory: 15
Saving image to .//home/khw/Projects/pumafabrics/pumafabrics/puma_adapted/results/mujoco_kuka_simple_line0/images/primitive_0_iter_1000.pdf...
Metrics sum: 0.12690730233566294 ; Number of unsuccessful trajectories: 64
1000 Total cost: 1.1602209269767627e-05
1010 Total cost: 9.616158422431909e-06
1020 Total cost: 9.572708222549409e-06
1030 Total cost: 9.310059795097914e-06
1040 Total cost: 1.1182675734744407e-05
1050 Total cost: 9.598093129170593e-06
1060 Total cost: 9.532355761621147e-06
1070 Total cost: 9.607708307157736e-06
1080 Total cost: 1.201171016873559e-05
1090 Total cost: 9.997904271585867e-06
1100 Total cost: 1.1596267540880945e-05
1110 Total cost: 7.916572030808311e-06
1120 Total cost: 1.1804196219600271e-05
1130 Total cost: 1.1028986591554713e-05
1140 Total cost: 1.304801662627142e-05
1150 Total cost: 9.51002675719792e-06
1160 Total cost: 8.488854291499592e-06
1170 Total cost: 9.082195902010426e-06
1180 Total cost: 9.07797129912069e-06
1190 Total cost: 1.0031919373432174e-05
1200 Total cost: 8.376262485398911e-06
1210 Total cost: 8.351175893039908e-06
1220 Total cost: 8.731700290809385e-06
1230 Total cost: 1.0172878319281153e-05
1240 Total cost: 1.1474627171992324e-05
1250 Total cost: 1.1740058653231245e-05
1260 Total cost: 8.966717359726317e-06
1270 Total cost: 1.1994762644462753e-05
1280 Total cost: 9.017537195177283e-06
1290 Total cost: 8.717714990780223e-06
1300 Total cost: 9.796507583814673e-06
1310 Total cost: 8.07699871074874e-06
1320 Total cost: 7.575512427138165e-06
1330 Total cost: 9.629307896830142e-06
1340 Total cost: 8.204580808524042e-06
1350 Total cost: 9.830364433582872e-06
1360 Total cost: 8.742836143937893e-06
1370 Total cost: 8.54834979691077e-06
1380 Total cost: 8.813210115476977e-06
1390 Total cost: 7.932586413517129e-06
1400 Total cost: 1.0162306352867745e-05
1410 Total cost: 1.0230129191768356e-05
1420 Total cost: 7.695413842156995e-06
1430 Total cost: 8.560814421798568e-06
1440 Total cost: 8.517279638908803e-06
1450 Total cost: 8.001434252946638e-06
1460 Total cost: 8.966345376393292e-06
1470 Total cost: 8.675036951899529e-06
1480 Total cost: 9.230959221895318e-06
1490 Total cost: 7.509342594858026e-06
1500 Total cost: 1.0590787496767007e-05
1510 Total cost: 8.515518857166171e-06
1520 Total cost: 8.828093996271491e-06
1530 Total cost: 8.262772098532878e-06
1540 Total cost: 8.21287449070951e-06
1550 Total cost: 8.173616151907481e-06
1560 Total cost: 7.483938588848105e-06
1570 Total cost: 9.042916644830257e-06
1580 Total cost: 1.0818292139447294e-05
1590 Total cost: 9.68173480941914e-06
1600 Total cost: 8.127633009280544e-06
1610 Total cost: 9.892643902276177e-06
1620 Total cost: 9.855944881564938e-06
1630 Total cost: 1.1365511454641819e-05
1640 Total cost: 8.003026778169442e-06
1650 Total cost: 6.620249678235268e-06
1660 Total cost: 7.554725016234443e-06
1670 Total cost: 9.84261896519456e-06
1680 Total cost: 8.501718184561469e-06
1690 Total cost: 1.0955087418551557e-05
1700 Total cost: 1.1410334991523996e-05
1710 Total cost: 8.685070497449487e-06
1720 Total cost: 9.595659321348649e-06
1730 Total cost: 8.229531886172481e-06
1740 Total cost: 7.873322829254903e-06
1750 Total cost: 6.847799340903293e-06
1760 Total cost: 9.283639883506112e-06
1770 Total cost: 7.252546311065089e-06
1780 Total cost: 8.36354502098402e-06
1790 Total cost: 9.156199666904286e-06
1800 Total cost: 1.2579412214108743e-05
1810 Total cost: 2.0519230019999668e-05
1820 Total cost: 1.2751985195791349e-05
1830 Total cost: 1.0067742550745606e-05
1840 Total cost: 8.767787221586332e-06
1850 Total cost: 8.995064490591176e-06
1860 Total cost: 9.13078838493675e-05
1870 Total cost: 2.053034222626593e-05
1880 Total cost: 4.212011845083907e-05
1890 Total cost: 1.776039607648272e-05
1900 Total cost: 3.471034506219439e-05
1910 Total cost: 1.560640703246463e-05
1920 Total cost: 2.0277137082302943e-05
1930 Total cost: 7.576411007903516e-05
1940 Total cost: 1.5240404536598362e-05
1950 Total cost: 1.109960885514738e-05
1960 Total cost: 1.1252430340391584e-05
1970 Total cost: 1.3127307283866685e-05
1980 Total cost: 9.730439160193782e-06
1990 Total cost: 1.1859736332553439e-05
Calculating RMSE; trajectory: 1
Calculating RMSE; trajectory: 2
Calculating RMSE; trajectory: 3
Calculating RMSE; trajectory: 4
Calculating RMSE; trajectory: 5
Calculating RMSE; trajectory: 6
Calculating RMSE; trajectory: 7
Calculating RMSE; trajectory: 8
Calculating RMSE; trajectory: 9
Calculating RMSE; trajectory: 10
Calculating RMSE; trajectory: 11
Calculating RMSE; trajectory: 12
Calculating RMSE; trajectory: 13
Calculating RMSE; trajectory: 14
Calculating RMSE; trajectory: 15
Calculating dynamic time warping distance; trajectory: 1
Calculating dynamic time warping distance; trajectory: 2
Calculating dynamic time warping distance; trajectory: 3
Calculating dynamic time warping distance; trajectory: 4
Calculating dynamic time warping distance; trajectory: 5
Calculating dynamic time warping distance; trajectory: 6
Calculating dynamic time warping distance; trajectory: 7
Calculating dynamic time warping distance; trajectory: 8
Calculating dynamic time warping distance; trajectory: 9
Calculating dynamic time warping distance; trajectory: 10
Calculating dynamic time warping distance; trajectory: 11
Calculating dynamic time warping distance; trajectory: 12
Calculating dynamic time warping distance; trajectory: 13
Calculating dynamic time warping distance; trajectory: 14
Calculating dynamic time warping distance; trajectory: 15
Calculating Frechet distance; trajectory: 1
Calculating Frechet distance; trajectory: 2
Calculating Frechet distance; trajectory: 3
Calculating Frechet distance; trajectory: 4
Calculating Frechet distance; trajectory: 5
Calculating Frechet distance; trajectory: 6
Calculating Frechet distance; trajectory: 7
Calculating Frechet distance; trajectory: 8
Calculating Frechet distance; trajectory: 9
Calculating Frechet distance; trajectory: 10
Calculating Frechet distance; trajectory: 11
Calculating Frechet distance; trajectory: 12
Calculating Frechet distance; trajectory: 13
Calculating Frechet distance; trajectory: 14
Calculating Frechet distance; trajectory: 15
Saving image to .//home/khw/Projects/pumafabrics/pumafabrics/puma_adapted/results/mujoco_kuka_simple_line0/images/primitive_0_iter_2000.pdf...
Metrics sum: 0.19273247206628216 ; Number of unsuccessful trajectories: 64
2000 Total cost: 6.442672747652978e-05
2010 Total cost: 1.1367699698894285e-05
2020 Total cost: 1.460032035538461e-05
2030 Total cost: 2.2620457457378507e-05
2040 Total cost: 4.386503860587254e-05
2050 Total cost: 1.525300285720732e-05
2060 Total cost: 1.2460147445381153e-05
2070 Total cost: 1.1447516953921877e-05
2080 Total cost: 8.32145906315418e-06
2090 Total cost: 9.439627319807187e-06
2100 Total cost: 8.877432264853269e-06
2110 Total cost: 7.946553523652256e-06
2120 Total cost: 8.928518582251854e-06
2130 Total cost: 1.532466194476001e-05
2140 Total cost: 1.3809749361826107e-05
2150 Total cost: 1.4117023056314792e-05
2160 Total cost: 1.139638879976701e-05
2170 Total cost: 1.0528356142458506e-05
2180 Total cost: 1.377761691401247e-05
2190 Total cost: 1.0005147487390786e-05
2200 Total cost: /home/khw/Projects/pumafabrics/pumafabrics/puma_adapted/evaluation/evaluate_nd.py:20: VisibleDeprecationWarning: Creating an ndarray from ragged nested sequences (which is a list-or-tuple of lists-or-tuples-or ndarrays with different lengths or shapes) is deprecated. If you meant to do this, you must specify 'dtype=object' when creating the ndarray.
  delta_t_history = np.array(self.delta_t_eval)
1.0671952622942626e-05
2210 Total cost: 1.414504640706582e-05
2220 Total cost: 1.5410723790409975e-05
2230 Total cost: 8.822374184092041e-06
2240 Total cost: 1.045152293954743e-05
2250 Total cost: 1.3760446563537698e-05
2260 Total cost: 1.1469753189885523e-05
2270 Total cost: 8.765819984546397e-06
2280 Total cost: 1.2261620213394053e-05
2290 Total cost: 8.188971150957514e-06
2300 Total cost: 4.785224882652983e-05
2310 Total cost: 1.3313640920387115e-05
2320 Total cost: 9.253197276848368e-06
2330 Total cost: 1.5605653970851563e-05
2340 Total cost: 9.552446499583311e-06
2350 Total cost: 9.945997589966282e-06
2360 Total cost: 8.342862201971002e-06
2370 Total cost: 1.1396265108487569e-05
2380 Total cost: 1.3347062122193165e-05
2390 Total cost: 8.618486390332691e-06
2400 Total cost: 9.216239959641825e-06
2410 Total cost: 1.0475103408680297e-05
2420 Total cost: 8.813549357000738e-06
2430 Total cost: 8.688973139214795e-06
2440 Total cost: 7.442911282851128e-06
2450 Total cost: 1.1814786375907715e-05
2460 Total cost: 1.0092391676153056e-05
2470 Total cost: 7.995631676749326e-06
2480 Total cost: 2.577090526756365e-05
2490 Total cost: 7.629111678397749e-06
2500 Total cost: 8.236807843786664e-06
2510 Total cost: 8.639748557470739e-06
2520 Total cost: 7.81461494625546e-06
2530 Total cost: 8.089122275123373e-06
2540 Total cost: 8.098081707430538e-06
2550 Total cost: 1.0421265869808849e-05
2560 Total cost: 7.840003490855452e-06
2570 Total cost: 1.872040593298152e-05
2580 Total cost: 7.875231858633924e-06
2590 Total cost: 9.440125722903758e-06
2600 Total cost: 1.0700452548917383e-05
2610 Total cost: 9.686209523351863e-06
2620 Total cost: 1.1717216693796217e-05
2630 Total cost: 8.714729119674303e-06
2640 Total cost: 7.806649591657333e-06
2650 Total cost: 9.907976163958665e-06
2660 Total cost: 1.0153871699003503e-05
2670 Total cost: 8.250262908404693e-06
2680 Total cost: 7.49552964407485e-06
2690 Total cost: 1.0973932148772292e-05
2700 Total cost: 1.1431033271946944e-05
2710 Total cost: 9.95249592961045e-06
2720 Total cost: 1.428944779036101e-05
2730 Total cost: 1.0389386261522304e-05
2740 Total cost: 9.53539438341977e-06
2750 Total cost: 1.0410733011667617e-05
2760 Total cost: 9.306457286584191e-06
2770 Total cost: 1.0392926924396306e-05
2780 Total cost: 1.6722051441320218e-05
2790 Total cost: 1.1284093488939106e-05
2800 Total cost: 9.922554454533383e-06
2810 Total cost: 7.3567744038882665e-06
2820 Total cost: 8.934150173445232e-06
2830 Total cost: 9.426539691048674e-06
2840 Total cost: 8.21868161438033e-06
2850 Total cost: 7.82127881393535e-06
2860 Total cost: 7.659768016310409e-06
2870 Total cost: 8.04110459284857e-06
2880 Total cost: 8.481612894684076e-06
2890 Total cost: 7.571508376713609e-06
2900 Total cost: 9.920281627273653e-06
2910 Total cost: 7.863016435294412e-06
2920 Total cost: 1.0565732736722566e-05
2930 Total cost: 8.502500350004993e-06
2940 Total cost: 1.2872777006123215e-05
2950 Total cost: 1.0044246664620005e-05
2960 Total cost: 9.766713446879294e-06
2970 Total cost: 6.967231001908658e-06
2980 Total cost: 1.0196312359767035e-05
2990 Total cost: 1.0031943929789122e-05
Calculating RMSE; trajectory: 1
Calculating RMSE; trajectory: 2
Calculating RMSE; trajectory: 3
Calculating RMSE; trajectory: 4
Calculating RMSE; trajectory: 5
Calculating RMSE; trajectory: 6
Calculating RMSE; trajectory: 7
Calculating RMSE; trajectory: 8
Calculating RMSE; trajectory: 9
Calculating RMSE; trajectory: 10
Calculating RMSE; trajectory: 11
Calculating RMSE; trajectory: 12
Calculating RMSE; trajectory: 13
Calculating RMSE; trajectory: 14
Calculating RMSE; trajectory: 15
Calculating dynamic time warping distance; trajectory: 1
Calculating dynamic time warping distance; trajectory: 2
Calculating dynamic time warping distance; trajectory: 3
Calculating dynamic time warping distance; trajectory: 4
Calculating dynamic time warping distance; trajectory: 5
Calculating dynamic time warping distance; trajectory: 6
Calculating dynamic time warping distance; trajectory: 7
Calculating dynamic time warping distance; trajectory: 8
Calculating dynamic time warping distance; trajectory: 9
Calculating dynamic time warping distance; trajectory: 10
Calculating dynamic time warping distance; trajectory: 11
Calculating dynamic time warping distance; trajectory: 12
Calculating dynamic time warping distance; trajectory: 13
Calculating dynamic time warping distance; trajectory: 14
Calculating dynamic time warping distance; trajectory: 15
Calculating Frechet distance; trajectory: 1
Calculating Frechet distance; trajectory: 2
Calculating Frechet distance; trajectory: 3
Calculating Frechet distance; trajectory: 4
Calculating Frechet distance; trajectory: 5
Calculating Frechet distance; trajectory: 6
Calculating Frechet distance; trajectory: 7
Calculating Frechet distance; trajectory: 8
Calculating Frechet distance; trajectory: 9
Calculating Frechet distance; trajectory: 10
Calculating Frechet distance; trajectory: 11
Calculating Frechet distance; trajectory: 12
Calculating Frechet distance; trajectory: 13
Calculating Frechet distance; trajectory: 14
Calculating Frechet distance; trajectory: 15
Saving image to .//home/khw/Projects/pumafabrics/pumafabrics/puma_adapted/results/mujoco_kuka_simple_line0/images/primitive_0_iter_3000.pdf...
Metrics sum: 0.09551422448853455 ; Number of unsuccessful trajectories: 64
3000 Total cost: 8.063995664997492e-06
3010 Total cost: 6.6578227233549114e-06
3020 Total cost: 9.168956239591353e-06
3030 Total cost: 6.771687822038075e-06
3040 Total cost: 8.771096872806083e-06
3050 Total cost: 8.42241024656687e-06
3060 Total cost: 1.621620322111994e-05
3070 Total cost: 8.161384357663337e-06
3080 Total cost: 6.899320396769326e-06
3090 Total cost: 7.913434274087194e-06
3100 Total cost: 8.385431101487484e-06
3110 Total cost: 7.71036502555944e-06
3120 Total cost: 9.347073500975966e-06
3130 Total cost: 8.012659236555919e-06
3140 Total cost: 7.343841843976406e-06
3150 Total cost: 9.343200872535817e-06
3160 Total cost: 8.426388376392424e-06
3170 Total cost: 8.054521458689123e-06
3180 Total cost: 7.880299563112203e-06
3190 Total cost: 6.352847321977606e-06
3200 Total cost: 9.228834642271977e-06
3210 Total cost: 9.130981197813526e-06
3220 Total cost: 6.652873707935214e-06
3230 Total cost: 8.053470992308576e-06
3240 Total cost: 7.68537756812293e-06
3250 Total cost: 7.085371180437505e-06
3260 Total cost: 8.537970643374138e-06
3270 Total cost: 7.185272806964349e-06
3280 Total cost: 8.701772458152846e-06
3290 Total cost: 7.2861689659475815e-06
3300 Total cost: 8.215674824896269e-06
3310 Total cost: 7.769582225591876e-06
3320 Total cost: 1.1432211977080442e-05
3330 Total cost: 8.660815183247905e-06
3340 Total cost: 7.986016498762183e-06
3350 Total cost: 7.38635526431608e-06
3360 Total cost: 1.045560111379018e-05
3370 Total cost: 7.344481673499104e-06
3380 Total cost: 9.89303043752443e-06
3390 Total cost: 1.0231695341644809e-05
3400 Total cost: 8.990088645077776e-06
3410 Total cost: 1.324237382505089e-05
3420 Total cost: 1.3114049579598941e-05
3430 Total cost: 1.106302261177916e-05
3440 Total cost: 8.697099474375136e-06
3450 Total cost: 8.461916877422482e-06
3460 Total cost: 6.834075975348242e-06
3470 Total cost: 8.705417712917551e-06
3480 Total cost: 7.222635758807883e-06
3490 Total cost: 7.764882866467815e-06
3500 Total cost: 7.068866580084432e-06
3510 Total cost: 7.606172403029632e-06
3520 Total cost: 8.496146620018408e-06
3530 Total cost: 7.818810445314739e-06
3540 Total cost: 6.562098405993311e-06
3550 Total cost: 7.436036867147777e-06
3560 Total cost: 7.620619726367295e-06
3570 Total cost: 8.113695912470575e-06
3580 Total cost: 7.4183481046929955e-06
3590 Total cost: 6.561640020663617e-06
3600 Total cost: 7.66800258134026e-06
3610 Total cost: 8.931147021939978e-06
3620 Total cost: 9.101157047552988e-06
3630 Total cost: 6.829647645645309e-06
3640 Total cost: 7.321850262087537e-06
3650 Total cost: 7.272868970176205e-06
3660 Total cost: 7.6404239734984e-06
3670 Total cost: 7.550408099632477e-06
3680 Total cost: 7.248212568811141e-06
3690 Total cost: 7.266059583344031e-06
3700 Total cost: 8.449123015452642e-06
3710 Total cost: 8.412538591073826e-06
3720 Total cost: /home/khw/Projects/pumafabrics/pumafabrics/puma_adapted/evaluation/evaluate_nd.py:20: VisibleDeprecationWarning: Creating an ndarray from ragged nested sequences (which is a list-or-tuple of lists-or-tuples-or ndarrays with different lengths or shapes) is deprecated. If you meant to do this, you must specify 'dtype=object' when creating the ndarray.
  delta_t_history = np.array(self.delta_t_eval)
6.19818774794112e-06
3730 Total cost: 5.673682153428672e-06
3740 Total cost: 6.237530215003062e-06
3750 Total cost: 5.270766450848896e-06
3760 Total cost: 7.313386049645487e-06
3770 Total cost: 6.307871444732882e-06
3780 Total cost: 7.265231943165418e-06
3790 Total cost: 7.09774167262367e-06
3800 Total cost: 6.463829322456149e-06
3810 Total cost: 8.205845006159507e-06
3820 Total cost: 9.119644346355926e-06
3830 Total cost: 8.903124580683652e-06
3840 Total cost: 8.214443369070068e-06
3850 Total cost: 8.028002412174828e-06
3860 Total cost: 8.44367423269432e-06
3870 Total cost: 8.307424650411122e-06
3880 Total cost: 7.693389306950849e-06
3890 Total cost: 6.703025064780377e-06
3900 Total cost: 6.5015387917810585e-06
3910 Total cost: 8.796261681709439e-06
3920 Total cost: 7.935500434541609e-06
3930 Total cost: 7.918254596006591e-06
3940 Total cost: 8.816497938823886e-06
3950 Total cost: 8.216777132474817e-06
3960 Total cost: 7.375511813734192e-06
3970 Total cost: 7.065250883897534e-06
3980 Total cost: 5.582277481153142e-06
3990 Total cost: 9.12631003302522e-06
Calculating RMSE; trajectory: 1
Calculating RMSE; trajectory: 2
Calculating RMSE; trajectory: 3
Calculating RMSE; trajectory: 4
Calculating RMSE; trajectory: 5
Calculating RMSE; trajectory: 6
Calculating RMSE; trajectory: 7
Calculating RMSE; trajectory: 8
Calculating RMSE; trajectory: 9
Calculating RMSE; trajectory: 10
Calculating RMSE; trajectory: 11
Calculating RMSE; trajectory: 12
Calculating RMSE; trajectory: 13
Calculating RMSE; trajectory: 14
Calculating RMSE; trajectory: 15
Calculating dynamic time warping distance; trajectory: 1
Calculating dynamic time warping distance; trajectory: 2
Calculating dynamic time warping distance; trajectory: 3
Calculating dynamic time warping distance; trajectory: 4
Calculating dynamic time warping distance; trajectory: 5
Calculating dynamic time warping distance; trajectory: 6
Calculating dynamic time warping distance; trajectory: 7
Calculating dynamic time warping distance; trajectory: 8
Calculating dynamic time warping distance; trajectory: 9
Calculating dynamic time warping distance; trajectory: 10
Calculating dynamic time warping distance; trajectory: 11
Calculating dynamic time warping distance; trajectory: 12
Calculating dynamic time warping distance; trajectory: 13
Calculating dynamic time warping distance; trajectory: 14
Calculating dynamic time warping distance; trajectory: 15
Calculating Frechet distance; trajectory: 1
Calculating Frechet distance; trajectory: 2
Calculating Frechet distance; trajectory: 3
Calculating Frechet distance; trajectory: 4
Calculating Frechet distance; trajectory: 5
Calculating Frechet distance; trajectory: 6
Calculating Frechet distance; trajectory: 7
Calculating Frechet distance; trajectory: 8
Calculating Frechet distance; trajectory: 9
Calculating Frechet distance; trajectory: 10
Calculating Frechet distance; trajectory: 11
Calculating Frechet distance; trajectory: 12
Calculating Frechet distance; trajectory: 13
Calculating Frechet distance; trajectory: 14
Calculating Frechet distance; trajectory: 15
Saving image to .//home/khw/Projects/pumafabrics/pumafabrics/puma_adapted/results/mujoco_kuka_simple_line0/images/primitive_0_iter_4000.pdf...
Metrics sum: 0.11548147240378161 ; Number of unsuccessful trajectories: 64
4000 Total cost: 6.735206170560559e-06
4010 Total cost: 7.200553227448836e-06
4020 Total cost: 6.309669515758287e-06
4030 Total cost: 7.993579856702127e-06
4040 Total cost: 8.05126182967797e-06
4050 Total cost: 7.791295502102003e-06
4060 Total cost: 6.636783837166149e-06
4070 Total cost: 7.456599632860161e-06
4080 Total cost: 9.404138836544007e-06
4090 Total cost: 7.436972282448551e-06
4100 Total cost: 7.259486665134318e-06
4110 Total cost: 7.247419034683844e-06
4120 Total cost: 8.259808964794502e-06
4130 Total cost: 6.541715265484527e-06
4140 Total cost: 7.300478955585277e-06
4150 Total cost: 7.544306754425634e-06
4160 Total cost: 7.457106221409049e-06
4170 Total cost: 7.916860340628773e-06
4180 Total cost: 8.565280040784273e-06
4190 Total cost: 8.2082015069318e-06
4200 Total cost: 7.1492349889012985e-06
4210 Total cost: 8.006964890228119e-06
4220 Total cost: 7.494952114939224e-06
4230 Total cost: 6.912771823408548e-06
4240 Total cost: 5.909175797569333e-06
4250 Total cost: 7.470588570868131e-06
4260 Total cost: 8.480919859721325e-06
4270 Total cost: 8.847683602652978e-06
4280 Total cost: 8.672347576066386e-06
4290 Total cost: 8.018103471840732e-06
4300 Total cost: 8.054661520873196e-06
4310 Total cost: 7.80584741733037e-06
4320 Total cost: 9.132521881838329e-06
4330 Total cost: 6.668589321634499e-06
4340 Total cost: 6.178527655720245e-06
4350 Total cost: 7.184034984675236e-06
4360 Total cost: 9.422245057066903e-06
4370 Total cost: 8.294868166558444e-06
4380 Total cost: 9.25447056943085e-06
4390 Total cost: 7.254395313793793e-06
4400 Total cost: 7.0049195528554264e-06
4410 Total cost: 4.829939825867768e-06
4420 Total cost: 6.374520580720855e-06
4430 Total cost: 6.59718671158771e-06
4440 Total cost: 7.576821190014016e-06
4450 Total cost: 1.0830764040292706e-05
4460 Total cost: 7.534079486504197e-06
4470 Total cost: 6.7857363319490105e-06
4480 Total cost: 8.160686775227077e-06
4490 Total cost: 8.263350537163205e-06
4500 Total cost: 6.644840595981805e-06
4510 Total cost: 6.269341611186974e-06
4520 Total cost: 9.229745955963153e-06
4530 Total cost: 9.504247827862855e-06
4540 Total cost: 7.605974587931996e-06
4550 Total cost: 7.83750419941498e-06
4560 Total cost: 7.289834684343077e-06
4570 Total cost: 8.536118912161328e-06
4580 Total cost: 8.530073500878643e-06
4590 Total cost: 7.061836186039727e-06
4600 Total cost: 6.6562242864165455e-06
4610 Total cost: 6.838908575446112e-06
4620 Total cost: 7.235091288748663e-06
4630 Total cost: 6.582396508747479e-06
4640 Total cost: 6.101855888118735e-06
4650 Total cost: 6.032662895449903e-06
4660 Total cost: 6.9128609538893215e-06
4670 Total cost: 7.085223842295818e-06
4680 Total cost: 7.010124591033673e-06
4690 Total cost: 6.1672672018175945e-06
4700 Total cost: 6.802668849559268e-06
4710 Total cost: 1.0653252502379473e-05
4720 Total cost: 8.31622128316667e-06
4730 Total cost: 6.911564923939295e-06
4740 Total cost: 7.8562898124801e-06
4750 Total cost: 8.747761057747994e-06
4760 Total cost: 7.251884198922198e-06
4770 Total cost: 8.152781447279267e-06
4780 Total cost: 6.438192031055223e-06
4790 Total cost: 7.23286348147667e-06
4800 Total cost: 7.439445653290022e-06
4810 Total cost: 6.457275048887823e-06
4820 Total cost: 7.795924830134027e-06
4830 Total cost: 8.144348612404428e-06
4840 Total cost: 8.186474588001147e-06
4850 Total cost: 7.473561254300876e-06
4860 Total cost: 7.2302464104723185e-06
4870 Total cost: 6.449071406677831e-06
4880 Total cost: 4.957811597705586e-06
4890 Total cost: 7.168495358200744e-06
4900 Total cost: 6.716076313750818e-06
4910 Total cost: 7.071012078085914e-06
4920 Total cost: 7.044427093205741e-06
4930 Total cost: 9.609545486455318e-06
4940 Total cost: 7.613084562763106e-06
4950 Total cost: 6.9595153036061674e-06
4960 Total cost: 6.777990620321361e-06
4970 Total cost: 5.268379936751444e-06
4980 Total cost: 7.297814136109082e-06
4990 Total cost: 7.691456630709581e-06
Calculating RMSE; trajectory: 1
Calculating RMSE; trajectory: 2
Calculating RMSE; trajectory: 3
Calculating RMSE; trajectory: 4
Calculating RMSE; trajectory: 5
Calculating RMSE; trajectory: 6
Calculating RMSE; trajectory: 7
Calculating RMSE; trajectory: 8
Calculating RMSE; trajectory: 9
Calculating RMSE; trajectory: 10
Calculating RMSE; trajectory: 11
Calculating RMSE; trajectory: 12
Calculating RMSE; trajectory: 13
Calculating RMSE; trajectory: 14
Calculating RMSE; trajectory: 15
Calculating dynamic time warping distance; trajectory: 1
Calculating dynamic time warping distance; trajectory: 2
Calculating dynamic time warping distance; trajectory: 3
Calculating dynamic time warping distance; trajectory: 4
Calculating dynamic time warping distance; trajectory: 5
Calculating dynamic time warping distance; trajectory: 6
Calculating dynamic time warping distance; trajectory: 7
Calculating dynamic time warping distance; trajectory: 8
/home/khw/Projects/pumafabrics/pumafabrics/puma_adapted/evaluation/evaluate_nd.py:20: VisibleDeprecationWarning: Creating an ndarray from ragged nested sequences (which is a list-or-tuple of lists-or-tuples-or ndarrays with different lengths or shapes) is deprecated. If you meant to do this, you must specify 'dtype=object' when creating the ndarray.
  delta_t_history = np.array(self.delta_t_eval)
/home/khw/Projects/pumafabrics/pumafabrics/puma_adapted/evaluation/evaluate_nd.py:20: VisibleDeprecationWarning: Creating an ndarray from ragged nested sequences (which is a list-or-tuple of lists-or-tuples-or ndarrays with different lengths or shapes) is deprecated. If you meant to do this, you must specify 'dtype=object' when creating the ndarray.
  delta_t_history = np.array(self.delta_t_eval)
Calculating dynamic time warping distance; trajectory: 9
Calculating dynamic time warping distance; trajectory: 10
Calculating dynamic time warping distance; trajectory: 11
Calculating dynamic time warping distance; trajectory: 12
Calculating dynamic time warping distance; trajectory: 13
Calculating dynamic time warping distance; trajectory: 14
Calculating dynamic time warping distance; trajectory: 15
Calculating Frechet distance; trajectory: 1
Calculating Frechet distance; trajectory: 2
Calculating Frechet distance; trajectory: 3
Calculating Frechet distance; trajectory: 4
Calculating Frechet distance; trajectory: 5
Calculating Frechet distance; trajectory: 6
Calculating Frechet distance; trajectory: 7
Calculating Frechet distance; trajectory: 8
Calculating Frechet distance; trajectory: 9
Calculating Frechet distance; trajectory: 10
Calculating Frechet distance; trajectory: 11
Calculating Frechet distance; trajectory: 12
Calculating Frechet distance; trajectory: 13
Calculating Frechet distance; trajectory: 14
Calculating Frechet distance; trajectory: 15
Saving image to .//home/khw/Projects/pumafabrics/pumafabrics/puma_adapted/results/mujoco_kuka_simple_line0/images/primitive_0_iter_5000.pdf...
Metrics sum: 0.1615200761826155 ; Number of unsuccessful trajectories: 64
5000 Total cost: 5.685384167009033e-06
5010 Total cost: 7.366917088802438e-06
5020 Total cost: 7.827084118616767e-06
5030 Total cost: 7.526085028075613e-06
5040 Total cost: 9.627774488762952e-06
5050 Total cost: 7.759361324133351e-06
5060 Total cost: 8.062705092015676e-06
5070 Total cost: 8.168751264747698e-06
5080 Total cost: 5.8487803471507505e-06
5090 Total cost: 5.847219654242508e-06
5100 Total cost: 6.532687621074729e-06
5110 Total cost: 7.012027253949782e-06
5120 Total cost: 7.1806443884270266e-06
5130 Total cost: 8.941885425883811e-06
5140 Total cost: 8.28877637104597e-06
5150 Total cost: 7.093308340699878e-06
5160 Total cost: 6.56585325486958e-06
5170 Total cost: 7.4637564466684125e-06
5180 Total cost: 5.64439960726304e-06
5190 Total cost: 7.409310910588829e-06
5200 Total cost: 9.064096047950443e-06
5210 Total cost: 8.003278708201833e-06
5220 Total cost: 6.516451321658678e-06
5230 Total cost: 1.3019220205023885e-05
5240 Total cost: 9.45000647334382e-06
5250 Total cost: 7.34420791559387e-06
5260 Total cost: 9.66194875218207e-06
5270 Total cost: 9.065184713108465e-06
5280 Total cost: 7.777352948323824e-06
5290 Total cost: 5.779256298410473e-06
5300 Total cost: 7.2734401328489184e-06
5310 Total cost: 6.960510290809907e-06
5320 Total cost: 5.679702553607058e-06
5330 Total cost: 6.015839971951209e-06
5340 Total cost: 8.009923476492986e-06
5350 Total cost: 6.266352102102246e-06
5360 Total cost: 6.1884875321993604e-06
5370 Total cost: 5.620103365799878e-06
5380 Total cost: 6.901800588821061e-06
5390 Total cost: 5.875120223208796e-06
5400 Total cost: 6.827373908890877e-06
5410 Total cost: 5.8915611589327455e-06
5420 Total cost: 4.765866833622567e-06
5430 Total cost: 6.583410140592605e-06
5440 Total cost: 8.02939302957384e-06
5450 Total cost: 8.484161298838444e-06
5460 Total cost: 5.200572104513412e-06
5470 Total cost: 7.106118118826998e-06
5480 Total cost: 5.765146397607168e-06
5490 Total cost: 6.300715085671982e-06
5500 Total cost: 7.1824993028712925e-06
5510 Total cost: 8.437263204541523e-06
5520 Total cost: 7.589080269099213e-06
5530 Total cost: 8.19540218799375e-06
5540 Total cost: 9.22722574614454e-06
5550 Total cost: 2.204815245931968e-05
5560 Total cost: 2.3414000679622404e-05
5570 Total cost: 4.8368550778832287e-05
5580 Total cost: 2.673998096724972e-05
5590 Total cost: 1.9107465050183237e-05
5600 Total cost: 6.033737736288458e-05
5610 Total cost: 8.350770076503977e-05
5620 Total cost: 2.506612509023398e-05
5630 Total cost: 0.00011975967208854854
5640 Total cost: 6.086275607231073e-05
5650 Total cost: 9.210372809320688e-05
5660 Total cost: 4.715825343737379e-05
5670 Total cost: 2.9352810088312253e-05
5680 Total cost: 2.1988364096614532e-05
5690 Total cost: 5.975876047159545e-05
5700 Total cost: 1.6414254787378013e-05
5710 Total cost: 1.2164385225332808e-05
5720 Total cost: 2.1602339984383434e-05
5730 Total cost: 1.7164256860269234e-05
5740 Total cost: 1.454801531508565e-05
5750 Total cost: 5.18774104421027e-05
5760 Total cost: 5.515303200809285e-05
5770 Total cost: 1.9850986063829623e-05
5780 Total cost: 0.00014718013699166477
5790 Total cost: 1.627249912417028e-05
5800 Total cost: 1.6345098629244603e-05
5810 Total cost: 1.370715835946612e-05
5820 Total cost: 1.8179714970756322e-05
5830 Total cost: 1.608282036613673e-05
5840 Total cost: 1.3822012078890111e-05
5850 Total cost: 1.2212045476189815e-05
5860 Total cost: 1.511681875854265e-05
5870 Total cost: 1.2452012015273795e-05
5880 Total cost: 1.3891868547943886e-05
5890 Total cost: 1.2456324839149602e-05
5900 Total cost: 1.140054882853292e-05
5910 Total cost: 1.3855815268470906e-05
5920 Total cost: 1.0356647180742584e-05
5930 Total cost: 2.7846421289723366e-05
5940 Total cost: 1.1970062587352004e-05
5950 Total cost: 1.176228397525847e-05
5960 Total cost: 1.088906719814986e-05
5970 Total cost: 9.55856103246333e-06
5980 Total cost: 9.659982424636837e-06
5990 Total cost: 1.2674936442635953e-05
Calculating RMSE; trajectory: 1
Calculating RMSE; trajectory: 2
Calculating RMSE; trajectory: 3
Calculating RMSE; trajectory: 4
Calculating RMSE; trajectory: 5
Calculating RMSE; trajectory: 6
Calculating RMSE; trajectory: 7
Calculating RMSE; trajectory: 8
Calculating RMSE; trajectory: 9
Calculating RMSE; trajectory: 10
Calculating RMSE; trajectory: 11
Calculating RMSE; trajectory: 12
Calculating RMSE; trajectory: 13
Calculating RMSE; trajectory: 14
Calculating RMSE; trajectory: 15
Calculating dynamic time warping distance; trajectory: 1
Calculating dynamic time warping distance; trajectory: 2
Calculating dynamic time warping distance; trajectory: 3
Calculating dynamic time warping distance; trajectory: 4
Calculating dynamic time warping distance; trajectory: 5
Calculating dynamic time warping distance; trajectory: 6
Calculating dynamic time warping distance; trajectory: 7
Calculating dynamic time warping distance; trajectory: 8
Calculating dynamic time warping distance; trajectory: 9
Calculating dynamic time warping distance; trajectory: 10
Calculating dynamic time warping distance; trajectory: 11
Calculating dynamic time warping distance; trajectory: 12
Calculating dynamic time warping distance; trajectory: 13
Calculating dynamic time warping distance; trajectory: 14
Calculating dynamic time warping distance; trajectory: 15
Calculating Frechet distance; trajectory: 1
Calculating Frechet distance; trajectory: 2
Calculating Frechet distance; trajectory: 3
Calculating Frechet distance; trajectory: 4
Calculating Frechet distance; trajectory: 5
Calculating Frechet distance; trajectory: 6
Calculating Frechet distance; trajectory: 7
Calculating Frechet distance; trajectory: 8
Calculating Frechet distance; trajectory: 9
Calculating Frechet distance; trajectory: 10
Calculating Frechet distance; trajectory: 11
Calculating Frechet distance; trajectory: 12
Calculating Frechet distance; trajectory: 13
Calculating Frechet distance; trajectory: 14
Calculating Frechet distance; trajectory: 15
Saving image to .//home/khw/Projects/pumafabrics/pumafabrics/puma_adapted/results/mujoco_kuka_simple_line0/images/primitive_0_iter_6000.pdf...
Metrics sum: 0.12828559455835556 ; Number of unsuccessful trajectories: 64
6000 Total cost: 9.780246728041675e-06
6010 Total cost: 1.0201718396274373e-05
6020 Total cost: 1.1174894098076038e-05
6030 Total cost: 1.0869856851059012e-05
6040 Total cost: 1.1455209460109472e-05
6050 Total cost: 1.019548926706193e-05
6060 Total cost: 8.731965863262303e-06
6070 Total cost: 1.0817860129463952e-05
6080 Total cost: 9.36533797357697e-06
6090 Total cost: 1.016777787299361e-05
6100 Total cost: 9.609135304344818e-06
6110 Total cost: 9.770183169166557e-06
6120 Total cost: 1.1152736988151446e-05
6130 Total cost: 1.0402821317256894e-05
6140 Total cost: 4.6068322262726724e-05
6150 Total cost: 1.3083280464343261e-05
6160 Total cost: 8.884608178050257e-06
6170 Total cost: 1.1263369742664509e-05
6180 Total cost: 8.72604414325906e-06
/home/khw/Projects/pumafabrics/pumafabrics/puma_adapted/evaluation/evaluate_nd.py:20: VisibleDeprecationWarning: Creating an ndarray from ragged nested sequences (which is a list-or-tuple of lists-or-tuples-or ndarrays with different lengths or shapes) is deprecated. If you meant to do this, you must specify 'dtype=object' when creating the ndarray.
  delta_t_history = np.array(self.delta_t_eval)
6190 Total cost: 9.731480531627312e-06
6200 Total cost: 1.2742001672449987e-05
6210 Total cost: 1.4614446627092548e-05
6220 Total cost: 1.597207665327005e-05
6230 Total cost: 1.1159942914673593e-05
6240 Total cost: 1.2031300684611779e-05
6250 Total cost: 1.071799033525167e-05
6260 Total cost: 1.1336054740240797e-05
6270 Total cost: 9.540841347188689e-06
6280 Total cost: 9.95641494228039e-06
6290 Total cost: 1.0328115422453266e-05
6300 Total cost: 1.0688479051168542e-05
6310 Total cost: 1.1731041013263166e-05
6320 Total cost: 9.964483979274519e-06
6330 Total cost: 9.27007567952387e-06
6340 Total cost: 9.219678759109229e-06
6350 Total cost: 8.625198461231776e-06
6360 Total cost: 1.0160947567783296e-05
6370 Total cost: 9.984263670048676e-06
6380 Total cost: 1.0579507033980917e-05
6390 Total cost: 1.080176116374787e-05
6400 Total cost: 9.803172360989265e-06
6410 Total cost: 8.957699719758239e-06
6420 Total cost: 8.758754120208323e-06
6430 Total cost: 1.075724412658019e-05
6440 Total cost: 1.0641686458257027e-05
6450 Total cost: 9.803218745219056e-06
6460 Total cost: 7.577029464300722e-06
6470 Total cost: 1.136447099270299e-05
6480 Total cost: 9.30226087803021e-06
6490 Total cost: 9.442497685085982e-06
6500 Total cost: 1.1327653737680521e-05
6510 Total cost: 9.83282097877236e-06
6520 Total cost: 1.0775875125546008e-05
6530 Total cost: 1.026861627906328e-05
6540 Total cost: 8.65935544425156e-06
6550 Total cost: 7.912978617241606e-06
6560 Total cost: 8.311264537042007e-06
6570 Total cost: 9.691741070128046e-06
6580 Total cost: 9.288090041081887e-06
6590 Total cost: 1.0705161912483163e-05
6600 Total cost: 1.157489441538928e-05
6610 Total cost: 1.1514621292008087e-05
6620 Total cost: 9.59939461608883e-06
6630 Total cost: 9.921744094754104e-06
6640 Total cost: 8.500443982484285e-06
6650 Total cost: 8.650712516100612e-06
6660 Total cost: 8.381503903365228e-06
6670 Total cost: 9.393990694661625e-06
6680 Total cost: 8.656792488181964e-06
6690 Total cost: 8.270492799056228e-06
6700 Total cost: 1.004091973300092e-05
6710 Total cost: 9.902215424517635e-06
6720 Total cost: 9.614812370273285e-06
6730 Total cost: 1.1216764505661558e-05
6740 Total cost: 1.025207711791154e-05
6750 Total cost: 8.27276653581066e-06
6760 Total cost: 9.39105939323781e-06
6770 Total cost: 9.998945643019397e-06
6780 Total cost: 1.132955640059663e-05
6790 Total cost: 1.0388213922851719e-05
6800 Total cost: 9.443284398003016e-06
6810 Total cost: 7.4630438575695734e-06
6820 Total cost: 1.0118985301232897e-05
6830 Total cost: 1.0263627700624056e-05
6840 Total cost: 9.33469709707424e-06
6850 Total cost: 1.1211308446945623e-05
6860 Total cost: 9.459279681323096e-06
6870 Total cost: 8.71835982252378e-06
6880 Total cost: 8.834902473608963e-06
6890 Total cost: 9.75242437561974e-06
6900 Total cost: 8.777862603892572e-06
6910 Total cost: 1.125444941862952e-05
6920 Total cost: 8.530467312084511e-06
6930 Total cost: 1.0421586921438575e-05
6940 Total cost: 8.576794243708719e-06
6950 Total cost: 8.573386367061175e-06
6960 Total cost: 9.55094765231479e-06
6970 Total cost: 9.479303116677329e-06
6980 Total cost: 9.57081556407502e-06
6990 Total cost: 9.526702342554927e-06
Calculating RMSE; trajectory: 1
Calculating RMSE; trajectory: 2
Calculating RMSE; trajectory: 3
Calculating RMSE; trajectory: 4
Calculating RMSE; trajectory: 5
Calculating RMSE; trajectory: 6
Calculating RMSE; trajectory: 7
Calculating RMSE; trajectory: 8
Calculating RMSE; trajectory: 9
Calculating RMSE; trajectory: 10
Calculating RMSE; trajectory: 11
Calculating RMSE; trajectory: 12
Calculating RMSE; trajectory: 13
Calculating RMSE; trajectory: 14
Calculating RMSE; trajectory: 15
Calculating dynamic time warping distance; trajectory: 1
Calculating dynamic time warping distance; trajectory: 2
Calculating dynamic time warping distance; trajectory: 3
Calculating dynamic time warping distance; trajectory: 4
Calculating dynamic time warping distance; trajectory: 5
Calculating dynamic time warping distance; trajectory: 6
Calculating dynamic time warping distance; trajectory: 7
Calculating dynamic time warping distance; trajectory: 8
Calculating dynamic time warping distance; trajectory: 9
Calculating dynamic time warping distance; trajectory: 10
Calculating dynamic time warping distance; trajectory: 11
Calculating dynamic time warping distance; trajectory: 12
Calculating dynamic time warping distance; trajectory: 13
Calculating dynamic time warping distance; trajectory: 14
Calculating dynamic time warping distance; trajectory: 15
Calculating Frechet distance; trajectory: 1
Calculating Frechet distance; trajectory: 2
Calculating Frechet distance; trajectory: 3
Calculating Frechet distance; trajectory: 4
Calculating Frechet distance; trajectory: 5
Calculating Frechet distance; trajectory: 6
Calculating Frechet distance; trajectory: 7
Calculating Frechet distance; trajectory: 8
Calculating Frechet distance; trajectory: 9
Calculating Frechet distance; trajectory: 10
Calculating Frechet distance; trajectory: 11
Calculating Frechet distance; trajectory: 12
Calculating Frechet distance; trajectory: 13
Calculating Frechet distance; trajectory: 14
Calculating Frechet distance; trajectory: 15
Saving image to .//home/khw/Projects/pumafabrics/pumafabrics/puma_adapted/results/mujoco_kuka_simple_line0/images/primitive_0_iter_7000.pdf...
Metrics sum: 0.13292967382307722 ; Number of unsuccessful trajectories: 64
7000 Total cost: 7.101353730831761e-06
7010 Total cost: 1.0136423952644691e-05
7020 Total cost: 9.037791642185766e-06
7030 Total cost: 1.036238518281607e-05
7040 Total cost: 6.920035048096906e-06
7050 Total cost: 9.733886145113502e-06
7060 Total cost: 1.0814046618179418e-05
7070 Total cost: 8.204580808524042e-06
7080 Total cost: 8.902679837774485e-06
7090 Total cost: 9.014758688863367e-06
7100 Total cost: 8.739913027966395e-06
7110 Total cost: 9.014092938741669e-06
7120 Total cost: 7.712523256486747e-06
7130 Total cost: 7.907114195404574e-06
7140 Total cost: 9.427943950868212e-06
7150 Total cost: 7.097856268956093e-06
7160 Total cost: 7.437672593368916e-06
7170 Total cost: 7.373620519501856e-06
7180 Total cost: 6.666808531008428e-06
7190 Total cost: 8.939270628616214e-06
7200 Total cost: 1.0170981113333255e-05
7210 Total cost: 1.0700359780457802e-05
7220 Total cost: 9.616474017093424e-06
7230 Total cost: 7.842287232051603e-06
7240 Total cost: 8.73249791766284e-06
7250 Total cost: 8.832956154947169e-06
7260 Total cost: 8.413057912548538e-06
7270 Total cost: 8.614631042291876e-06
7280 Total cost: 1.0270916391164064e-05
7290 Total cost: 1.0208343155682087e-05
7300 Total cost: 8.428435648966115e-06
7310 Total cost: 8.174382855941076e-06
7320 Total cost: 7.816983270458877e-06
7330 Total cost: 8.968347174231894e-06
7340 Total cost: 8.963157597463578e-06
7350 Total cost: 8.309795703098644e-06
7360 Total cost: 1.0254520020680502e-05
7370 Total cost: 1.0254607332171872e-05
7380 Total cost: 7.834977623133454e-06
7390 Total cost: 7.710075806244276e-06
7400 Total cost: 8.507222446496598e-06
7410 Total cost: 7.501428171963198e-06
7420 Total cost: 7.830572940292768e-06
7430 Total cost: 8.057147169893142e-06
7440 Total cost: 8.042139597819187e-06
7450 Total cost: 7.180727152444888e-06
7460 Total cost: 7.2646844273549505e-06
7470 Total cost: 9.597099051461555e-06
7480 Total cost: 1.0163730621570721e-05
7490 Total cost: 2.2106167307356372e-05
7500 Total cost: 7.93186882219743e-06
7510 Total cost: 7.932133485155646e-06
7520 Total cost: 9.84215694188606e-06
7530 Total cost: 9.716583917906974e-06
7540 Total cost: 8.415868251177017e-06
7550 Total cost: 7.831085895304568e-06
7560 Total cost: 7.191092663560994e-06
7570 Total cost: 8.351964424946345e-06
7580 Total cost: 8.040851753321476e-06
7590 Total cost: 8.43939051264897e-06
7600 Total cost: 8.184395483112894e-06
7610 Total cost: 8.16912688605953e-06
7620 Total cost: 9.528317605145276e-06
7630 Total cost: 7.765966074657626e-06
7640 Total cost: 7.855306648707483e-06
7650 Total cost: 9.297109500039369e-06
7660 Total cost: 7.837734301574528e-06
7670 Total cost: 8.950139999797102e-06
7680 Total cost: 7.2124071266443934e-06
7690 Total cost: 9.127979865297675e-06
7700 Total cost: 7.277337772393366e-06
7710 Total cost: /home/khw/Projects/pumafabrics/pumafabrics/puma_adapted/evaluation/evaluate_nd.py:20: VisibleDeprecationWarning: Creating an ndarray from ragged nested sequences (which is a list-or-tuple of lists-or-tuples-or ndarrays with different lengths or shapes) is deprecated. If you meant to do this, you must specify 'dtype=object' when creating the ndarray.
  delta_t_history = np.array(self.delta_t_eval)
7.832182745914906e-06
7720 Total cost: 6.950994247745257e-06
7730 Total cost: 7.892879693827126e-06
7740 Total cost: 8.174810318450909e-06
7750 Total cost: 1.0575882697594352e-05
7760 Total cost: 1.3963208402856253e-05
7770 Total cost: 1.236904336110456e-05
7780 Total cost: 8.032631740206853e-06
7790 Total cost: 7.187132723629475e-06
7800 Total cost: 7.673832442378625e-06
7810 Total cost: 9.967742698790971e-06
7820 Total cost: 1.0178826414630748e-05
7830 Total cost: 8.633176548755728e-06
7840 Total cost: 7.521299266954884e-06
7850 Total cost: 6.310210210358491e-06
7860 Total cost: 8.348902156285476e-06
7870 Total cost: 7.5487496360437945e-06
7880 Total cost: 8.236891517299227e-06
7890 Total cost: 6.930073141120374e-06
7900 Total cost: 1.9645380234578624e-05
7910 Total cost: 1.0024642506323289e-05
7920 Total cost: 8.977597644843627e-06
7930 Total cost: 9.411925930180587e-06
7940 Total cost: 1.0379203558841255e-05
7950 Total cost: 7.613047273480333e-06
7960 Total cost: 6.401725386240287e-06
7970 Total cost: 6.794368346163537e-06
7980 Total cost: 6.924976332811639e-06
7990 Total cost: 7.4285135269747116e-06
Calculating RMSE; trajectory: 1
Calculating RMSE; trajectory: 2
Calculating RMSE; trajectory: 3
Calculating RMSE; trajectory: 4
Calculating RMSE; trajectory: 5
Calculating RMSE; trajectory: 6
Calculating RMSE; trajectory: 7
Calculating RMSE; trajectory: 8
Calculating RMSE; trajectory: 9
Calculating RMSE; trajectory: 10
Calculating RMSE; trajectory: 11
Calculating RMSE; trajectory: 12
Calculating RMSE; trajectory: 13
Calculating RMSE; trajectory: 14
Calculating RMSE; trajectory: 15
Calculating dynamic time warping distance; trajectory: 1
Calculating dynamic time warping distance; trajectory: 2
Calculating dynamic time warping distance; trajectory: 3
Calculating dynamic time warping distance; trajectory: 4
Calculating dynamic time warping distance; trajectory: 5
Calculating dynamic time warping distance; trajectory: 6
Calculating dynamic time warping distance; trajectory: 7
Calculating dynamic time warping distance; trajectory: 8
Calculating dynamic time warping distance; trajectory: 9
Calculating dynamic time warping distance; trajectory: 10
Calculating dynamic time warping distance; trajectory: 11
Calculating dynamic time warping distance; trajectory: 12
Calculating dynamic time warping distance; trajectory: 13
Calculating dynamic time warping distance; trajectory: 14
Calculating dynamic time warping distance; trajectory: 15
Calculating Frechet distance; trajectory: 1
Calculating Frechet distance; trajectory: 2
Calculating Frechet distance; trajectory: 3
Calculating Frechet distance; trajectory: 4
Calculating Frechet distance; trajectory: 5
Calculating Frechet distance; trajectory: 6
Calculating Frechet distance; trajectory: 7
Calculating Frechet distance; trajectory: 8
Calculating Frechet distance; trajectory: 9
Calculating Frechet distance; trajectory: 10
Calculating Frechet distance; trajectory: 11
Calculating Frechet distance; trajectory: 12
Calculating Frechet distance; trajectory: 13
Calculating Frechet distance; trajectory: 14
Calculating Frechet distance; trajectory: 15
Saving image to .//home/khw/Projects/pumafabrics/pumafabrics/puma_adapted/results/mujoco_kuka_simple_line0/images/primitive_0_iter_8000.pdf...
Metrics sum: 0.11964417363083259 ; Number of unsuccessful trajectories: 64
8000 Total cost: 9.028512067743577e-06
8010 Total cost: 8.253095074906014e-06
8020 Total cost: 8.0575364336255e-06
8030 Total cost: 7.807765541656408e-06
8040 Total cost: 8.149842869897839e-06
8050 Total cost: 7.822906809451524e-06
8060 Total cost: 8.686324690643232e-06
8070 Total cost: 7.747559720883146e-06
8080 Total cost: 8.539995178580284e-06
8090 Total cost: 7.576317329949234e-06
8100 Total cost: 7.937343980302103e-06
8110 Total cost: 1.2538113878690638e-05
8120 Total cost: 9.685483746579848e-06
8130 Total cost: 7.942678166728001e-06
8140 Total cost: 7.92332775745308e-06
8150 Total cost: 9.515667443338316e-06
8160 Total cost: 7.0459500420838594e-06
8170 Total cost: 8.369755960302427e-06
8180 Total cost: 6.958807261980837e-06
8190 Total cost: 7.47192189010093e-06
8200 Total cost: 8.079516192083247e-06
8210 Total cost: 6.661784027528483e-06
8220 Total cost: 5.65531081520021e-06
8230 Total cost: 7.046284281386761e-06
8240 Total cost: 8.047447408898734e-06
8250 Total cost: 1.1014639312634245e-05
8260 Total cost: 8.262060873676091e-06
8270 Total cost: 8.079018698481377e-06
8280 Total cost: 7.746419214527123e-06
8290 Total cost: 9.056233466253616e-06
8300 Total cost: 8.427683496847749e-06
8310 Total cost: 8.02032354840776e-06
8320 Total cost: 6.7789833337883465e-06
8330 Total cost: 1.0212569577561226e-05
8340 Total cost: 8.582452210248448e-06
8350 Total cost: 9.844196029007435e-06
8360 Total cost: 8.672895091876853e-06
8370 Total cost: 8.3914928836748e-06
8380 Total cost: 8.001561582204886e-06
8390 Total cost: 6.831290647824062e-06
8400 Total cost: 9.070589840121102e-06
8410 Total cost: 8.56338010635227e-06
8420 Total cost: 7.723647286184132e-06
8430 Total cost: 1.0063165973406285e-05
8440 Total cost: 1.0375619240221567e-05
8450 Total cost: 8.134647941915318e-06
8460 Total cost: 9.42861515795812e-06
8470 Total cost: 8.416191121796146e-06
8480 Total cost: 6.087764631956816e-06
8490 Total cost: 7.3241872087237425e-06
8500 Total cost: 9.463627975492273e-06
8510 Total cost: 6.626885806326754e-06
8520 Total cost: 7.122892384359147e-06
8530 Total cost: 8.533103027730249e-06
8540 Total cost: 7.898644071246963e-06
8550 Total cost: 6.862620466563385e-06
8560 Total cost: 8.308820724778343e-06
8570 Total cost: 7.38108155928785e-06
8580 Total cost: 7.478750831069192e-06
8590 Total cost: 7.822060069884174e-06
8600 Total cost: 8.322905159729999e-06
8610 Total cost: 7.940509931358974e-06
8620 Total cost: 7.4705217230075505e-06
8630 Total cost: 9.393694199388847e-06
8640 Total cost: 7.942760930745862e-06
8650 Total cost: 6.6631937443162315e-06
8660 Total cost: 8.682900443091057e-06
8670 Total cost: 7.031897894194117e-06
8680 Total cost: 1.0944072528218385e-05
8690 Total cost: 8.477568371745292e-06
8700 Total cost: 8.427417924394831e-06
8710 Total cost: 9.273236173612531e-06
8720 Total cost: 8.744411388761364e-06
8730 Total cost: 6.879098691570107e-06
8740 Total cost: 1.1125654964416754e-05
8750 Total cost: 7.5774396464112215e-06
8760 Total cost: 7.889366315794177e-06
8770 Total cost: 7.1616955210629385e-06
8780 Total cost: 8.287292075692676e-06
8790 Total cost: 7.3185756264138035e-06
8800 Total cost: 6.48819650450605e-06
8810 Total cost: 1.4870556697132997e-05
8820 Total cost: 9.062418030225672e-06
8830 Total cost: 9.058365321834572e-06
8840 Total cost: 1.0590190868242644e-05
8850 Total cost: 7.1108843258116394e-06
8860 Total cost: 7.585651474073529e-06
8870 Total cost: 7.189809366536792e-06
8880 Total cost: 7.680656381126028e-06
8890 Total cost: 7.985747288330458e-06
8900 Total cost: 6.1369428294710815e-06
8910 Total cost: 7.621547410963103e-06
8920 Total cost: 7.4458966992096975e-06
8930 Total cost: 1.762839747243561e-05
8940 Total cost: 1.2881216207460966e-05
8950 Total cost: 1.126473489421187e-05
8960 Total cost: 8.42433473735582e-06
8970 Total cost: 8.945778063207399e-06
8980 Total cost: 9.642923942010384e-06
8990 Total cost: 7.271244157891488e-06
Calculating RMSE; trajectory: 1
Calculating RMSE; trajectory: 2
Calculating RMSE; trajectory: 3
Calculating RMSE; trajectory: 4
Calculating RMSE; trajectory: 5
Calculating RMSE; trajectory: 6
Calculating RMSE; trajectory: 7
Calculating RMSE; trajectory: 8
Calculating RMSE; trajectory: 9
Calculating RMSE; trajectory: 10
Calculating RMSE; trajectory: 11
Calculating RMSE; trajectory: 12
Calculating RMSE; trajectory: 13
Calculating RMSE; trajectory: 14
Calculating RMSE; trajectory: 15
Calculating dynamic time warping distance; trajectory: 1
Calculating dynamic time warping distance; trajectory: 2
Calculating dynamic time warping distance; trajectory: 3
Calculating dynamic time warping distance; trajectory: 4
Calculating dynamic time warping distance; trajectory: 5
Calculating dynamic time warping distance; trajectory: 6
Calculating dynamic time warping distance; trajectory: 7
/home/khw/Projects/pumafabrics/pumafabrics/puma_adapted/evaluation/evaluate_nd.py:20: VisibleDeprecationWarning: Creating an ndarray from ragged nested sequences (which is a list-or-tuple of lists-or-tuples-or ndarrays with different lengths or shapes) is deprecated. If you meant to do this, you must specify 'dtype=object' when creating the ndarray.
  delta_t_history = np.array(self.delta_t_eval)
/home/khw/Projects/pumafabrics/pumafabrics/puma_adapted/evaluation/evaluate_nd.py:20: VisibleDeprecationWarning: Creating an ndarray from ragged nested sequences (which is a list-or-tuple of lists-or-tuples-or ndarrays with different lengths or shapes) is deprecated. If you meant to do this, you must specify 'dtype=object' when creating the ndarray.
  delta_t_history = np.array(self.delta_t_eval)
Calculating dynamic time warping distance; trajectory: 8
Calculating dynamic time warping distance; trajectory: 9
Calculating dynamic time warping distance; trajectory: 10
Calculating dynamic time warping distance; trajectory: 11
Calculating dynamic time warping distance; trajectory: 12
Calculating dynamic time warping distance; trajectory: 13
Calculating dynamic time warping distance; trajectory: 14
Calculating dynamic time warping distance; trajectory: 15
Calculating Frechet distance; trajectory: 1
Calculating Frechet distance; trajectory: 2
Calculating Frechet distance; trajectory: 3
Calculating Frechet distance; trajectory: 4
Calculating Frechet distance; trajectory: 5
Calculating Frechet distance; trajectory: 6
Calculating Frechet distance; trajectory: 7
Calculating Frechet distance; trajectory: 8
Calculating Frechet distance; trajectory: 9
Calculating Frechet distance; trajectory: 10
Calculating Frechet distance; trajectory: 11
Calculating Frechet distance; trajectory: 12
Calculating Frechet distance; trajectory: 13
Calculating Frechet distance; trajectory: 14
Calculating Frechet distance; trajectory: 15
Saving image to .//home/khw/Projects/pumafabrics/pumafabrics/puma_adapted/results/mujoco_kuka_simple_line0/images/primitive_0_iter_9000.pdf...
Metrics sum: 0.09774018696248997 ; Number of unsuccessful trajectories: 64
9000 Total cost: 9.543715350446291e-06
9010 Total cost: 8.104327207547612e-06
9020 Total cost: 8.192993846023455e-06
9030 Total cost: 8.298673492390662e-06
9040 Total cost: 6.583100912394002e-06
9050 Total cost: 7.905094207671937e-06
9060 Total cost: 6.992063845245866e-06
9070 Total cost: 8.098286343738437e-06
9080 Total cost: 8.439104931312613e-06
9090 Total cost: 7.946483492560219e-06
9100 Total cost: 7.077838290570071e-06
9110 Total cost: 7.215249752334785e-06
9120 Total cost: 8.392778909183107e-06
9130 Total cost: 6.8413392000366e-06
9140 Total cost: 9.381139534525573e-06
9150 Total cost: 6.837894943600986e-06
9160 Total cost: 8.122553481371142e-06
9170 Total cost: 6.847342774563003e-06
9180 Total cost: 7.4572717494447716e-06
9190 Total cost: 7.117726909200428e-06
9200 Total cost: 6.515803306683665e-06
9210 Total cost: 8.025986062420998e-06
9220 Total cost: 6.805284101574216e-06
9230 Total cost: 8.225359124480747e-06
9240 Total cost: 7.0126097853062674e-06
9250 Total cost: 5.9230105762253515e-06
9260 Total cost: 6.777504495403264e-06
9270 Total cost: 8.11605787021108e-06
9280 Total cost: 6.2256203818833455e-06
9290 Total cost: 6.772706456104061e-06
9300 Total cost: 9.190653145196848e-06
9310 Total cost: 1.0031233614427038e-05
9320 Total cost: 7.88902889325982e-06
9330 Total cost: 1.1153550076414831e-05
9340 Total cost: 1.566680111864116e-05
9350 Total cost: 2.524908268242143e-05
9360 Total cost: 3.6638193705584854e-05
9370 Total cost: 2.7496791517478414e-05
9380 Total cost: 2.1975085473968647e-05
9390 Total cost: 1.698219966783654e-05
9400 Total cost: 2.0022773242089897e-05
9410 Total cost: 0.00017069606110453606
9420 Total cost: 1.8348213416174985e-05
9430 Total cost: 1.6802447134978138e-05
9440 Total cost: 1.9147497368976474e-05
9450 Total cost: 2.3241116650751792e-05
9460 Total cost: 1.84764176083263e-05
9470 Total cost: 2.994622991536744e-05
9480 Total cost: 2.1244428353384137e-05
9490 Total cost: 1.929210702655837e-05
9500 Total cost: 2.9047314455965534e-05
9510 Total cost: 1.4015007764101028e-05
9520 Total cost: 1.382084155920893e-05
9530 Total cost: 9.579071047483012e-06
9540 Total cost: 1.7097434465540573e-05
9550 Total cost: 1.0060975000669714e-05
9560 Total cost: 1.033505304803839e-05
9570 Total cost: 1.0410527465865016e-05
9580 Total cost: 1.0193600246566348e-05
9590 Total cost: 1.0787314749904908e-05
9600 Total cost: 1.1378186172805727e-05
9610 Total cost: 1.0152112736250274e-05
9620 Total cost: 9.15167765924707e-06
9630 Total cost: 1.0133482646779157e-05
9640 Total cost: 1.1880665624630637e-05
9650 Total cost: 1.0745653526100796e-05
9660 Total cost: 9.952405889634974e-06
9670 Total cost: 9.411380233359523e-06
9680 Total cost: 9.057945135282353e-06
9690 Total cost: 9.145864169113338e-06
9700 Total cost: 1.0849870704987552e-05
9710 Total cost: 1.0018776265496854e-05
9720 Total cost: 1.1798474588431418e-05
9730 Total cost: 9.859693818725646e-06
9740 Total cost: 8.150298526743427e-06
9750 Total cost: 6.641510026383912e-06
9760 Total cost: 8.288917342724744e-06
9770 Total cost: 1.2910077202832326e-05
9780 Total cost: 1.3374737136473414e-05
9790 Total cost: 1.0585365089355037e-05
9800 Total cost: 1.029137183650164e-05
9810 Total cost: 8.074958714132663e-06
9820 Total cost: 1.0995179763995111e-05
9830 Total cost: 9.969792699848767e-06
9840 Total cost: 8.8895030785352e-06
9850 Total cost: 7.875605660956353e-06
9860 Total cost: 8.8638544184505e-06
9870 Total cost: 9.648458217270672e-06
9880 Total cost: 8.642171451356262e-06
9890 Total cost: 8.086931302386802e-06
9900 Total cost: 9.491333912592381e-06
9910 Total cost: 9.893180504150223e-06
9920 Total cost: 7.82106781116454e-06
9930 Total cost: 8.61065745993983e-06
9940 Total cost: 8.676923243911006e-06
9950 Total cost: 9.827143003349192e-06
9960 Total cost: 7.838119017833378e-06
9970 Total cost: 7.057962193357525e-06
9980 Total cost: 9.879038771032356e-06
9990 Total cost: 1.1183394235558808e-05
Calculating RMSE; trajectory: 1
Calculating RMSE; trajectory: 2
Calculating RMSE; trajectory: 3
Calculating RMSE; trajectory: 4
Calculating RMSE; trajectory: 5
Calculating RMSE; trajectory: 6
Calculating RMSE; trajectory: 7
Calculating RMSE; trajectory: 8
Calculating RMSE; trajectory: 9
Calculating RMSE; trajectory: 10
Calculating RMSE; trajectory: 11
Calculating RMSE; trajectory: 12
Calculating RMSE; trajectory: 13
Calculating RMSE; trajectory: 14
Calculating RMSE; trajectory: 15
Calculating dynamic time warping distance; trajectory: 1
Calculating dynamic time warping distance; trajectory: 2
Calculating dynamic time warping distance; trajectory: 3
Calculating dynamic time warping distance; trajectory: 4
Calculating dynamic time warping distance; trajectory: 5
Calculating dynamic time warping distance; trajectory: 6
Calculating dynamic time warping distance; trajectory: 7
Calculating dynamic time warping distance; trajectory: 8
Calculating dynamic time warping distance; trajectory: 9
Calculating dynamic time warping distance; trajectory: 10
Calculating dynamic time warping distance; trajectory: 11
Calculating dynamic time warping distance; trajectory: 12
Calculating dynamic time warping distance; trajectory: 13
Calculating dynamic time warping distance; trajectory: 14
Calculating dynamic time warping distance; trajectory: 15
Calculating Frechet distance; trajectory: 1
Calculating Frechet distance; trajectory: 2
Calculating Frechet distance; trajectory: 3
Calculating Frechet distance; trajectory: 4
Calculating Frechet distance; trajectory: 5
Calculating Frechet distance; trajectory: 6
Calculating Frechet distance; trajectory: 7
Calculating Frechet distance; trajectory: 8
Calculating Frechet distance; trajectory: 9
Calculating Frechet distance; trajectory: 10
Calculating Frechet distance; trajectory: 11
Calculating Frechet distance; trajectory: 12
Calculating Frechet distance; trajectory: 13
Calculating Frechet distance; trajectory: 14
Calculating Frechet distance; trajectory: 15
Saving image to .//home/khw/Projects/pumafabrics/pumafabrics/puma_adapted/results/mujoco_kuka_simple_line0/images/primitive_0_iter_10000.pdf...
Metrics sum: 0.176460777322767 ; Number of unsuccessful trajectories: 64
10000 Total cost: 9.100163879338652e-06
10010 Total cost: 9.491383025306277e-06
10020 Total cost: 8.440154488198459e-06
10030 Total cost: 9.369023246108554e-06
10040 Total cost: 7.559570804005489e-06
10050 Total cost: 8.958677426562645e-06
10060 Total cost: 7.900994205556344e-06
10070 Total cost: 8.39756103232503e-06
10080 Total cost: 1.0460257726663258e-05
10090 Total cost: 1.0466375897522084e-05
10100 Total cost: 1.0218229363090359e-05
10110 Total cost: 1.0947769624181092e-05
10120 Total cost: 9.13275289349258e-06
10130 Total cost: 1.0292019396729302e-05
10140 Total cost: 8.892788173398003e-06
10150 Total cost: 8.2589876910788e-06
10160 Total cost: 8.398001227760687e-06
10170 /home/khw/Projects/pumafabrics/pumafabrics/puma_adapted/evaluation/evaluate_nd.py:20: VisibleDeprecationWarning: Creating an ndarray from ragged nested sequences (which is a list-or-tuple of lists-or-tuples-or ndarrays with different lengths or shapes) is deprecated. If you meant to do this, you must specify 'dtype=object' when creating the ndarray.
  delta_t_history = np.array(self.delta_t_eval)
Total cost: 1.0939007552224211e-05
10180 Total cost: 1.0129629117727745e-05
10190 Total cost: 9.827641406445764e-06
10200 Total cost: 7.54150414650212e-06
10210 Total cost: 1.2587253877427429e-05
10220 Total cost: 1.0708776244428009e-05
10230 Total cost: 8.362138942175079e-06
10240 Total cost: 7.350322448473889e-06
10250 Total cost: 8.050226824707352e-06
10260 Total cost: 7.543118954345118e-06
10270 Total cost: 1.0655588994268328e-05
10280 Total cost: 9.066157872439362e-06
10290 Total cost: 8.563647497794591e-06
10300 Total cost: 8.846544005791657e-06
10310 Total cost: 1.0188063242821954e-05
10320 Total cost: 9.592613423592411e-06
10330 Total cost: 7.023603757261299e-06
10340 Total cost: 6.491104613814969e-06
10350 Total cost: 1.036607409332646e-05
10360 Total cost: 8.164342034433503e-06
10370 Total cost: 7.454563728970243e-06
10380 Total cost: 8.69400810188381e-06
10390 Total cost: 6.520134320453508e-06
10400 Total cost: 6.89610078552505e-06
10410 Total cost: 7.1395743361790664e-06
10420 Total cost: 8.651516509416979e-06
10430 Total cost: 7.872600690461695e-06
10440 Total cost: 6.635632416873705e-06
10450 Total cost: 8.010306373762432e-06
10460 Total cost: 9.264248546969611e-06
10470 Total cost: 7.492824806831777e-06
10480 Total cost: 8.221966709243134e-06
10490 Total cost: 7.706208634772338e-06
10500 Total cost: 8.052424163906835e-06
10510 Total cost: 7.769098374410532e-06
10520 Total cost: 7.2439770519849844e-06
10530 Total cost: 8.520690244040452e-06
10540 Total cost: 7.245844244607724e-06
10550 Total cost: 8.394517863052897e-06
10560 Total cost: 7.707064469286706e-06
10570 Total cost: 6.904711881361436e-06
10580 Total cost: 7.327101684495574e-06
10590 Total cost: 6.392643172148382e-06
10600 Total cost: 6.400446181942243e-06
10610 Total cost: 6.029817996022757e-06
10620 Total cost: 7.958905371197034e-06
10630 Total cost: 6.90228216626565e-06
10640 Total cost: 7.98010023572715e-06
10650 Total cost: 7.182266472227639e-06
10660 Total cost: 7.480445674445946e-06
10670 Total cost: 7.865103725634981e-06
10680 Total cost: 6.6478169173933566e-06
10690 Total cost: 6.653091531916289e-06
10700 Total cost: 7.84738494985504e-06
10710 Total cost: 7.96447420725599e-06
10720 Total cost: 6.847152235422982e-06
10730 Total cost: 7.118689154594904e-06
10740 Total cost: 7.0784808485768735e-06
10750 Total cost: 6.463701993197901e-06
10760 Total cost: 8.278608220280148e-06
10770 Total cost: 7.630814252479468e-06
10780 Total cost: 7.808200280123856e-06
10790 Total cost: 8.85212739376584e-06
10800 Total cost: 7.523945896537043e-06
10810 Total cost: 5.988793418509886e-06
10820 Total cost: 7.4398367360117845e-06
10830 Total cost: 6.4091123022080865e-06
10840 Total cost: 6.937987109267851e-06
10850 Total cost: 7.678559995838441e-06
10860 Total cost: 8.914517820812762e-06
10870 Total cost: 8.831975719658658e-06
10880 Total cost: 7.872842616052367e-06
10890 Total cost: 6.224043318070471e-06
10900 Total cost: 8.529694241588004e-06
10910 Total cost: 8.467248335364275e-06
10920 Total cost: 6.776586815249175e-06
10930 Total cost: 7.096587978594471e-06
10940 Total cost: 1.5249786883941852e-05
10950 Total cost: 1.0149840818485245e-05
10960 Total cost: 8.423634426435456e-06
10970 Total cost: 7.985304364410695e-06
10980 Total cost: 8.269323188869748e-06
10990 Total cost: 7.979104339028709e-06
Calculating RMSE; trajectory: 1
Calculating RMSE; trajectory: 2
Calculating RMSE; trajectory: 3
Calculating RMSE; trajectory: 4
Calculating RMSE; trajectory: 5
Calculating RMSE; trajectory: 6
Calculating RMSE; trajectory: 7
Calculating RMSE; trajectory: 8
Calculating RMSE; trajectory: 9
Calculating RMSE; trajectory: 10
Calculating RMSE; trajectory: 11
Calculating RMSE; trajectory: 12
Calculating RMSE; trajectory: 13
Calculating RMSE; trajectory: 14
Calculating RMSE; trajectory: 15
Calculating dynamic time warping distance; trajectory: 1
Calculating dynamic time warping distance; trajectory: 2
Calculating dynamic time warping distance; trajectory: 3
Calculating dynamic time warping distance; trajectory: 4
Calculating dynamic time warping distance; trajectory: 5
Calculating dynamic time warping distance; trajectory: 6
Calculating dynamic time warping distance; trajectory: 7
Calculating dynamic time warping distance; trajectory: 8
Calculating dynamic time warping distance; trajectory: 9
Calculating dynamic time warping distance; trajectory: 10
Calculating dynamic time warping distance; trajectory: 11
Calculating dynamic time warping distance; trajectory: 12
Calculating dynamic time warping distance; trajectory: 13
Calculating dynamic time warping distance; trajectory: 14
Calculating dynamic time warping distance; trajectory: 15
Calculating Frechet distance; trajectory: 1
Calculating Frechet distance; trajectory: 2
Calculating Frechet distance; trajectory: 3
Calculating Frechet distance; trajectory: 4
Calculating Frechet distance; trajectory: 5
Calculating Frechet distance; trajectory: 6
Calculating Frechet distance; trajectory: 7
Calculating Frechet distance; trajectory: 8
Calculating Frechet distance; trajectory: 9
Calculating Frechet distance; trajectory: 10
Calculating Frechet distance; trajectory: 11
Calculating Frechet distance; trajectory: 12
Calculating Frechet distance; trajectory: 13
Calculating Frechet distance; trajectory: 14
Calculating Frechet distance; trajectory: 15
Saving image to .//home/khw/Projects/pumafabrics/pumafabrics/puma_adapted/results/mujoco_kuka_simple_line0/images/primitive_0_iter_11000.pdf...
Metrics sum: 0.07779015449461607 ; Number of unsuccessful trajectories: 64
11000 Total cost: 7.139065019146074e-06
11010 Total cost: 8.530201739631593e-06
11020 Total cost: 5.850211891811341e-06
11030 Total cost: 7.820936843927484e-06
11040 Total cost: 7.039224328764249e-06
11050 Total cost: 7.432068741763942e-06
11060 Total cost: 1.1298780009383336e-05
11070 Total cost: 6.919455245224526e-06
11080 Total cost: 6.717647465848131e-06
11090 Total cost: 8.229518243751954e-06
11100 Total cost: 7.984935109561775e-06
11110 Total cost: 6.379200840456178e-06
11120 Total cost: 7.834838470444083e-06
11130 Total cost: 9.739732377056498e-06
11140 Total cost: 7.668080797884613e-06
11150 Total cost: 6.865525392640848e-06
11160 Total cost: 8.04237697593635e-06
11170 Total cost: 9.279245205107145e-06
11180 Total cost: 7.191345503088087e-06
11190 Total cost: 6.7469727582647465e-06
11200 Total cost: 6.719966222590301e-06
11210 Total cost: 7.639871910214424e-06
11220 Total cost: 6.570440746145323e-06
11230 Total cost: 7.4921263149008155e-06
11240 Total cost: 8.22563288238598e-06
11250 Total cost: 8.796976544545032e-06
11260 Total cost: 1.621766568860039e-05
11270 Total cost: 9.882152880891226e-06
11280 Total cost: 1.277645060326904e-05
11290 Total cost: 1.3533698620449286e-05
11300 Total cost: 1.673336373642087e-05
11310 Total cost: 1.5023846572148614e-05
11320 Total cost: 1.0440864571137354e-05
11330 Total cost: 2.10874859476462e-05
11340 Total cost: 2.052107811323367e-05
11350 Total cost: 1.2351136319921352e-05
11360 Total cost: 1.630598671908956e-05
11370 Total cost: 1.8976932551595382e-05
11380 Total cost: 1.2463759048841894e-05
11390 Total cost: 1.305769183090888e-05
11400 Total cost: 1.3184674571675714e-05
11410 Total cost: 9.384985787619371e-06
11420 Total cost: 0.0006385748856700957
11430 Total cost: 2.0644620235543698e-05
11440 Total cost: 3.3813532354542986e-05
11450 Total cost: 1.4578681657440029e-05
11460 Total cost: 1.1505959264468402e-05
11470 Total cost: 1.1723544957931153e-05
11480 Total cost: 1.0622985428199172e-05
11490 Total cost: 0.0001600563118699938
11500 Total cost: 1.5872839867370203e-05
11510 Total cost: 1.3252042663225438e-05
11520 Total cost: 1.2765389328706078e-05
11530 Total cost: 1.193739808513783e-05
11540 Total cost: 9.10558992472943e-06
11550 Total cost: 1.3486345778801478e-05
11560 Total cost: 1.2243934179423377e-05
11570 Total cost: 1.0151348760700785e-05
11580 Total cost: 1.0793919500429183e-05
11590 Total cost: 8.761566277826205e-06
11600 Total cost: 9.402840987604577e-06
11610 Total cost: 8.071790034591686e-06
11620 Total cost: 9.53968810790684e-06
11630 Total cost: 8.996644282888155e-06
11640 Total cost: 9.171342753688805e-06
11650 Total cost: /home/khw/Projects/pumafabrics/pumafabrics/puma_adapted/evaluation/evaluate_nd.py:20: VisibleDeprecationWarning: Creating an ndarray from ragged nested sequences (which is a list-or-tuple of lists-or-tuples-or ndarrays with different lengths or shapes) is deprecated. If you meant to do this, you must specify 'dtype=object' when creating the ndarray.
  delta_t_history = np.array(self.delta_t_eval)
8.899161002773326e-06
11660 Total cost: 9.980191862268839e-06
11670 Total cost: 8.793085726210847e-06
11680 Total cost: 8.081273335847072e-06
11690 Total cost: 9.994687388825696e-06
11700 Total cost: 7.109039870556444e-06
11710 Total cost: 9.196264727506787e-06
11720 Total cost: 8.760031050769612e-06
11730 Total cost: 1.3280189705255907e-05
11740 Total cost: 1.0807261787704192e-05
11750 Total cost: 1.0198345080425497e-05
11760 Total cost: 9.97674032987561e-06
11770 Total cost: 9.403131116414443e-06
11780 Total cost: 9.133869752986357e-06
11790 Total cost: 9.577825039741583e-06
11800 Total cost: 9.592242349754088e-06
11810 Total cost: 7.962154995766468e-06
11820 Total cost: 7.959741196827963e-06
11830 Total cost: 7.901190656411927e-06
11840 Total cost: 8.723491191631183e-06
11850 Total cost: 7.592737347295042e-06
11860 Total cost: 8.403041647397913e-06
11870 Total cost: 9.956920621334575e-06
11880 Total cost: 8.01725582277868e-06
11890 Total cost: 9.129140380537137e-06
11900 Total cost: 8.463041012873873e-06
11910 Total cost: 8.170300134224817e-06
11920 Total cost: 9.289968147641048e-06
11930 Total cost: 7.389570782834198e-06
11940 Total cost: 7.0377391239162534e-06
11950 Total cost: 8.389708455069922e-06
11960 Total cost: 8.960426384874154e-06
11970 Total cost: 9.294546543969773e-06
11980 Total cost: 8.288941899081692e-06
11990 Total cost: 7.574288247269578e-06
Calculating RMSE; trajectory: 1
Calculating RMSE; trajectory: 2
Calculating RMSE; trajectory: 3
Calculating RMSE; trajectory: 4
Calculating RMSE; trajectory: 5
Calculating RMSE; trajectory: 6
Calculating RMSE; trajectory: 7
Calculating RMSE; trajectory: 8
Calculating RMSE; trajectory: 9
Calculating RMSE; trajectory: 10
Calculating RMSE; trajectory: 11
Calculating RMSE; trajectory: 12
Calculating RMSE; trajectory: 13
Calculating RMSE; trajectory: 14
Calculating RMSE; trajectory: 15
Calculating dynamic time warping distance; trajectory: 1
Calculating dynamic time warping distance; trajectory: 2
Calculating dynamic time warping distance; trajectory: 3
Calculating dynamic time warping distance; trajectory: 4
Calculating dynamic time warping distance; trajectory: 5
Calculating dynamic time warping distance; trajectory: 6
Calculating dynamic time warping distance; trajectory: 7
Calculating dynamic time warping distance; trajectory: 8
Calculating dynamic time warping distance; trajectory: 9
Calculating dynamic time warping distance; trajectory: 10
Calculating dynamic time warping distance; trajectory: 11
Calculating dynamic time warping distance; trajectory: 12
Calculating dynamic time warping distance; trajectory: 13
Calculating dynamic time warping distance; trajectory: 14
Calculating dynamic time warping distance; trajectory: 15
Calculating Frechet distance; trajectory: 1
Calculating Frechet distance; trajectory: 2
Calculating Frechet distance; trajectory: 3
Calculating Frechet distance; trajectory: 4
Calculating Frechet distance; trajectory: 5
Calculating Frechet distance; trajectory: 6
Calculating Frechet distance; trajectory: 7
Calculating Frechet distance; trajectory: 8
Calculating Frechet distance; trajectory: 9
Calculating Frechet distance; trajectory: 10
Calculating Frechet distance; trajectory: 11
Calculating Frechet distance; trajectory: 12
Calculating Frechet distance; trajectory: 13
Calculating Frechet distance; trajectory: 14
Calculating Frechet distance; trajectory: 15
Saving image to .//home/khw/Projects/pumafabrics/pumafabrics/puma_adapted/results/mujoco_kuka_simple_line0/images/primitive_0_iter_12000.pdf...
Metrics sum: 0.08728290159282148 ; Number of unsuccessful trajectories: 64
12000 Total cost: 8.147321750584524e-06
12010 Total cost: 7.564701718365541e-06
12020 Total cost: 7.333232133532874e-06
12030 Total cost: 7.044451194815338e-06
12040 Total cost: 7.689328413107432e-06
12050 Total cost: 6.9343454924819525e-06
12060 Total cost: 8.654201337776612e-06
12070 Total cost: 7.371148058155086e-06
12080 Total cost: 8.20706736703869e-06
12090 Total cost: 8.477508345094975e-06
12100 Total cost: 8.964721928350627e-06
12110 Total cost: 6.3564780248270836e-06
12120 Total cost: 7.520983672293369e-06
12130 Total cost: 7.141976311686449e-06
12140 Total cost: 7.644357538083568e-06
12150 Total cost: 8.158454875228927e-06
12160 Total cost: 9.210920325131156e-06
12170 Total cost: 6.838659373897826e-06
12180 Total cost: 7.799179911671672e-06
12190 Total cost: 6.981306341913296e-06
12200 Total cost: 8.114203410514165e-06
12210 Total cost: 7.57050838728901e-06
12220 Total cost: 6.715468771290034e-06
12230 Total cost: 8.289526704174932e-06
12240 Total cost: 7.887955689511728e-06
12250 Total cost: 8.439810699201189e-06
12260 Total cost: 7.451271358149825e-06
12270 Total cost: 6.7738365032710135e-06
12280 Total cost: 6.950685929041356e-06
12290 Total cost: 8.142572369251866e-06
12300 Total cost: 7.138594355637906e-06
12310 Total cost: 7.755426850053482e-06
12320 Total cost: 7.405624273815192e-06
12330 Total cost: 7.0434543886221945e-06
12340 Total cost: 1.073032217391301e-05
12350 Total cost: 7.910570275271311e-06
12360 Total cost: 8.646731657790951e-06
12370 Total cost: 7.336522685363889e-06
12380 Total cost: 7.456587809429038e-06
12390 Total cost: 7.302041467482923e-06
12400 Total cost: 7.959039066918194e-06
12410 Total cost: 8.115712262224406e-06
12420 Total cost: 5.2055538617423736e-06
12430 Total cost: 7.761926099192351e-06
12440 Total cost: 7.066978469083551e-06
12450 Total cost: 6.843399660283467e-06
12460 Total cost: 8.040067768888548e-06
12470 Total cost: 7.811427167325746e-06
12480 Total cost: 8.253869054897223e-06
12490 Total cost: 8.695623364474159e-06
12500 Total cost: 7.217056008812506e-06
12510 Total cost: 8.375758625334129e-06
12520 Total cost: 7.90853846410755e-06
12530 Total cost: 7.615853064635303e-06
12540 Total cost: 7.504320819862187e-06
12550 Total cost: 7.669108526897617e-06
12560 Total cost: 5.402445367508335e-06
12570 Total cost: 7.452697445842205e-06
12580 Total cost: 6.458314601331949e-06
12590 Total cost: 7.93365416029701e-06
12600 Total cost: 7.5947423283651005e-06
12610 Total cost: 6.54774976283079e-06
12620 Total cost: 6.394479896698613e-06
12630 Total cost: 5.3539270084002055e-06
12640 Total cost: 8.31570832815487e-06
12650 Total cost: 6.884754384373082e-06
12660 Total cost: 7.008478860370815e-06
12670 Total cost: 2.1507159544853494e-05
12680 Total cost: 1.562322722747922e-05
12690 Total cost: 1.051866274792701e-05
12700 Total cost: 8.678334779688157e-06
12710 Total cost: 6.963808118598536e-06
12720 Total cost: 9.518486876913812e-06
12730 Total cost: 8.223091754189227e-06
12740 Total cost: 6.129871962912148e-06
12750 Total cost: 9.22439357964322e-06
12760 Total cost: 7.551055205112789e-06
12770 Total cost: 6.3412762756343e-06
12780 Total cost: 7.696296961512417e-06
12790 Total cost: 9.067650353244971e-06
12800 Total cost: 6.7302826209925115e-06
12810 Total cost: 8.101657840597909e-06
12820 Total cost: 6.468615538324229e-06
12830 Total cost: 8.614870239398442e-06
12840 Total cost: 7.360136805800721e-06
12850 Total cost: 8.434155461145565e-06
12860 Total cost: 7.77878267399501e-06
12870 Total cost: 8.203893230529502e-06
12880 Total cost: 6.724824743287172e-06
12890 Total cost: 6.641399522777647e-06
12900 Total cost: 6.491427484434098e-06
12910 Total cost: 6.727809704898391e-06
12920 Total cost: 9.198100087814964e-06
12930 Total cost: 7.062582881189883e-06
12940 Total cost: 8.097032150544692e-06
12950 Total cost: 7.513539458159357e-06
12960 Total cost: 6.630847565247677e-06
12970 Total cost: 7.948894563014619e-06
12980 Total cost: 8.741843885218259e-06
12990 Total cost: 7.098528840288054e-06
Calculating RMSE; trajectory: 1
Calculating RMSE; trajectory: 2
Calculating RMSE; trajectory: 3
Calculating RMSE; trajectory: 4
Calculating RMSE; trajectory: 5
Calculating RMSE; trajectory: 6
Calculating RMSE; trajectory: 7
Calculating RMSE; trajectory: 8
Calculating RMSE; trajectory: 9
Calculating RMSE; trajectory: 10
Calculating RMSE; trajectory: 11
Calculating RMSE; trajectory: 12
Calculating RMSE; trajectory: 13
Calculating RMSE; trajectory: 14
Calculating RMSE; trajectory: 15
Calculating dynamic time warping distance; trajectory: 1
/home/khw/Projects/pumafabrics/pumafabrics/puma_adapted/evaluation/evaluate_nd.py:20: VisibleDeprecationWarning: Creating an ndarray from ragged nested sequences (which is a list-or-tuple of lists-or-tuples-or ndarrays with different lengths or shapes) is deprecated. If you meant to do this, you must specify 'dtype=object' when creating the ndarray.
  delta_t_history = np.array(self.delta_t_eval)
/home/khw/Projects/pumafabrics/pumafabrics/puma_adapted/evaluation/evaluate_nd.py:20: VisibleDeprecationWarning: Creating an ndarray from ragged nested sequences (which is a list-or-tuple of lists-or-tuples-or ndarrays with different lengths or shapes) is deprecated. If you meant to do this, you must specify 'dtype=object' when creating the ndarray.
  delta_t_history = np.array(self.delta_t_eval)
Calculating dynamic time warping distance; trajectory: 2
Calculating dynamic time warping distance; trajectory: 3
Calculating dynamic time warping distance; trajectory: 4
Calculating dynamic time warping distance; trajectory: 5
Calculating dynamic time warping distance; trajectory: 6
Calculating dynamic time warping distance; trajectory: 7
Calculating dynamic time warping distance; trajectory: 8
Calculating dynamic time warping distance; trajectory: 9
Calculating dynamic time warping distance; trajectory: 10
Calculating dynamic time warping distance; trajectory: 11
Calculating dynamic time warping distance; trajectory: 12
Calculating dynamic time warping distance; trajectory: 13
Calculating dynamic time warping distance; trajectory: 14
Calculating dynamic time warping distance; trajectory: 15
Calculating Frechet distance; trajectory: 1
Calculating Frechet distance; trajectory: 2
Calculating Frechet distance; trajectory: 3
Calculating Frechet distance; trajectory: 4
Calculating Frechet distance; trajectory: 5
Calculating Frechet distance; trajectory: 6
Calculating Frechet distance; trajectory: 7
Calculating Frechet distance; trajectory: 8
Calculating Frechet distance; trajectory: 9
Calculating Frechet distance; trajectory: 10
Calculating Frechet distance; trajectory: 11
Calculating Frechet distance; trajectory: 12
Calculating Frechet distance; trajectory: 13
Calculating Frechet distance; trajectory: 14
Calculating Frechet distance; trajectory: 15
Saving image to .//home/khw/Projects/pumafabrics/pumafabrics/puma_adapted/results/mujoco_kuka_simple_line0/images/primitive_0_iter_13000.pdf...
Metrics sum: 0.08991665291310912 ; Number of unsuccessful trajectories: 64
13000 Total cost: 6.990252586547285e-06
13010 Total cost: 9.281644452130422e-06
13020 Total cost: 8.563958544982597e-06
13030 Total cost: 7.567529792140704e-06
13040 Total cost: 7.507665941375308e-06
13050 Total cost: 7.4474146458669566e-06
13060 Total cost: 6.000336270517437e-06
13070 Total cost: 7.884644219302572e-06
13080 Total cost: 8.350310963578522e-06
13090 Total cost: 5.305885679263156e-06
13100 Total cost: 8.281280315713957e-06
13110 Total cost: 6.579829914699076e-06
13120 Total cost: 7.6043352237320505e-06
13130 Total cost: 6.645809662586544e-06
13140 Total cost: 1.1964102668571286e-05
13150 Total cost: 9.224985660694074e-06
13160 Total cost: 9.006666914501693e-06
13170 Total cost: 9.044613761943765e-06
13180 Total cost: 7.878556061768904e-06
13190 Total cost: 6.647454029007349e-06
13200 Total cost: 9.417553883395158e-06
13210 Total cost: 9.219646017299965e-06
13220 Total cost: 1.0551962986937724e-05
13230 Total cost: 8.195369446184486e-06
13240 Total cost: 7.486998129024869e-06
13250 Total cost: 7.298056061699754e-06
13260 Total cost: 8.940231964515988e-06
13270 Total cost: 6.1099271988496184e-06
13280 Total cost: 8.234817869379185e-06
13290 Total cost: 7.042393917799927e-06
13300 Total cost: 7.187066330516245e-06
13310 Total cost: 7.607209226989653e-06
13320 Total cost: 6.745289283571765e-06
13330 Total cost: 1.1105006706202403e-05
13340 Total cost: 8.528975740773603e-06
13350 Total cost: 7.623768397024833e-06
13360 Total cost: 6.148862212285167e-06
13370 Total cost: 7.2997390816453844e-06
13380 Total cost: 7.587619165860815e-06
13390 Total cost: 6.904928795847809e-06
13400 Total cost: 7.855564035708085e-06
13410 Total cost: 6.152225978439674e-06
13420 Total cost: 7.5554826253210194e-06
13430 Total cost: 6.935892997717019e-06
13440 Total cost: 8.545085620426107e-06
13450 Total cost: 7.495435966120567e-06
13460 Total cost: 7.144990377128124e-06
13470 Total cost: 9.089281775231939e-06
13480 Total cost: 6.701449819956906e-06
13490 Total cost: 7.541633749497123e-06
13500 Total cost: 6.6101392803830095e-06
13510 Total cost: 7.77961849962594e-06
13520 Total cost: 8.010209967324045e-06
13530 Total cost: 6.51864775136346e-06
13540 Total cost: 6.991667305555893e-06
13550 Total cost: 6.196183676365763e-06
13560 Total cost: 7.624450518051162e-06
13570 Total cost: 7.579606972285546e-06
13580 Total cost: 7.119032488844823e-06
13590 Total cost: 7.981607268447988e-06
13600 Total cost: 7.007528893154813e-06
13610 Total cost: 2.7149306333740242e-05
13620 Total cost: 8.728475222596899e-06
13630 Total cost: 7.728270247753244e-06
13640 Total cost: 8.602190973761026e-06
13650 Total cost: 1.007250466500409e-05
13660 Total cost: 9.303790648118593e-06
13670 Total cost: 1.3359832337300759e-05
13680 Total cost: 1.81040886673145e-05
13690 Total cost: 1.0892264072026592e-05
13700 Total cost: 6.9662883106502704e-06
13710 Total cost: 7.520582130382536e-06
13720 Total cost: 7.68015979701886e-06
13730 Total cost: 8.46370130602736e-06
13740 Total cost: 7.015102710283827e-06
13750 Total cost: 9.363025128550362e-06
13760 Total cost: 6.860376743134111e-06
13770 Total cost: 6.361691248457646e-06
13780 Total cost: 6.79538015901926e-06
13790 Total cost: 7.5753087003249675e-06
13800 Total cost: 7.305404778890079e-06
13810 Total cost: 7.761128472338896e-06
13820 Total cost: 8.794138011580799e-06
13830 Total cost: 6.970503363845637e-06
13840 Total cost: 5.843302915309323e-06
13850 Total cost: 6.818113433837425e-06
13860 Total cost: 7.329913387366105e-06
13870 Total cost: 7.28157192497747e-06
13880 Total cost: 6.103352461650502e-06
13890 Total cost: 6.610994660150027e-06
13900 Total cost: 7.19190120435087e-06
13910 Total cost: 5.775483259640168e-06
13920 Total cost: 6.076264980947599e-06
13930 Total cost: 6.372663392539835e-06
13940 Total cost: 7.938877388369292e-06
13950 Total cost: 7.997648026503157e-06
13960 Total cost: 6.869373009976698e-06
13970 Total cost: 5.802549821964931e-06
13980 Total cost: 6.545646101585589e-06
13990 Total cost: 9.740272616909351e-06
Calculating RMSE; trajectory: 1
Calculating RMSE; trajectory: 2
Calculating RMSE; trajectory: 3
Calculating RMSE; trajectory: 4
Calculating RMSE; trajectory: 5
Calculating RMSE; trajectory: 6
Calculating RMSE; trajectory: 7
Calculating RMSE; trajectory: 8
Calculating RMSE; trajectory: 9
Calculating RMSE; trajectory: 10
Calculating RMSE; trajectory: 11
Calculating RMSE; trajectory: 12
Calculating RMSE; trajectory: 13
Calculating RMSE; trajectory: 14
Calculating RMSE; trajectory: 15
Calculating dynamic time warping distance; trajectory: 1
Calculating dynamic time warping distance; trajectory: 2
Calculating dynamic time warping distance; trajectory: 3
Calculating dynamic time warping distance; trajectory: 4
Calculating dynamic time warping distance; trajectory: 5
Calculating dynamic time warping distance; trajectory: 6
Calculating dynamic time warping distance; trajectory: 7
Calculating dynamic time warping distance; trajectory: 8
Calculating dynamic time warping distance; trajectory: 9
Calculating dynamic time warping distance; trajectory: 10
Calculating dynamic time warping distance; trajectory: 11
Calculating dynamic time warping distance; trajectory: 12
Calculating dynamic time warping distance; trajectory: 13
Calculating dynamic time warping distance; trajectory: 14
Calculating dynamic time warping distance; trajectory: 15
Calculating Frechet distance; trajectory: 1
Calculating Frechet distance; trajectory: 2
Calculating Frechet distance; trajectory: 3
Calculating Frechet distance; trajectory: 4
Calculating Frechet distance; trajectory: 5
Calculating Frechet distance; trajectory: 6
Calculating Frechet distance; trajectory: 7
Calculating Frechet distance; trajectory: 8
Calculating Frechet distance; trajectory: 9
Calculating Frechet distance; trajectory: 10
Calculating Frechet distance; trajectory: 11
Calculating Frechet distance; trajectory: 12
Calculating Frechet distance; trajectory: 13
Calculating Frechet distance; trajectory: 14
Calculating Frechet distance; trajectory: 15
Saving image to .//home/khw/Projects/pumafabrics/pumafabrics/puma_adapted/results/mujoco_kuka_simple_line0/images/primitive_0_iter_14000.pdf...
Metrics sum: 0.1322894120653889 ; Number of unsuccessful trajectories: 64
14000 Total cost: 1.0701884093577974e-05
14010 Total cost: 7.32845910533797e-06
14020 Total cost: 7.843073035473935e-06
14030 Total cost: 6.5957638071267866e-06
14040 Total cost: 7.38686821932788e-06
14050 Total cost: 5.195788162382087e-06
14060 Total cost: /home/khw/Projects/pumafabrics/pumafabrics/puma_adapted/evaluation/evaluate_nd.py:20: VisibleDeprecationWarning: Creating an ndarray from ragged nested sequences (which is a list-or-tuple of lists-or-tuples-or ndarrays with different lengths or shapes) is deprecated. If you meant to do this, you must specify 'dtype=object' when creating the ndarray.
  delta_t_history = np.array(self.delta_t_eval)
4.81201186630642e-06
14070 Total cost: 5.723639333155006e-06
14080 Total cost: 6.880723958602175e-06
14090 Total cost: 6.9711422838736326e-06
14100 Total cost: 8.214435183617752e-06
14110 Total cost: 8.120750862872228e-06
14120 Total cost: 7.037392606434878e-06
14130 Total cost: 6.086798293836182e-06
14140 Total cost: 6.334380486805458e-06
14150 Total cost: 6.655486686213408e-06
14160 Total cost: 7.243710570037365e-06
14170 Total cost: 6.859171662654262e-06
14180 Total cost: 8.652859833091497e-06
14190 Total cost: 7.857655873522162e-06
14200 Total cost: 7.638102033524774e-06
14210 Total cost: 6.835246495029423e-06
14220 Total cost: 6.153469257696997e-06
14230 Total cost: 8.717239325051196e-06
14240 Total cost: 8.048349627642892e-06
14250 Total cost: 6.077156285755336e-06
14260 Total cost: 7.019165423116647e-06
14270 Total cost: 8.907980372896418e-06
14280 Total cost: 6.447611667681485e-06
14290 Total cost: 6.090147508075461e-06
14300 Total cost: 6.058865892555332e-06
14310 Total cost: 1.1359308700775728e-05
14320 Total cost: 7.960068614920601e-06
14330 Total cost: 7.231102244986687e-06
14340 Total cost: 7.710235877311788e-06
14350 Total cost: 1.1678150258376263e-05
14360 Total cost: 7.901937351562083e-06
14370 Total cost: 7.73766623751726e-06
14380 Total cost: 7.886021194281057e-06
14390 Total cost: 5.450273420137819e-06
14400 Total cost: 6.2611479734187014e-06
14410 Total cost: 6.17559589954908e-06
14420 Total cost: 6.774010671506403e-06
14430 Total cost: 1.119577336794464e-05
14440 Total cost: 9.903662430588156e-06
14450 Total cost: 8.073094249994028e-06
14460 Total cost: 8.848239303915761e-06
14470 Total cost: 6.200317784532672e-06
14480 Total cost: 6.199904873938067e-06
14490 Total cost: 7.5140151238883846e-06
14500 Total cost: 6.090444003348239e-06
14510 Total cost: 7.336896487686317e-06
14520 Total cost: 7.373358130280394e-06
14530 Total cost: 9.247914931620471e-06
14540 Total cost: 6.23444611846935e-06
14550 Total cost: 1.0483132427907549e-05
14560 Total cost: 9.23872630664846e-06
14570 Total cost: 8.61545868247049e-06
14580 Total cost: 6.460729764512507e-06
14590 Total cost: 8.11628888186533e-06
14600 Total cost: 6.502588803414255e-06
14610 Total cost: 7.830388312868308e-06
14620 Total cost: 7.256468961713836e-06
14630 Total cost: 7.155730600061361e-06
14640 Total cost: 1.0765670594992116e-05
14650 Total cost: 7.244315384014044e-06
14660 Total cost: 7.09016512701055e-06
14670 Total cost: 6.350171133817639e-06
14680 Total cost: 5.791614967165515e-06
14690 Total cost: 6.52340304441168e-06
14700 Total cost: 5.0207167987537105e-06
14710 Total cost: 6.631546966673341e-06
14720 Total cost: 7.028201252978761e-06
14730 Total cost: 4.829817044083029e-06
14740 Total cost: 7.33513297745958e-06
14750 Total cost: 7.292050213436596e-06
14760 Total cost: 6.548577857756754e-06
14770 Total cost: 6.043990651960485e-06
14780 Total cost: 7.374354936473537e-06
14790 Total cost: 7.722186637693085e-06
14800 Total cost: 6.866624971735291e-06
14810 Total cost: 5.277722721075406e-06
14820 Total cost: 7.55910468797083e-06
14830 Total cost: 7.402574738080148e-06
14840 Total cost: 7.164468115661293e-06
14850 Total cost: 9.532719559501857e-06
14860 Total cost: 7.532607469329378e-06
14870 Total cost: 5.758419320045505e-06
14880 Total cost: 6.296407264017034e-06
14890 Total cost: 7.57765428716084e-06
14900 Total cost: 6.370613846229389e-06
14910 Total cost: 5.91406342209666e-06
14920 Total cost: 7.267602541105589e-06
14930 Total cost: 6.891342763992725e-06
14940 Total cost: 5.2343925744935405e-06
14950 Total cost: 6.424018465622794e-06
14960 Total cost: 6.495974503195612e-06
14970 Total cost: 8.6986201495165e-06
14980 Total cost: 9.003644663607702e-06
14990 Total cost: 7.480951808247482e-06
Calculating RMSE; trajectory: 1
Calculating RMSE; trajectory: 2
Calculating RMSE; trajectory: 3
Calculating RMSE; trajectory: 4
Calculating RMSE; trajectory: 5
Calculating RMSE; trajectory: 6
Calculating RMSE; trajectory: 7
Calculating RMSE; trajectory: 8
Calculating RMSE; trajectory: 9
Calculating RMSE; trajectory: 10
Calculating RMSE; trajectory: 11
Calculating RMSE; trajectory: 12
Calculating RMSE; trajectory: 13
Calculating RMSE; trajectory: 14
Calculating RMSE; trajectory: 15
Calculating dynamic time warping distance; trajectory: 1
Calculating dynamic time warping distance; trajectory: 2
Calculating dynamic time warping distance; trajectory: 3
Calculating dynamic time warping distance; trajectory: 4
Calculating dynamic time warping distance; trajectory: 5
Calculating dynamic time warping distance; trajectory: 6
Calculating dynamic time warping distance; trajectory: 7
Calculating dynamic time warping distance; trajectory: 8
Calculating dynamic time warping distance; trajectory: 9
Calculating dynamic time warping distance; trajectory: 10
Calculating dynamic time warping distance; trajectory: 11
Calculating dynamic time warping distance; trajectory: 12
Calculating dynamic time warping distance; trajectory: 13
Calculating dynamic time warping distance; trajectory: 14
Calculating dynamic time warping distance; trajectory: 15
Calculating Frechet distance; trajectory: 1
Calculating Frechet distance; trajectory: 2
Calculating Frechet distance; trajectory: 3
Calculating Frechet distance; trajectory: 4
Calculating Frechet distance; trajectory: 5
Calculating Frechet distance; trajectory: 6
Calculating Frechet distance; trajectory: 7
Calculating Frechet distance; trajectory: 8
Calculating Frechet distance; trajectory: 9
Calculating Frechet distance; trajectory: 10
Calculating Frechet distance; trajectory: 11
Calculating Frechet distance; trajectory: 12
Calculating Frechet distance; trajectory: 13
Calculating Frechet distance; trajectory: 14
Calculating Frechet distance; trajectory: 15
Saving image to .//home/khw/Projects/pumafabrics/pumafabrics/puma_adapted/results/mujoco_kuka_simple_line0/images/primitive_0_iter_15000.pdf...
Metrics sum: 0.09850795418321955 ; Number of unsuccessful trajectories: 64
15000 Total cost: 7.259280664584367e-06
15010 Total cost: 6.05607419856824e-06
15020 Total cost: 6.175348971737549e-06
15030 Total cost: 6.361465693771606e-06
15040 Total cost: 8.587897355027962e-06
15050 Total cost: 8.626941962575074e-06
15060 Total cost: 7.976844244694803e-06
15070 Total cost: 6.0967577155679464e-06
15080 Total cost: 5.622543085337384e-06
15090 Total cost: 6.97386485626339e-06
15100 Total cost: 6.720629244227894e-06
15110 Total cost: 7.430688128806651e-06
15120 Total cost: 6.6914908529724926e-06
15130 Total cost: 6.103876330598723e-06
15140 Total cost: 6.494291483249981e-06
15150 Total cost: 5.573038833972532e-06
15160 Total cost: 5.8237269513483625e-06
15170 Total cost: 8.45320028020069e-06
15180 Total cost: 7.235229531943332e-06
15190 Total cost: 5.287297881295672e-06
15200 Total cost: 6.855253559479024e-06
15210 Total cost: 7.148632903408725e-06
15220 Total cost: 6.2714616433368064e-06
15230 Total cost: 6.099111487856135e-06
15240 Total cost: 8.090190021903254e-06
15250 Total cost: 6.419420969905332e-06
15260 Total cost: 6.705276518914616e-06
15270 Total cost: 1.0514314453757834e-05
15280 Total cost: 4.839276243728818e-06
15290 Total cost: 7.253864168887958e-06
15300 Total cost: 5.886822236789158e-06
15310 Total cost: 7.2652528615435585e-06
15320 Total cost: 7.936974725453183e-06
15330 Total cost: 7.522626219724771e-06
15340 Total cost: 7.842461855034344e-06
15350 Total cost: 6.14523196418304e-06
15360 Total cost: 6.49304956823471e-06
15370 Total cost: 5.005294042348396e-06
15380 Total cost: 8.816731678962242e-06
15390 Total cost: 6.475706868513953e-06
15400 Total cost: 8.149258064804599e-06
15410 Total cost: 7.3337118919880595e-06
15420 Total cost: 8.40559459902579e-06
15430 Total cost: 7.603639005537843e-06
15440 Total cost: 7.889571861596778e-06
15450 Total cost: 7.193202236521756e-06
15460 Total cost: 9.960983334167395e-06
15470 Total cost: 5.820563274028245e-06
15480 Total cost: 6.477996976173017e-06
15490 Total cost: 5.540313395613339e-06
15500 Total cost: 1.857779352576472e-05
15510 Total cost: 1.4530209227814339e-05
15520 Total cost: 1.6925992895266972e-05
15530 Total cost: 9.945225428964477e-06
15540 Total cost: 9.495382073509973e-06
15550 Total cost: /home/khw/Projects/pumafabrics/pumafabrics/puma_adapted/evaluation/evaluate_nd.py:20: VisibleDeprecationWarning: Creating an ndarray from ragged nested sequences (which is a list-or-tuple of lists-or-tuples-or ndarrays with different lengths or shapes) is deprecated. If you meant to do this, you must specify 'dtype=object' when creating the ndarray.
  delta_t_history = np.array(self.delta_t_eval)
1.4666169590782374e-05
15560 Total cost: 1.793963019736111e-05
15570 Total cost: 1.815047835407313e-05
15580 Total cost: 9.722576578496955e-06
15590 Total cost: 1.1256299330852926e-05
15600 Total cost: 9.291634341934696e-06
15610 Total cost: 8.670780516695231e-06
15620 Total cost: 8.766378414293285e-06
15630 Total cost: 8.343122317455709e-06
15640 Total cost: 6.715666131640319e-06
15650 Total cost: 7.900605851318687e-06
15660 Total cost: 8.041472938202787e-06
15670 Total cost: 7.609605745528825e-06
15680 Total cost: 7.250644102896331e-06
15690 Total cost: 7.567087777715642e-06
15700 Total cost: 6.6262723521504086e-06
15710 Total cost: 7.277972144947853e-06
15720 Total cost: 7.901635399321094e-06
15730 Total cost: 8.849063306115568e-06
15740 Total cost: 9.195626262226142e-06
15750 Total cost: 6.8894378273398615e-06
15760 Total cost: 7.300324796233326e-06
15770 Total cost: 8.692777555552311e-06
15780 Total cost: 6.659656264673686e-06
15790 Total cost: 7.031283530523069e-06
15800 Total cost: 6.103135092416778e-06
15810 Total cost: 6.319482963590417e-06
15820 Total cost: 8.912334124033805e-06
15830 Total cost: 7.875598384998739e-06
15840 Total cost: 9.46828458836535e-06
15850 Total cost: 7.543200808868278e-06
15860 Total cost: 7.018268661340699e-06
15870 Total cost: 6.328142262645997e-06
15880 Total cost: 7.551328508270672e-06
15890 Total cost: 8.678887752466835e-06
15900 Total cost: 7.421057944156928e-06
15910 Total cost: 8.02817794465227e-06
15920 Total cost: 6.107522494858131e-06
15930 Total cost: 7.4305366979388054e-06
15940 Total cost: 9.00628583622165e-06
15950 Total cost: 6.722913894918747e-06
15960 Total cost: 6.394066076609306e-06
15970 Total cost: 6.3297666201833636e-06
15980 Total cost: 5.0963171815965325e-06
15990 Total cost: 7.4902800406562164e-06
Calculating RMSE; trajectory: 1
Calculating RMSE; trajectory: 2
Calculating RMSE; trajectory: 3
Calculating RMSE; trajectory: 4
Calculating RMSE; trajectory: 5
Calculating RMSE; trajectory: 6
Calculating RMSE; trajectory: 7
Calculating RMSE; trajectory: 8
Calculating RMSE; trajectory: 9
Calculating RMSE; trajectory: 10
Calculating RMSE; trajectory: 11
Calculating RMSE; trajectory: 12
Calculating RMSE; trajectory: 13
Calculating RMSE; trajectory: 14
Calculating RMSE; trajectory: 15
Calculating dynamic time warping distance; trajectory: 1
Calculating dynamic time warping distance; trajectory: 2
Calculating dynamic time warping distance; trajectory: 3
Calculating dynamic time warping distance; trajectory: 4
Calculating dynamic time warping distance; trajectory: 5
Calculating dynamic time warping distance; trajectory: 6
Calculating dynamic time warping distance; trajectory: 7
Calculating dynamic time warping distance; trajectory: 8
Calculating dynamic time warping distance; trajectory: 9
Calculating dynamic time warping distance; trajectory: 10
Calculating dynamic time warping distance; trajectory: 11
Calculating dynamic time warping distance; trajectory: 12
Calculating dynamic time warping distance; trajectory: 13
Calculating dynamic time warping distance; trajectory: 14
Calculating dynamic time warping distance; trajectory: 15
Calculating Frechet distance; trajectory: 1
Calculating Frechet distance; trajectory: 2
Calculating Frechet distance; trajectory: 3
Calculating Frechet distance; trajectory: 4
Calculating Frechet distance; trajectory: 5
Calculating Frechet distance; trajectory: 6
Calculating Frechet distance; trajectory: 7
Calculating Frechet distance; trajectory: 8
Calculating Frechet distance; trajectory: 9
Calculating Frechet distance; trajectory: 10
Calculating Frechet distance; trajectory: 11
Calculating Frechet distance; trajectory: 12
Calculating Frechet distance; trajectory: 13
Calculating Frechet distance; trajectory: 14
Calculating Frechet distance; trajectory: 15
Saving image to .//home/khw/Projects/pumafabrics/pumafabrics/puma_adapted/results/mujoco_kuka_simple_line0/images/primitive_0_iter_16000.pdf...
Metrics sum: 0.08573286874756642 ; Number of unsuccessful trajectories: 64
16000 Total cost: 7.994050065462943e-06
16010 Total cost: 7.904900485300459e-06
16020 Total cost: 6.888535608595703e-06
16030 Total cost: 6.559109806403285e-06
16040 Total cost: 7.683301191718783e-06
16050 Total cost: 6.146004579932196e-06
16060 Total cost: 7.161557277868269e-06
16070 Total cost: 7.3569026426412165e-06
16080 Total cost: 6.101884991949191e-06
16090 Total cost: 7.907365215942264e-06
16100 Total cost: 5.528888323169667e-06
16110 Total cost: 6.154797119961586e-06
16120 Total cost: 7.274538347701309e-06
16130 Total cost: 5.788941052742302e-06
16140 Total cost: 6.067415142751997e-06
16150 Total cost: 6.257441782508977e-06
16160 Total cost: 6.879557531647151e-06
16170 Total cost: 6.685796506644692e-06
16180 Total cost: 1.0558489520917647e-05
16190 Total cost: 8.107442226901185e-06
16200 Total cost: 7.539023499703035e-06
16210 Total cost: 7.280513818841428e-05
16220 Total cost: 1.291776334255701e-05
16230 Total cost: 9.562275408825371e-06
16240 Total cost: 8.117170182231348e-06
16250 Total cost: 4.765838821185753e-05
16260 Total cost: 1.900995812320616e-05
16270 Total cost: 1.7801097783376463e-05
16280 Total cost: 1.0729129826358985e-05
16290 Total cost: 1.2402931133692618e-05
16300 Total cost: 1.2022984265058767e-05
16310 Total cost: 8.94043841981329e-06
16320 Total cost: 1.1486205039545894e-05
16330 Total cost: 1.0449845831317361e-05
16340 Total cost: 9.989612408389803e-06
16350 Total cost: 1.0813312655955087e-05
16360 Total cost: 6.400257007044274e-06
16370 Total cost: 8.154032911988907e-06
16380 Total cost: 7.527106845373055e-06
16390 Total cost: 7.246725999721093e-06
16400 Total cost: 8.564517884224188e-06
16410 Total cost: 7.1468198257207405e-06
16420 Total cost: 7.101536084519466e-06
16430 Total cost: 7.423815077345353e-06
16440 Total cost: 7.829432433936745e-06
16450 Total cost: 5.759780378866708e-06
16460 Total cost: 5.344417331798468e-06
16470 Total cost: 6.732322617608588e-06
16480 Total cost: 7.1828435466159135e-06
16490 Total cost: 7.545730113633908e-06
16500 Total cost: 6.372884854499716e-06
16510 Total cost: 7.916690265119541e-06
16520 Total cost: 6.319234671536833e-06
16530 Total cost: 6.012720405124128e-06
16540 Total cost: 7.386224751826376e-06
16550 Total cost: 7.490341886295937e-06
16560 Total cost: 4.822807022719644e-05
16570 Total cost: 5.813833467982477e-06
16580 Total cost: 6.786363883293234e-06
16590 Total cost: 5.215809778746916e-06
16600 Total cost: 6.501893949462101e-06
16610 Total cost: 6.975358246563701e-06
16620 Total cost: 8.53916208143346e-06
16630 Total cost: 6.744502570654731e-06
16640 Total cost: 6.435925570258405e-06
16650 Total cost: 6.2478461586579215e-06
16660 Total cost: 5.192524440644775e-06
16670 Total cost: 5.649664672091603e-06
16680 Total cost: 5.672140105161816e-06
16690 Total cost: 5.958178917353507e-06
16700 Total cost: 6.284767550823744e-06
16710 Total cost: 7.733155143796466e-06
16720 Total cost: 6.925029992999043e-06
16730 Total cost: 6.149651198938955e-06
16740 Total cost: 6.738533102179645e-06
16750 Total cost: 6.530350219691172e-06
16760 Total cost: 5.534796855499735e-06
16770 Total cost: 6.092364401411032e-06
16780 Total cost: 7.0882979343878105e-06
16790 Total cost: 8.106666427920572e-06
16800 Total cost: 6.856214440631447e-06
16810 Total cost: 7.805344466760289e-06
16820 Total cost: 6.2115459513734095e-06
16830 Total cost: 5.818848876515403e-06
16840 Total cost: 6.6961251832253765e-06
16850 Total cost: 5.3441340241988655e-06
16860 Total cost: 8.040197826630902e-06
16870 Total cost: 5.071208761364687e-06
16880 Total cost: 5.5582586355740204e-06
16890 Total cost: 5.751673143095104e-06
16900 Total cost: 4.849058313993737e-06
16910 Total cost: 5.432028956420254e-06
16920 Total cost: 5.997046173433773e-06
16930 Total cost: 5.902887551201275e-06
16940 Total cost: 5.5948830777197145e-06
16950 Total cost: 5.792600404674886e-06
16960 Total cost: 4.884070676780539e-06
16970 Total cost: 6.413977644115221e-06
16980 Total cost: 5.934527052886551e-06
16990 Total cost: 7.061509677441791e-06
Calculating RMSE; trajectory: 1
Calculating RMSE; trajectory: 2
Calculating RMSE; trajectory: 3
Calculating RMSE; trajectory: 4
Calculating RMSE; trajectory:/home/khw/Projects/pumafabrics/pumafabrics/puma_adapted/evaluation/evaluate_nd.py:20: VisibleDeprecationWarning: Creating an ndarray from ragged nested sequences (which is a list-or-tuple of lists-or-tuples-or ndarrays with different lengths or shapes) is deprecated. If you meant to do this, you must specify 'dtype=object' when creating the ndarray.
  delta_t_history = np.array(self.delta_t_eval)
/home/khw/Projects/pumafabrics/pumafabrics/puma_adapted/evaluation/evaluate_nd.py:20: VisibleDeprecationWarning: Creating an ndarray from ragged nested sequences (which is a list-or-tuple of lists-or-tuples-or ndarrays with different lengths or shapes) is deprecated. If you meant to do this, you must specify 'dtype=object' when creating the ndarray.
  delta_t_history = np.array(self.delta_t_eval)
 5
Calculating RMSE; trajectory: 6
Calculating RMSE; trajectory: 7
Calculating RMSE; trajectory: 8
Calculating RMSE; trajectory: 9
Calculating RMSE; trajectory: 10
Calculating RMSE; trajectory: 11
Calculating RMSE; trajectory: 12
Calculating RMSE; trajectory: 13
Calculating RMSE; trajectory: 14
Calculating RMSE; trajectory: 15
Calculating dynamic time warping distance; trajectory: 1
Calculating dynamic time warping distance; trajectory: 2
Calculating dynamic time warping distance; trajectory: 3
Calculating dynamic time warping distance; trajectory: 4
Calculating dynamic time warping distance; trajectory: 5
Calculating dynamic time warping distance; trajectory: 6
Calculating dynamic time warping distance; trajectory: 7
Calculating dynamic time warping distance; trajectory: 8
Calculating dynamic time warping distance; trajectory: 9
Calculating dynamic time warping distance; trajectory: 10
Calculating dynamic time warping distance; trajectory: 11
Calculating dynamic time warping distance; trajectory: 12
Calculating dynamic time warping distance; trajectory: 13
Calculating dynamic time warping distance; trajectory: 14
Calculating dynamic time warping distance; trajectory: 15
Calculating Frechet distance; trajectory: 1
Calculating Frechet distance; trajectory: 2
Calculating Frechet distance; trajectory: 3
Calculating Frechet distance; trajectory: 4
Calculating Frechet distance; trajectory: 5
Calculating Frechet distance; trajectory: 6
Calculating Frechet distance; trajectory: 7
Calculating Frechet distance; trajectory: 8
Calculating Frechet distance; trajectory: 9
Calculating Frechet distance; trajectory: 10
Calculating Frechet distance; trajectory: 11
Calculating Frechet distance; trajectory: 12
Calculating Frechet distance; trajectory: 13
Calculating Frechet distance; trajectory: 14
Calculating Frechet distance; trajectory: 15
Saving image to .//home/khw/Projects/pumafabrics/pumafabrics/puma_adapted/results/mujoco_kuka_simple_line0/images/primitive_0_iter_17000.pdf...
Metrics sum: 0.09266580812442402 ; Number of unsuccessful trajectories: 64
17000 Total cost: 7.328758329094853e-06
17010 Total cost: 5.412537575466558e-06
17020 Total cost: 6.902333097968949e-06
17030 Total cost: 5.5981872719712555e-06
17040 Total cost: 1.1754283150366973e-05
17050 Total cost: 8.15810744825285e-06
17060 Total cost: 7.3127439463860355e-06
17070 Total cost: 6.980924808885902e-06
17080 Total cost: 6.773467248422094e-06
17090 Total cost: 7.138954970287159e-06
17100 Total cost: 4.209584403724875e-06
17110 Total cost: 5.790213435830083e-06
17120 Total cost: 5.61302022106247e-06
17130 Total cost: 5.673460236721439e-06
17140 Total cost: 6.0379270507837646e-06
17150 Total cost: 5.664841864927439e-06
17160 Total cost: 6.700252470182022e-06
17170 Total cost: 7.788523362250999e-06
17180 Total cost: 6.3659708757768385e-06
17190 Total cost: 5.761365173384547e-06
17200 Total cost: 4.605960384651553e-06
17210 Total cost: 5.547405635297764e-06
17220 Total cost: 5.110546680953121e-06
17230 Total cost: 5.144163878867403e-06
17240 Total cost: 6.3537345340591855e-06
17250 Total cost: 5.239494839770487e-06
17260 Total cost: 5.627092377835652e-06
17270 Total cost: 7.64010565035278e-06
17280 Total cost: 6.022617526468821e-06
17290 Total cost: 4.683955012296792e-06
17300 Total cost: 4.7119547161855735e-06
17310 Total cost: 6.224987373570912e-06
17320 Total cost: 5.766120921180118e-06
17330 Total cost: 6.234155080164783e-06
17340 Total cost: 6.571813173650298e-06
17350 Total cost: 8.29231612442527e-06
17360 Total cost: 7.2001303124125116e-06
17370 Total cost: 5.426925781648606e-06
17380 Total cost: 4.4752205212716945e-06
17390 Total cost: 5.805932232760824e-06
17400 Total cost: 5.342365511751268e-06
17410 Total cost: 5.387872988649178e-06
17420 Total cost: 5.468596100399736e-06
17430 Total cost: 5.3688590924139135e-06
17440 Total cost: 6.166800631035585e-06
17450 Total cost: 4.835688741877675e-06
17460 Total cost: 4.208156497043092e-06
17470 Total cost: 6.491542080766521e-06
17480 Total cost: 6.651923740719212e-06
17490 Total cost: 5.2996547310613096e-06
17500 Total cost: 4.516153694567038e-06
17510 Total cost: 5.140388566360343e-06
17520 Total cost: 5.19424065714702e-06
17530 Total cost: 5.727636562369298e-06
17540 Total cost: 5.9416197473183274e-06
17550 Total cost: 5.320894615579164e-06
17560 Total cost: 5.466690254252171e-06
17570 Total cost: 4.351318693807116e-06
17580 Total cost: 4.905288278678199e-06
17590 Total cost: 5.330805834091734e-06
17600 Total cost: 5.694034371117596e-06
17610 Total cost: 5.32442209077999e-06
17620 Total cost: 5.791737748950254e-06
17630 Total cost: 5.561399120779242e-06
17640 Total cost: 5.085631528345402e-06
17650 Total cost: 6.018044132360956e-06
17660 Total cost: 6.892811143188737e-06
17670 Total cost: 1.1730134247045498e-05
17680 Total cost: 7.74174986872822e-06
17690 Total cost: 9.38060475164093e-06
17700 Total cost: 8.399532816838473e-06
17710 Total cost: 7.259373887791298e-06
17720 Total cost: 7.203132554423064e-06
17730 Total cost: 6.5821859607240185e-06
17740 Total cost: 6.817334906372707e-06
17750 Total cost: 5.841934580530506e-06
17760 Total cost: 6.113386007200461e-06
17770 Total cost: 5.763758508692263e-06
17780 Total cost: 6.128074346634094e-06
17790 Total cost: 5.091925231681671e-06
17800 Total cost: 5.7828283388516866e-06
17810 Total cost: 6.32517867416027e-06
17820 Total cost: 4.994429218641017e-06
17830 Total cost: 4.494969289225992e-06
17840 Total cost: 6.657056928816019e-06
17850 Total cost: 5.316972874425119e-06
17860 Total cost: 5.413869075709954e-06
17870 Total cost: 5.008999323763419e-06
17880 Total cost: 5.22492246091133e-06
17890 Total cost: 5.247138687991537e-06
17900 Total cost: 6.044007022865117e-06
17910 Total cost: 4.506480763666332e-06
17920 Total cost: 1.4559739611286204e-05
17930 Total cost: 9.987427802116144e-06
17940 Total cost: 7.606398867210373e-06
17950 Total cost: 7.93435174273327e-06
17960 Total cost: 7.640073818038218e-06
17970 Total cost: 7.871244633861352e-06
17980 Total cost: 6.721487807226367e-06
17990 Total cost: 7.485227797587868e-06
Calculating RMSE; trajectory: 1
Calculating RMSE; trajectory: 2
Calculating RMSE; trajectory: 3
Calculating RMSE; trajectory: 4
Calculating RMSE; trajectory: 5
Calculating RMSE; trajectory: 6
Calculating RMSE; trajectory: 7
Calculating RMSE; trajectory: 8
Calculating RMSE; trajectory: 9
Calculating RMSE; trajectory: 10
Calculating RMSE; trajectory: 11
Calculating RMSE; trajectory: 12
Calculating RMSE; trajectory: 13
Calculating RMSE; trajectory: 14
Calculating RMSE; trajectory: 15
Calculating dynamic time warping distance; trajectory: 1
Calculating dynamic time warping distance; trajectory: 2
Calculating dynamic time warping distance; trajectory: 3
Calculating dynamic time warping distance; trajectory: 4
Calculating dynamic time warping distance; trajectory: 5
Calculating dynamic time warping distance; trajectory: 6
Calculating dynamic time warping distance; trajectory: 7
Calculating dynamic time warping distance; trajectory: 8
Calculating dynamic time warping distance; trajectory: 9
Calculating dynamic time warping distance; trajectory: 10
Calculating dynamic time warping distance; trajectory: 11
Calculating dynamic time warping distance; trajectory: 12
Calculating dynamic time warping distance; trajectory: 13
Calculating dynamic time warping distance; trajectory: 14
Calculating dynamic time warping distance; trajectory: 15
Calculating Frechet distance; trajectory: 1
Calculating Frechet distance; trajectory: 2
Calculating Frechet distance; trajectory: 3
Calculating Frechet distance; trajectory: 4
Calculating Frechet distance; trajectory: 5
Calculating Frechet distance; trajectory: 6
Calculating Frechet distance; trajectory: 7
Calculating Frechet distance; trajectory: 8
Calculating Frechet distance; trajectory: 9
Calculating Frechet distance; trajectory: 10
Calculating Frechet distance; trajectory: 11
Calculating Frechet distance; trajectory: 12
Calculating Frechet distance; trajectory: 13
Calculating Frechet distance; trajectory: 14
Calculating Frechet distance; trajectory: 15
/home/khw/Projects/pumafabrics/pumafabrics/puma_adapted/evaluation/evaluate_nd.py:20: VisibleDeprecationWarning: Creating an ndarray from ragged nested sequences (which is a list-or-tuple of lists-or-tuples-or ndarrays with different lengths or shapes) is deprecated. If you meant to do this, you must specify 'dtype=object' when creating the ndarray.
  delta_t_history = np.array(self.delta_t_eval)
Saving image to .//home/khw/Projects/pumafabrics/pumafabrics/puma_adapted/results/mujoco_kuka_simple_line0/images/primitive_0_iter_18000.pdf...
Metrics sum: 0.07667301677722368 ; Number of unsuccessful trajectories: 64
18000 Total cost: 7.410203579638619e-06
18010 Total cost: 6.223546279215952e-06
18020 Total cost: 6.588615178770851e-06
18030 Total cost: 7.559578989457805e-06
18040 Total cost: 7.773897777951788e-06
18050 Total cost: 7.092941359587712e-06
18060 Total cost: 6.308596766757546e-06
18070 Total cost: 8.62451815919485e-06
18080 Total cost: 6.400310667231679e-06
18090 Total cost: 7.744783033558633e-06
18100 Total cost: 4.725427970697638e-06
18110 Total cost: 5.694949322787579e-06
18120 Total cost: 5.740557753597386e-06
18130 Total cost: 6.264309831749415e-06
18140 Total cost: 5.8633913795347326e-06
18150 Total cost: 5.635848992824322e-06
18160 Total cost: 5.493824119184865e-06
18170 Total cost: 5.930747192905983e-06
18180 Total cost: 5.7531933634891175e-06
18190 Total cost: 5.256101758277509e-06
18200 Total cost: 5.608799256151542e-06
18210 Total cost: 4.875192644249182e-06
18220 Total cost: 4.657127647078596e-06
18230 Total cost: 4.598531631927472e-06
18240 Total cost: 5.193327069719089e-06
18250 Total cost: 7.070100764394738e-06
18260 Total cost: 4.9210802899324335e-06
18270 Total cost: 5.506571142177563e-06
18280 Total cost: 5.184102974453708e-06
18290 Total cost: 6.395584932761267e-06
18300 Total cost: 7.134698535082862e-06
18310 Total cost: 4.72903548143222e-06
18320 Total cost: 4.778768470714567e-06
18330 Total cost: 4.242288014211226e-06
18340 Total cost: 4.959223588230088e-06
18350 Total cost: 5.5887867347337306e-06
18360 Total cost: 6.921407020854531e-06
18370 Total cost: 5.078790309198666e-06
18380 Total cost: 6.929949449840933e-06
18390 Total cost: 5.008547304896638e-06
18400 Total cost: 5.152068752067862e-06
18410 Total cost: 4.585273018165026e-06
18420 Total cost: 4.186017577012535e-06
18430 Total cost: 6.583913091162685e-06
18440 Total cost: 4.618842467607465e-06
18450 Total cost: 5.593002242676448e-06
18460 Total cost: 4.382082806841936e-06
18470 Total cost: 4.87438092022785e-06
18480 Total cost: 6.12980647929362e-06
18490 Total cost: 4.71421526526683e-06
18500 Total cost: 7.902041033958085e-06
18510 Total cost: 9.031515219248831e-06
18520 Total cost: 6.9865391196799465e-06
18530 Total cost: 6.130685051175533e-06
18540 Total cost: 4.874240403296426e-06
18550 Total cost: 5.5875370890134946e-06
18560 Total cost: 5.675426564266672e-06
18570 Total cost: 5.7154629757860675e-06
18580 Total cost: 5.026577127864584e-06
18590 Total cost: 7.180272859841352e-06
18600 Total cost: 5.648920250678202e-06
18610 Total cost: 4.384256044431822e-06
18620 Total cost: 4.615181296685478e-06
18630 Total cost: 4.429322416399373e-06
18640 Total cost: 5.821090780955274e-06
18650 Total cost: 5.400710051617352e-06
18660 Total cost: 4.386457476357464e-06
18670 Total cost: 4.1362864067195915e-06
18680 Total cost: 4.445680588105461e-06
18690 Total cost: 4.965027983416803e-06
18700 Total cost: 4.568499207380228e-06
18710 Total cost: 4.674976935348241e-06
18720 Total cost: 4.012634690298e-06
18730 Total cost: 5.824205800308846e-06
18740 Total cost: 4.250421170581831e-06
18750 Total cost: 5.400631835073e-06
18760 Total cost: 6.0130651036161e-06
18770 Total cost: 8.058439561864361e-06
18780 Total cost: 5.372708528739167e-06
18790 Total cost: 5.75588774154312e-06
18800 Total cost: 4.849653123528697e-06
18810 Total cost: 6.492517059086822e-06
18820 Total cost: 5.5018276725604665e-06
18830 Total cost: 4.5422252696880605e-06
18840 Total cost: 5.08131097376463e-06
18850 Total cost: 4.754916972160572e-06
18860 Total cost: 5.631754902424291e-06
18870 Total cost: 5.775482350145467e-06
18880 Total cost: 4.574973900162149e-06
18890 Total cost: 4.7169091885734815e-06
18900 Total cost: 4.256359716237057e-06
18910 Total cost: 4.858676220464986e-06
18920 Total cost: 5.510458322532941e-06
18930 Total cost: 3.927757916244445e-06
18940 Total cost: 3.5940445286541944e-06
18950 Total cost: 5.163863079360453e-06
18960 Total cost: 4.892917331744684e-06
18970 Total cost: 4.4824378164776135e-06
18980 Total cost: 4.548835022433195e-06
18990 Total cost: 6.907150236656889e-06
Calculating RMSE; trajectory: 1
Calculating RMSE; trajectory: 2
Calculating RMSE; trajectory: 3
Calculating RMSE; trajectory: 4
Calculating RMSE; trajectory: 5
Calculating RMSE; trajectory: 6
Calculating RMSE; trajectory: 7
Calculating RMSE; trajectory: 8
Calculating RMSE; trajectory: 9
Calculating RMSE; trajectory: 10
Calculating RMSE; trajectory: 11
Calculating RMSE; trajectory: 12
Calculating RMSE; trajectory: 13
Calculating RMSE; trajectory: 14
Calculating RMSE; trajectory: 15
Calculating dynamic time warping distance; trajectory: 1
Calculating dynamic time warping distance; trajectory: 2
Calculating dynamic time warping distance; trajectory: 3
Calculating dynamic time warping distance; trajectory: 4
Calculating dynamic time warping distance; trajectory: 5
Calculating dynamic time warping distance; trajectory: 6
Calculating dynamic time warping distance; trajectory: 7
Calculating dynamic time warping distance; trajectory: 8
Calculating dynamic time warping distance; trajectory: 9
Calculating dynamic time warping distance; trajectory: 10
Calculating dynamic time warping distance; trajectory: 11
Calculating dynamic time warping distance; trajectory: 12
Calculating dynamic time warping distance; trajectory: 13
Calculating dynamic time warping distance; trajectory: 14
Calculating dynamic time warping distance; trajectory: 15
Calculating Frechet distance; trajectory: 1
Calculating Frechet distance; trajectory: 2
Calculating Frechet distance; trajectory: 3
Calculating Frechet distance; trajectory: 4
Calculating Frechet distance; trajectory: 5
Calculating Frechet distance; trajectory: 6
Calculating Frechet distance; trajectory: 7
Calculating Frechet distance; trajectory: 8
Calculating Frechet distance; trajectory: 9
Calculating Frechet distance; trajectory: 10
Calculating Frechet distance; trajectory: 11
Calculating Frechet distance; trajectory: 12
Calculating Frechet distance; trajectory: 13
Calculating Frechet distance; trajectory: 14
Calculating Frechet distance; trajectory: 15
Saving image to .//home/khw/Projects/pumafabrics/pumafabrics/puma_adapted/results/mujoco_kuka_simple_line0/images/primitive_0_iter_19000.pdf...
Metrics sum: 0.079187682411324 ; Number of unsuccessful trajectories: 64
19000 Total cost: 5.809553385915933e-06
19010 Total cost: 3.757193553610705e-06
19020 Total cost: 4.7721423470648006e-06
19030 Total cost: 4.380352038424462e-06
19040 Total cost: 4.658336365537252e-06
19050 Total cost: 5.496161520568421e-06
19060 Total cost: 3.974389073846396e-06
19070 Total cost: 5.37638288733433e-06
19080 Total cost: 5.16354839419364e-06
19090 Total cost: 3.627294745456311e-06
19100 Total cost: 4.712898771686014e-06
19110 Total cost: 5.731278633902548e-06
19120 Total cost: 4.391552920424147e-06
19130 Total cost: 4.498097041505389e-06
19140 Total cost: 4.078142410435248e-06
19150 Total cost: 3.5275215850560926e-06
19160 Total cost: 5.291050911182538e-06
19170 Total cost: 5.186282123759156e-06
19180 Total cost: 5.061453521193471e-06
19190 Total cost: 4.777893536811462e-06
19200 Total cost: 3.7009231164120138e-06
19210 Total cost: 4.471582997211954e-06
19220 Total cost: 4.327555870986544e-06
19230 Total cost: 3.87869295082055e-06
19240 Total cost: 4.647523383027874e-06
19250 Total cost: 3.7844044982193736e-06
19260 Total cost: 3.474447794360458e-06
19270 Total cost: 5.2587688514904585e-06
19280 Total cost: 4.970251211489085e-06
19290 Total cost: 5.323559435055358e-06
19300 Total cost: 4.012138106190832e-06
19310 Total cost: 6.507948455691803e-06
19320 Total cost: 5.41223562322557e-06
19330 Total cost: 5.578303444053745e-06
19340 Total cost: 4.764238383359043e-06
19350 Total cost: 6.463070803874871e-06
19360 Total cost: 5.798297934234142e-06
19370 Total cost: 4.3000036384910345e-06
19380 Total cost: 4.934976459480822e-06
19390 Total cost: 5.857695214217529e-06
19400 Total cost: 5.189382136450149e-06
19410 Total cost: 5.223971129453275e-06
19420 Total cost: 3.896432644978631e-06
19430 Total cost: /home/khw/Projects/pumafabrics/pumafabrics/puma_adapted/evaluation/evaluate_nd.py:20: VisibleDeprecationWarning: Creating an ndarray from ragged nested sequences (which is a list-or-tuple of lists-or-tuples-or ndarrays with different lengths or shapes) is deprecated. If you meant to do this, you must specify 'dtype=object' when creating the ndarray.
  delta_t_history = np.array(self.delta_t_eval)
/home/khw/Projects/pumafabrics/pumafabrics/puma_adapted/evaluation/evaluate_nd.py:63: RuntimeWarning: More than 20 figures have been opened. Figures created through the pyplot interface (`matplotlib.pyplot.figure`) are retained until explicitly closed and may consume too much memory. (To control this warning, see the rcParam `figure.max_open_warning`). Consider using `matplotlib.pyplot.close()`.
  fig, axs = plt.subplots(n_joints, figsize=(10, 25))
4.297213308745995e-06
19440 Total cost: 4.72517785965465e-06
19450 Total cost: 5.066348421678413e-06
19460 Total cost: 3.890821972163394e-06
19470 Total cost: 4.528270437731408e-06
19480 Total cost: 6.801231847930467e-06
19490 Total cost: 4.691516551247332e-06
19500 Total cost: 4.541446742223343e-06
19510 Total cost: 4.1404159674129914e-06
19520 Total cost: 4.905773948848946e-06
19530 Total cost: 4.178429662715644e-06
19540 Total cost: 4.304793492337922e-06
19550 Total cost: 4.62823300040327e-06
19560 Total cost: 4.424265171110164e-06
19570 Total cost: 4.16572629546863e-06
19580 Total cost: 4.374164745968301e-06
19590 Total cost: 4.132275080337422e-06
19600 Total cost: 8.318462278111838e-06
19610 Total cost: 7.465917406079825e-06
19620 Total cost: 5.66352900932543e-06
19630 Total cost: 4.666608219849877e-06
19640 Total cost: 3.666507836896926e-06
19650 Total cost: 5.332894033927005e-06
19660 Total cost: 4.229447768011596e-06
19670 Total cost: 5.452734967548167e-06
19680 Total cost: 3.935012500733137e-06
19690 Total cost: 4.375309345050482e-06
19700 Total cost: 3.956282853323501e-06
19710 Total cost: 4.473707122087944e-06
19720 Total cost: 5.212384166952688e-06
19730 Total cost: 4.521102255239384e-06
19740 Total cost: 7.4265749390178826e-06
19750 Total cost: 6.031524208083283e-06
19760 Total cost: 5.89746287005255e-06
19770 Total cost: 5.281593530526152e-06
19780 Total cost: 3.9449241739930585e-06
19790 Total cost: 4.795403128809994e-06
19800 Total cost: 3.3239557524211705e-06
19810 Total cost: 4.141016233916162e-06
19820 Total cost: 3.5751841096498538e-06
19830 Total cost: 4.779225491802208e-06
19840 Total cost: 5.541071004699916e-06
19850 Total cost: 5.705936928279698e-06
19860 Total cost: 5.364344360714313e-06
19870 Total cost: 4.755823283630889e-06
19880 Total cost: 7.184503829194e-06
19890 Total cost: 4.86324415760464e-06
19900 Total cost: 4.7617686504963785e-06
19910 Total cost: 4.8445908760186285e-06
19920 Total cost: 5.7269262470072135e-06
19930 Total cost: 4.300999989936827e-06
19940 Total cost: 4.9842083171824925e-06
19950 Total cost: 5.190732736082282e-06
19960 Total cost: 3.901743639289634e-06
19970 Total cost: 6.069221853977069e-06
19980 Total cost: 4.229933438182343e-06
19990 Total cost: 5.0745202315738425e-06
Calculating RMSE; trajectory: 1
Calculating RMSE; trajectory: 2
Calculating RMSE; trajectory: 3
Calculating RMSE; trajectory: 4
Calculating RMSE; trajectory: 5
Calculating RMSE; trajectory: 6
Calculating RMSE; trajectory: 7
Calculating RMSE; trajectory: 8
Calculating RMSE; trajectory: 9
Calculating RMSE; trajectory: 10
Calculating RMSE; trajectory: 11
Calculating RMSE; trajectory: 12
Calculating RMSE; trajectory: 13
Calculating RMSE; trajectory: 14
Calculating RMSE; trajectory: 15
Calculating dynamic time warping distance; trajectory: 1
Calculating dynamic time warping distance; trajectory: 2
Calculating dynamic time warping distance; trajectory: 3
Calculating dynamic time warping distance; trajectory: 4
Calculating dynamic time warping distance; trajectory: 5
Calculating dynamic time warping distance; trajectory: 6
Calculating dynamic time warping distance; trajectory: 7
Calculating dynamic time warping distance; trajectory: 8
Calculating dynamic time warping distance; trajectory: 9
Calculating dynamic time warping distance; trajectory: 10
Calculating dynamic time warping distance; trajectory: 11
Calculating dynamic time warping distance; trajectory: 12
Calculating dynamic time warping distance; trajectory: 13
Calculating dynamic time warping distance; trajectory: 14
Calculating dynamic time warping distance; trajectory: 15
Calculating Frechet distance; trajectory: 1
Calculating Frechet distance; trajectory: 2
Calculating Frechet distance; trajectory: 3
Calculating Frechet distance; trajectory: 4
Calculating Frechet distance; trajectory: 5
Calculating Frechet distance; trajectory: 6
Calculating Frechet distance; trajectory: 7
Calculating Frechet distance; trajectory: 8
Calculating Frechet distance; trajectory: 9
Calculating Frechet distance; trajectory: 10
Calculating Frechet distance; trajectory: 11
Calculating Frechet distance; trajectory: 12
Calculating Frechet distance; trajectory: 13
Calculating Frechet distance; trajectory: 14
Calculating Frechet distance; trajectory: 15
Saving image to .//home/khw/Projects/pumafabrics/pumafabrics/puma_adapted/results/mujoco_kuka_simple_line0/images/primitive_0_iter_20000.pdf...
Metrics sum: 0.08366150087194774 ; Number of unsuccessful trajectories: 64
20000 Total cost: 4.310650183469988e-06
20010 Total cost: 4.204222022963222e-06
20020 Total cost: 4.354159955255454e-06
20030 Total cost: 4.18399395130109e-06
20040 Total cost: 4.650025857699802e-06
20050 Total cost: 3.170710442645941e-06
20060 Total cost: 4.760241608892102e-06
20070 Total cost: 3.204936092515709e-06
20080 Total cost: 3.827227374131326e-06
20090 Total cost: 4.742148121295031e-06
20100 Total cost: 4.885804173682118e-06
20110 Total cost: 4.175819412921555e-06
20120 Total cost: 3.364358008184354e-06
20130 Total cost: 3.857008323393529e-06
20140 Total cost: 5.0961289161932655e-06
20150 Total cost: 4.818123215954984e-06
20160 Total cost: 3.52923370883218e-06
20170 Total cost: 3.819848188868491e-06
20180 Total cost: 5.347477326722583e-06
20190 Total cost: 4.122879545320757e-06
20200 Total cost: 5.300843895383878e-06
20210 Total cost: 4.760559932037722e-06
20220 Total cost: 3.930526872863993e-06
20230 Total cost: 3.46256547345547e-06
20240 Total cost: 4.0836066546035e-06
20250 Total cost: 4.431311936059501e-06
20260 Total cost: 3.431894356253906e-06
20270 Total cost: 7.2308275775867514e-06
20280 Total cost: 8.372944648726843e-06
20290 Total cost: 6.969061359995976e-06
20300 Total cost: 6.457471499743406e-06
20310 Total cost: 5.265899289952358e-06
20320 Total cost: 4.656002602132503e-06
20330 Total cost: 5.196584424993489e-06
20340 Total cost: 5.229799171502236e-06
20350 Total cost: 4.184267709206324e-06
20360 Total cost: 3.496299086691579e-06
20370 Total cost: 5.062918262410676e-06
20380 Total cost: 4.418807748152176e-06
20390 Total cost: 4.651100425689947e-06
20400 Total cost: 5.710377081413753e-06
20410 Total cost: 4.6773129724897444e-06
20420 Total cost: 7.210346666397527e-06
20430 Total cost: 4.2679771468101535e-06
20440 Total cost: 4.924323093291605e-06
20450 Total cost: 3.5949058201367734e-06
20460 Total cost: 3.933061634597834e-06
20470 Total cost: 6.1182176978036296e-06
20480 Total cost: 1.3238879546406679e-05
20490 Total cost: 9.038749340106733e-06
20500 Total cost: 9.069986845133826e-06
20510 Total cost: 7.297897809621645e-06
20520 Total cost: 2.3407279513776302e-05
20530 Total cost: 6.559892790392041e-05
20540 Total cost: 8.289300603792071e-05
20550 Total cost: 5.1469949539750814e-05
20560 Total cost: 2.7771360691986047e-05
20570 Total cost: 7.963157258927822e-05
20580 Total cost: 4.3847197957802564e-05
20590 Total cost: 5.576256808126345e-05
20600 Total cost: 0.00011779210035456344
20610 Total cost: 1.3327791748452e-05
20620 Total cost: 1.4837302842352074e-05
20630 Total cost: 1.1946065569645725e-05
20640 Total cost: 1.3288874470163137e-05
20650 Total cost: 1.119608714361675e-05
20660 Total cost: 1.167730260931421e-05
20670 Total cost: 1.271626661036862e-05
20680 Total cost: 1.7413782188668847e-05
20690 Total cost: 1.1424017429817468e-05
20700 Total cost: 1.2250338841113262e-05
20710 Total cost: 1.1513510798977222e-05
20720 Total cost: 1.313512802880723e-05
20730 Total cost: 9.90756325336406e-06
20740 Total cost: 1.0170985660806764e-05
20750 Total cost: 1.0794002264447045e-05
20760 Total cost: 1.0352096978749614e-05
20770 Total cost: 1.4072913472773507e-05
20780 Total cost: 1.0338218999095261e-05
20790 Total cost: 1.1116067980765365e-05
20800 Total cost: 1.1410225852159783e-05
20810 Total cost: 1.037382025970146e-05
20820 Total cost: 1.023609274852788e-05
20830 Total cost: 1.1293373972875997e-05
20840 Total cost: 8.946334673964884e-06
20850 Total cost: 1.1761286259570625e-05
20860 Total cost: 8.93624201125931e-06
20870 Total cost: 1.0046751413028687e-05
20880 Total cost: 1.057101326296106e-05
20890 Total cost: 9.53808194026351e-06
20900 Total cost: 1.095175502996426e-05
20910 Total cost: /home/khw/Projects/pumafabrics/pumafabrics/puma_adapted/evaluation/evaluate_nd.py:20: VisibleDeprecationWarning: Creating an ndarray from ragged nested sequences (which is a list-or-tuple of lists-or-tuples-or ndarrays with different lengths or shapes) is deprecated. If you meant to do this, you must specify 'dtype=object' when creating the ndarray.
  delta_t_history = np.array(self.delta_t_eval)
8.975574019132182e-06
20920 Total cost: 9.613023394194897e-06
20930 Total cost: 1.3508109077520203e-05
20940 Total cost: 9.562781087879557e-06
20950 Total cost: 1.0460570592840668e-05
20960 Total cost: 9.455616236664355e-06
20970 Total cost: 1.0821367141033988e-05
20980 Total cost: 9.497901373833884e-06
20990 Total cost: 1.0798368748510256e-05
Calculating RMSE; trajectory: 1
Calculating RMSE; trajectory: 2
Calculating RMSE; trajectory: 3
Calculating RMSE; trajectory: 4
Calculating RMSE; trajectory: 5
Calculating RMSE; trajectory: 6
Calculating RMSE; trajectory: 7
Calculating RMSE; trajectory: 8
Calculating RMSE; trajectory: 9
Calculating RMSE; trajectory: 10
Calculating RMSE; trajectory: 11
Calculating RMSE; trajectory: 12
Calculating RMSE; trajectory: 13
Calculating RMSE; trajectory: 14
Calculating RMSE; trajectory: 15
Calculating dynamic time warping distance; trajectory: 1
Calculating dynamic time warping distance; trajectory: 2
Calculating dynamic time warping distance; trajectory: 3
Calculating dynamic time warping distance; trajectory: 4
Calculating dynamic time warping distance; trajectory: 5
Calculating dynamic time warping distance; trajectory: 6
Calculating dynamic time warping distance; trajectory: 7
Calculating dynamic time warping distance; trajectory: 8
Calculating dynamic time warping distance; trajectory: 9
Calculating dynamic time warping distance; trajectory: 10
Calculating dynamic time warping distance; trajectory: 11
Calculating dynamic time warping distance; trajectory: 12
Calculating dynamic time warping distance; trajectory: 13
Calculating dynamic time warping distance; trajectory: 14
Calculating dynamic time warping distance; trajectory: 15
Calculating Frechet distance; trajectory: 1
Calculating Frechet distance; trajectory: 2
Calculating Frechet distance; trajectory: 3
Calculating Frechet distance; trajectory: 4
Calculating Frechet distance; trajectory: 5
Calculating Frechet distance; trajectory: 6
Calculating Frechet distance; trajectory: 7
Calculating Frechet distance; trajectory: 8
Calculating Frechet distance; trajectory: 9
Calculating Frechet distance; trajectory: 10
Calculating Frechet distance; trajectory: 11
Calculating Frechet distance; trajectory: 12
Calculating Frechet distance; trajectory: 13
Calculating Frechet distance; trajectory: 14
Calculating Frechet distance; trajectory: 15
Saving image to .//home/khw/Projects/pumafabrics/pumafabrics/puma_adapted/results/mujoco_kuka_simple_line0/images/primitive_0_iter_21000.pdf...
Metrics sum: 0.08787557240951305 ; Number of unsuccessful trajectories: 64
21000 Total cost: 1.220392732648179e-05
21010 Total cost: 1.0347353963879868e-05
21020 Total cost: 5.062154741608538e-05
21030 Total cost: 7.2039720180328e-06
21040 Total cost: 9.681618394097313e-06
21050 Total cost: 7.830005415598862e-06
21060 Total cost: 9.499812222202308e-06
21070 Total cost: 1.0341324014007114e-05
21080 Total cost: 1.0968695278279483e-05
21090 Total cost: 1.1903868653462268e-05
21100 Total cost: 9.42281349125551e-06
21110 Total cost: 8.384977263631299e-06
21120 Total cost: 7.486163212888641e-06
21130 Total cost: 1.00549659691751e-05
21140 Total cost: 9.675266483100131e-06
21150 Total cost: 1.102537862607278e-05
21160 Total cost: 1.0633984857122414e-05
21170 Total cost: 8.612506462668534e-06
21180 Total cost: 8.335307029483374e-06
21190 Total cost: 8.374103344976902e-06
21200 Total cost: 9.910693734127562e-06
21210 Total cost: 9.039906217367388e-06
21220 Total cost: 8.15821022115415e-06
21230 Total cost: 1.089814213628415e-05
21240 Total cost: 1.0697329344111495e-05
21250 Total cost: 9.617924661142752e-06
21260 Total cost: 1.0475652743480168e-05
21270 Total cost: 9.654604582465254e-06
21280 Total cost: 9.806475645746104e-06
21290 Total cost: 8.778642950346693e-06
21300 Total cost: 1.1911952242371626e-05
21310 Total cost: 9.2069931270089e-06
21320 Total cost: 9.163211871054955e-06
21330 Total cost: 9.688237696536817e-06
21340 Total cost: 9.316405339632183e-06
21350 Total cost: 1.0623190974001773e-05
21360 Total cost: 8.246754987339955e-06
21370 Total cost: 9.327337465947494e-06
21380 Total cost: 9.52601658354979e-06
21390 Total cost: 6.931908046681201e-06
21400 Total cost: 1.0652659511833917e-05
21410 Total cost: 7.800274943292607e-06
21420 Total cost: 7.414137144223787e-06
21430 Total cost: 8.054436875681859e-06
21440 Total cost: 7.1919239417184144e-06
21450 Total cost: 8.408322173636407e-06
21460 Total cost: 9.479854270466603e-06
21470 Total cost: 9.01146177056944e-06
21480 Total cost: 6.751681212335825e-06
21490 Total cost: 7.696234206377994e-06
21500 Total cost: 7.555941465398064e-06
21510 Total cost: 9.022976882988587e-06
21520 Total cost: 9.424389645573683e-06
21530 Total cost: 7.718941560597159e-06
21540 Total cost: 6.661788575001992e-06
21550 Total cost: 8.673133379488718e-06
21560 Total cost: 7.947044650791213e-06
21570 Total cost: 9.151770427706651e-06
21580 Total cost: 8.911913937481586e-06
21590 Total cost: 8.03945295047015e-06
21600 Total cost: 1.027304824674502e-05
21610 Total cost: 9.175389095616993e-06
21620 Total cost: 8.228258593589999e-06
21630 Total cost: 9.89558975561522e-06
21640 Total cost: 9.5372561190743e-06
21650 Total cost: 7.726654075668193e-06
21660 Total cost: 8.314843398693483e-06
21670 Total cost: 7.82952247391222e-06
21680 Total cost: 9.54735151026398e-06
21690 Total cost: 6.942585514480015e-06
21700 Total cost: 8.35471655591391e-06
21710 Total cost: 6.191445208969526e-06
21720 Total cost: 7.4928552749042865e-06
21730 Total cost: 9.376450179843232e-06
21740 Total cost: 5.365838205761975e-06
21750 Total cost: 9.934609806805383e-06
21760 Total cost: 8.500030162394978e-06
21770 Total cost: 7.415635536744958e-06
21780 Total cost: 5.416707608674187e-06
21790 Total cost: 6.7085416048939805e-06
21800 Total cost: 6.940055300219683e-06
21810 Total cost: 9.0131852630293e-06
21820 Total cost: 8.422019163845107e-06
21830 Total cost: 8.487377272103913e-06
21840 Total cost: 8.549193807994016e-06
21850 Total cost: 6.568648586835479e-06
21860 Total cost: 7.955277396831661e-06
21870 Total cost: 8.906135917641222e-06
21880 Total cost: 6.632350959989708e-06
21890 Total cost: 7.89902696851641e-06
21900 Total cost: 7.602744062751299e-06
21910 Total cost: 6.258558642002754e-06
21920 Total cost: 7.482574801542796e-06
21930 Total cost: 8.49334719532635e-06
21940 Total cost: 7.171934157668147e-06
21950 Total cost: 7.693674888287205e-06
21960 Total cost: 7.352731245191535e-06
21970 Total cost: 5.508243248186773e-06
21980 Total cost: 8.117661309370305e-06
21990 Total cost: 7.17168404662516e-06
Calculating RMSE; trajectory: 1
Calculating RMSE; trajectory: 2
Calculating RMSE; trajectory: 3
Calculating RMSE; trajectory: 4
Calculating RMSE; trajectory: 5
Calculating RMSE; trajectory: 6
Calculating RMSE; trajectory: 7
Calculating RMSE; trajectory: 8
Calculating RMSE; trajectory: 9
Calculating RMSE; trajectory: 10
Calculating RMSE; trajectory: 11
Calculating RMSE; trajectory: 12
Calculating RMSE; trajectory: 13
Calculating RMSE; trajectory: 14
Calculating RMSE; trajectory: 15
Calculating dynamic time warping distance; trajectory: 1
Calculating dynamic time warping distance; trajectory: 2
Calculating dynamic time warping distance; trajectory: 3
Calculating dynamic time warping distance; trajectory: 4
Calculating dynamic time warping distance; trajectory: 5
Calculating dynamic time warping distance; trajectory: 6
Calculating dynamic time warping distance; trajectory: 7
Calculating dynamic time warping distance; trajectory: 8
Calculating dynamic time warping distance; trajectory: 9
Calculating dynamic time warping distance; trajectory: 10
Calculating dynamic time warping distance; trajectory: 11
Calculating dynamic time warping distance; trajectory: 12
Calculating dynamic time warping distance; trajectory: 13
Calculating dynamic time warping distance; trajectory: 14
Calculating dynamic time warping distance; trajectory: 15
Calculating Frechet distance; trajectory: 1
Calculating Frechet distance; trajectory: 2
Calculating Frechet distance; trajectory: 3
Calculating Frechet distance; trajectory: 4
Calculating Frechet distance; trajectory: 5
Calculating Frechet distance; trajectory: 6
/home/khw/Projects/pumafabrics/pumafabrics/puma_adapted/evaluation/evaluate_nd.py:20: VisibleDeprecationWarning: Creating an ndarray from ragged nested sequences (which is a list-or-tuple of lists-or-tuples-or ndarrays with different lengths or shapes) is deprecated. If you meant to do this, you must specify 'dtype=object' when creating the ndarray.
  delta_t_history = np.array(self.delta_t_eval)
/home/khw/Projects/pumafabrics/pumafabrics/puma_adapted/evaluation/evaluate_nd.py:20: VisibleDeprecationWarning: Creating an ndarray from ragged nested sequences (which is a list-or-tuple of lists-or-tuples-or ndarrays with different lengths or shapes) is deprecated. If you meant to do this, you must specify 'dtype=object' when creating the ndarray.
  delta_t_history = np.array(self.delta_t_eval)
Calculating Frechet distance; trajectory: 7
Calculating Frechet distance; trajectory: 8
Calculating Frechet distance; trajectory: 9
Calculating Frechet distance; trajectory: 10
Calculating Frechet distance; trajectory: 11
Calculating Frechet distance; trajectory: 12
Calculating Frechet distance; trajectory: 13
Calculating Frechet distance; trajectory: 14
Calculating Frechet distance; trajectory: 15
Saving image to .//home/khw/Projects/pumafabrics/pumafabrics/puma_adapted/results/mujoco_kuka_simple_line0/images/primitive_0_iter_22000.pdf...
Metrics sum: 0.0808910537998383 ; Number of unsuccessful trajectories: 64
22000 Total cost: 5.990063073113561e-06
22010 Total cost: 7.146210464270553e-06
22020 Total cost: 8.030309800233226e-06
22030 Total cost: 6.809339083702071e-06
22040 Total cost: 7.532463314419147e-06
22050 Total cost: 8.026926479942631e-06
22060 Total cost: 7.316305982385529e-06
22070 Total cost: 6.416171800083248e-06
22080 Total cost: 6.395639502443373e-06
22090 Total cost: 7.731096047791652e-06
22100 Total cost: 6.355266577884322e-06
22110 Total cost: 7.527836260123877e-06
22120 Total cost: 7.124289368221071e-06
22130 Total cost: 5.774928922619438e-06
22140 Total cost: 8.2704273154377e-06
22150 Total cost: 7.436717169184703e-06
22160 Total cost: 6.607441719097551e-06
22170 Total cost: 7.1273980211117305e-06
22180 Total cost: 6.5929480115300976e-06
22190 Total cost: 6.578700322279474e-06
22200 Total cost: 6.300540917436592e-06
22210 Total cost: 5.990695626678644e-06
22220 Total cost: 5.731986220780527e-06
22230 Total cost: 6.249094440136105e-06
22240 Total cost: 6.2676876950718e-06
22250 Total cost: 6.21276694801054e-06
22260 Total cost: 6.1199680203571916e-06
22270 Total cost: 5.633433829643764e-06
22280 Total cost: 7.487231414415874e-06
22290 Total cost: 4.97897462992114e-06
22300 Total cost: 6.147633939690422e-06
22310 Total cost: 5.380659331422066e-06
22320 Total cost: 7.401158200082136e-06
22330 Total cost: 6.716574262100039e-06
22340 Total cost: 6.293102615018142e-06
22350 Total cost: 5.9042058637714945e-06
22360 Total cost: 5.76281308894977e-06
22370 Total cost: 6.758714334864635e-06
22380 Total cost: 4.6227760321926326e-06
22390 Total cost: 5.92333799431799e-06
22400 Total cost: 6.02529507887084e-06
22410 Total cost: 5.9981116464769e-06
22420 Total cost: 5.369372956920415e-06
22430 Total cost: 6.0801899053331e-06
22440 Total cost: 4.501798230194254e-06
22450 Total cost: 5.865214461664436e-06
22460 Total cost: 5.4975780585664324e-06
22470 Total cost: 5.790364866697928e-06
22480 Total cost: 6.356579433486331e-06
22490 Total cost: 6.380763807101175e-06
22500 Total cost: 5.687220891559264e-06
22510 Total cost: 7.500220362999244e-06
22520 Total cost: 6.180554009915795e-06
22530 Total cost: 6.727495474478928e-06
22540 Total cost: 6.452455181715777e-06
22550 Total cost: 6.0650431805697735e-06
22560 Total cost: 6.1915793594380375e-06
22570 Total cost: 4.9127811507787555e-06
22580 Total cost: 4.93840207127505e-06
22590 Total cost: 5.987426447973121e-06
22600 Total cost: 4.63798505734303e-06
22610 Total cost: 7.663757060072385e-06
22620 Total cost: 1.0818893315445166e-05
22630 Total cost: 8.65275342221139e-06
22640 Total cost: 8.79395429365104e-06
22650 Total cost: 8.485213584208395e-06
22660 Total cost: 6.006143848935608e-06
22670 Total cost: 8.14906888990663e-06
22680 Total cost: 8.646683272672817e-05
22690 Total cost: 4.268884367775172e-05
22700 Total cost: 6.279751687543467e-06
22710 Total cost: 7.643199751328211e-06
22720 Total cost: 6.229282917047385e-06
22730 Total cost: 9.634603884478565e-06
22740 Total cost: 1.0569301593932323e-05
22750 Total cost: 6.4909727370832115e-06
22760 Total cost: 8.364864697796293e-06
22770 Total cost: 6.452073648688383e-06
22780 Total cost: 4.301938315620646e-05
22790 Total cost: 7.912633009254932e-06
22800 Total cost: 7.392358384095132e-06
22810 Total cost: 8.137672921293415e-06
22820 Total cost: 6.325648428173736e-06
22830 Total cost: 6.912408025527839e-06
22840 Total cost: 5.451081960927695e-06
22850 Total cost: 6.1023210946586914e-06
22860 Total cost: 5.129853889229707e-06
22870 Total cost: 5.222638719715178e-06
22880 Total cost: 5.456975486595184e-06
22890 Total cost: 4.6786544771748595e-06
22900 Total cost: 1.1333775546518154e-05
22910 Total cost: 6.058665348973591e-06
22920 Total cost: 6.63495802655234e-06
22930 Total cost: 5.511886229214724e-06
22940 Total cost: 5.047416834713658e-06
22950 Total cost: 6.265470801736228e-06
22960 Total cost: 5.75077865505591e-06
22970 Total cost: 5.028781288274331e-06
22980 Total cost: 5.582281119131949e-06
22990 Total cost: 5.909430001338478e-06
Calculating RMSE; trajectory: 1
Calculating RMSE; trajectory: 2
Calculating RMSE; trajectory: 3
Calculating RMSE; trajectory: 4
Calculating RMSE; trajectory: 5
Calculating RMSE; trajectory: 6
Calculating RMSE; trajectory: 7
Calculating RMSE; trajectory: 8
Calculating RMSE; trajectory: 9
Calculating RMSE; trajectory: 10
Calculating RMSE; trajectory: 11
Calculating RMSE; trajectory: 12
Calculating RMSE; trajectory: 13
Calculating RMSE; trajectory: 14
Calculating RMSE; trajectory: 15
Calculating dynamic time warping distance; trajectory: 1
Calculating dynamic time warping distance; trajectory: 2
Calculating dynamic time warping distance; trajectory: 3
Calculating dynamic time warping distance; trajectory: 4
Calculating dynamic time warping distance; trajectory: 5
Calculating dynamic time warping distance; trajectory: 6
Calculating dynamic time warping distance; trajectory: 7
Calculating dynamic time warping distance; trajectory: 8
Calculating dynamic time warping distance; trajectory: 9
Calculating dynamic time warping distance; trajectory: 10
Calculating dynamic time warping distance; trajectory: 11
Calculating dynamic time warping distance; trajectory: 12
Calculating dynamic time warping distance; trajectory: 13
Calculating dynamic time warping distance; trajectory: 14
Calculating dynamic time warping distance; trajectory: 15
Calculating Frechet distance; trajectory: 1
Calculating Frechet distance; trajectory: 2
Calculating Frechet distance; trajectory: 3
Calculating Frechet distance; trajectory: 4
Calculating Frechet distance; trajectory: 5
Calculating Frechet distance; trajectory: 6
Calculating Frechet distance; trajectory: 7
Calculating Frechet distance; trajectory: 8
Calculating Frechet distance; trajectory: 9
Calculating Frechet distance; trajectory: 10
Calculating Frechet distance; trajectory: 11
Calculating Frechet distance; trajectory: 12
Calculating Frechet distance; trajectory: 13
Calculating Frechet distance; trajectory: 14
Calculating Frechet distance; trajectory: 15
Saving image to .//home/khw/Projects/pumafabrics/pumafabrics/puma_adapted/results/mujoco_kuka_simple_line0/images/primitive_0_iter_23000.pdf...
Metrics sum: 0.08896787725153792 ; Number of unsuccessful trajectories: 64
23000 Total cost: 6.022438356012572e-06
23010 Total cost: 5.3453759392141365e-06
23020 Total cost: 5.958366273262072e-06
23030 Total cost: 5.095096639706753e-06
23040 Total cost: 5.276315278024413e-06
23050 Total cost: 4.708444521384081e-06
23060 Total cost: 6.185739948705304e-06
23070 Total cost: 4.671582246373873e-06
23080 Total cost: 5.5256709856621455e-06
23090 Total cost: 6.030285931046819e-06
23100 Total cost: 6.201599717314821e-06
23110 Total cost: 6.344003395497566e-06
23120 Total cost: 5.770101779489778e-06
23130 Total cost: 6.150999070086982e-06
23140 Total cost: 4.909265499009052e-06
23150 Total cost: 5.209590653976193e-06
23160 Total cost: 5.894758487556828e-06
23170 Total cost: 4.715681370726088e-06
23180 Total cost: 5.804417924082372e-06
23190 Total cost: 5.333329227141803e-06
23200 Total cost: 6.37034236206091e-06
23210 Total cost: 5.624031473416835e-06
23220 Total cost: 5.223959306022152e-06
23230 Total cost: 4.7032913244038355e-06
23240 Total cost: 5.047190825280268e-06
23250 Total cost: 4.980702669854509e-06
23260 Total cost: 4.582457222568337e-06
23270 Total cost: 4.223238647682592e-06
23280 Total cost: 4.120410721952794e-06
23290 Total cost: 4.760191586683504e-06
23300 Total cost: 4.812523457076168e-06
23310 Total cost: 5.5090931709855795e-06
23320 Total cost: 4.989568424207391e-06
23330 Total cost: /home/khw/Projects/pumafabrics/pumafabrics/puma_adapted/evaluation/evaluate_nd.py:20: VisibleDeprecationWarning: Creating an ndarray from ragged nested sequences (which is a list-or-tuple of lists-or-tuples-or ndarrays with different lengths or shapes) is deprecated. If you meant to do this, you must specify 'dtype=object' when creating the ndarray.
  delta_t_history = np.array(self.delta_t_eval)
4.822574737772811e-06
23340 Total cost: 5.693306775356177e-06
23350 Total cost: 3.922870291717118e-06
23360 Total cost: 7.013021786406171e-06
23370 Total cost: 4.718858690466732e-06
23380 Total cost: 4.787430043506902e-06
23390 Total cost: 4.585790520650335e-06
23400 Total cost: 4.901356533082435e-06
23410 Total cost: 4.203098342259182e-06
23420 Total cost: 5.452012374007609e-06
23430 Total cost: 4.839322173211258e-06
23440 Total cost: 5.366213372326456e-06
23450 Total cost: 4.39311406807974e-06
23460 Total cost: 5.316160240909085e-06
23470 Total cost: 5.997851076244842e-06
23480 Total cost: 5.626744950859575e-06
23490 Total cost: 5.91277057537809e-06
23500 Total cost: 5.576127932727104e-06
23510 Total cost: 6.372149073285982e-06
23520 Total cost: 4.295824055589037e-06
23530 Total cost: 5.118296940054279e-06
23540 Total cost: 5.073393822385697e-06
23550 Total cost: 5.522866104001878e-06
23560 Total cost: 5.530465841729892e-06
23570 Total cost: 4.34486764788744e-06
23580 Total cost: 5.492776381288422e-06
23590 Total cost: 5.313080237101531e-06
23600 Total cost: 5.70326028537238e-06
23610 Total cost: 6.885856691951631e-06
23620 Total cost: 5.514053555089049e-06
23630 Total cost: 3.982841917604674e-06
23640 Total cost: 5.621860509563703e-06
23650 Total cost: 4.741204520541942e-06
23660 Total cost: 4.352179530542344e-06
23670 Total cost: 3.961893071391387e-06
23680 Total cost: 6.096298875490902e-06
23690 Total cost: 4.881984750682022e-06
23700 Total cost: 4.646267825592076e-06
23710 Total cost: 5.329491159500321e-06
23720 Total cost: 4.946318767906632e-06
23730 Total cost: 3.8047937778173946e-06
23740 Total cost: 4.832227205042727e-06
23750 Total cost: 5.097455414215801e-06
23760 Total cost: 4.7063549573067576e-06
23770 Total cost: 4.67129348180606e-06
23780 Total cost: 5.483245331561193e-06
23790 Total cost: 4.570192686514929e-06
23800 Total cost: 5.2640516514657065e-06
23810 Total cost: 5.38272342964774e-06
23820 Total cost: 5.793417585664429e-06
23830 Total cost: 5.144001988810487e-06
23840 Total cost: 5.009923825127771e-06
23850 Total cost: 5.1909546527895145e-06
23860 Total cost: 4.005371465609642e-06
23870 Total cost: 4.063821506861132e-06
23880 Total cost: 5.57397652301006e-06
23890 Total cost: 4.863954927714076e-06
23900 Total cost: 5.349521870812168e-06
23910 Total cost: 4.639132384909317e-06
23920 Total cost: 4.591662218444981e-06
23930 Total cost: 4.159305717621464e-06
23940 Total cost: 4.1415173654968385e-06
23950 Total cost: 4.81657707496197e-06
23960 Total cost: 3.700232809933368e-06
23970 Total cost: 4.507229732553242e-06
23980 Total cost: 4.003593403467676e-06
23990 Total cost: 4.533492301561637e-06
Calculating RMSE; trajectory: 1
Calculating RMSE; trajectory: 2
Calculating RMSE; trajectory: 3
Calculating RMSE; trajectory: 4
Calculating RMSE; trajectory: 5
Calculating RMSE; trajectory: 6
Calculating RMSE; trajectory: 7
Calculating RMSE; trajectory: 8
Calculating RMSE; trajectory: 9
Calculating RMSE; trajectory: 10
Calculating RMSE; trajectory: 11
Calculating RMSE; trajectory: 12
Calculating RMSE; trajectory: 13
Calculating RMSE; trajectory: 14
Calculating RMSE; trajectory: 15
Calculating dynamic time warping distance; trajectory: 1
Calculating dynamic time warping distance; trajectory: 2
Calculating dynamic time warping distance; trajectory: 3
Calculating dynamic time warping distance; trajectory: 4
Calculating dynamic time warping distance; trajectory: 5
Calculating dynamic time warping distance; trajectory: 6
Calculating dynamic time warping distance; trajectory: 7
Calculating dynamic time warping distance; trajectory: 8
Calculating dynamic time warping distance; trajectory: 9
Calculating dynamic time warping distance; trajectory: 10
Calculating dynamic time warping distance; trajectory: 11
Calculating dynamic time warping distance; trajectory: 12
Calculating dynamic time warping distance; trajectory: 13
Calculating dynamic time warping distance; trajectory: 14
Calculating dynamic time warping distance; trajectory: 15
Calculating Frechet distance; trajectory: 1
Calculating Frechet distance; trajectory: 2
Calculating Frechet distance; trajectory: 3
Calculating Frechet distance; trajectory: 4
Calculating Frechet distance; trajectory: 5
Calculating Frechet distance; trajectory: 6
Calculating Frechet distance; trajectory: 7
Calculating Frechet distance; trajectory: 8
Calculating Frechet distance; trajectory: 9
Calculating Frechet distance; trajectory: 10
Calculating Frechet distance; trajectory: 11
Calculating Frechet distance; trajectory: 12
Calculating Frechet distance; trajectory: 13
Calculating Frechet distance; trajectory: 14
Calculating Frechet distance; trajectory: 15
Saving image to .//home/khw/Projects/pumafabrics/pumafabrics/puma_adapted/results/mujoco_kuka_simple_line0/images/primitive_0_iter_24000.pdf...
Metrics sum: 0.08346324883737771 ; Number of unsuccessful trajectories: 64
24000 Total cost: 5.829905603604857e-06
24010 Total cost: 4.245332547725411e-06
24020 Total cost: 4.438230007508537e-06
24030 Total cost: 6.047916031093337e-06
24040 Total cost: 4.295908183848951e-06
24050 Total cost: 3.7143627196201123e-06
24060 Total cost: 3.710223154484993e-06
24070 Total cost: 4.312912096793298e-06
24080 Total cost: 6.500244126073085e-06
24090 Total cost: 7.6086812441644724e-06
24100 Total cost: 4.515846740105189e-06
24110 Total cost: 3.691562142194016e-06
24120 Total cost: 4.854797225561924e-06
24130 Total cost: 8.528469152224716e-06
24140 Total cost: 7.999379704415333e-06
24150 Total cost: 4.856924533669371e-06
24160 Total cost: 4.763480319525115e-06
24170 Total cost: 4.920188075629994e-06
24180 Total cost: 4.693695245805429e-06
24190 Total cost: 4.764362984133186e-06
24200 Total cost: 4.945639375364408e-06
24210 Total cost: 4.030911441077478e-06
24220 Total cost: 3.6532969716063235e-06
24230 Total cost: 4.189836090517929e-06
24240 Total cost: 3.1836643756832927e-06
24250 Total cost: 4.4868438635603525e-06
24260 Total cost: 4.4889784476254135e-06
24270 Total cost: 5.464114110509399e-06
24280 Total cost: 5.332605724106543e-06
24290 Total cost: 4.891523531114217e-06
24300 Total cost: 6.442197900469182e-06
24310 Total cost: 6.502617907244712e-06
24320 Total cost: 5.02102420796291e-06
24330 Total cost: 5.246974524197867e-06
24340 Total cost: 4.325833288021386e-06
24350 Total cost: 4.331121999712195e-06
24360 Total cost: 4.186803835182218e-06
24370 Total cost: 4.379402980703162e-06
24380 Total cost: 4.617515514837578e-06
24390 Total cost: 4.347303729446139e-06
24400 Total cost: 4.531003469310235e-06
24410 Total cost: 3.7887591588514624e-06
24420 Total cost: 3.4466111173969693e-06
24430 Total cost: 4.164726306044031e-06
24440 Total cost: 4.1280954974354245e-06
24450 Total cost: 3.947184268326964e-06
24460 Total cost: 4.904423803964164e-06
24470 Total cost: 5.193148808757542e-06
24480 Total cost: 6.51716027277871e-06
24490 Total cost: 9.58686723606661e-06
24500 Total cost: 5.420684374257689e-06
24510 Total cost: 5.166132723388728e-06
24520 Total cost: 4.304051799408626e-06
24530 Total cost: 5.819691978103947e-06
24540 Total cost: 4.6417417252087034e-06
24550 Total cost: 4.129280569031835e-06
24560 Total cost: 4.33536160926451e-06
24570 Total cost: 4.062450443598209e-06
24580 Total cost: 5.3314774959289934e-06
24590 Total cost: 7.0148407758097164e-06
24600 Total cost: 4.057651040056953e-06
24610 Total cost: 4.0185700527217705e-06
24620 Total cost: 3.912441570719238e-06
24630 Total cost: 4.787927082361421e-06
24640 Total cost: 5.4082993301562965e-06
24650 Total cost: 3.8019813928258372e-06
24660 Total cost: 1.4751752132724505e-05
24670 Total cost: 1.1224272384424694e-05
24680 Total cost: 8.078287464741152e-06
24690 Total cost: 7.497011210944038e-06
24700 Total cost: 7.184463811427122e-06
24710 Total cost: 6.627014954574406e-06
24720 Total cost: 6.783558546885615e-06
24730 Total cost: 5.495081040862715e-06
24740 Total cost: 4.710624580184231e-06
24750 Total cost: 4.7809653551667e-06
24760 Total cost: 5.3108260544831865e-06
24770 Total cost: 4.901763531961478e-06
24780 Total cost: 7.569762146886205e-06
24790 Total cost: 5.7381212172913365e-06
24800 Total cost: 6.35223386780126e-06
24810 Total cost: 5.065480763732921e-06
24820 /home/khw/Projects/pumafabrics/pumafabrics/puma_adapted/evaluation/evaluate_nd.py:20: VisibleDeprecationWarning: Creating an ndarray from ragged nested sequences (which is a list-or-tuple of lists-or-tuples-or ndarrays with different lengths or shapes) is deprecated. If you meant to do this, you must specify 'dtype=object' when creating the ndarray.
  delta_t_history = np.array(self.delta_t_eval)
Total cost: 4.2237043089699e-06
24830 Total cost: 5.00907162859221e-06
24840 Total cost: 4.965852895111311e-06
24850 Total cost: 4.050697043567197e-06
24860 Total cost: 3.9506840039393865e-06
24870 Total cost: 5.212632004258921e-06
24880 Total cost: 5.31187970409519e-06
24890 Total cost: 5.301659257384017e-06
24900 Total cost: 4.680139682022855e-06
24910 Total cost: 3.7723245895904256e-06
24920 Total cost: 4.5493184188671876e-06
24930 Total cost: 4.2074407247127965e-06
24940 Total cost: 4.33321247328422e-06
24950 Total cost: 4.5941183088871185e-06
24960 Total cost: 6.925766683707479e-06
24970 Total cost: 5.442511792352889e-06
24980 Total cost: 4.5854590098315384e-06
24990 Total cost: 4.248031473252922e-06
Calculating RMSE; trajectory: 1
Calculating RMSE; trajectory: 2
Calculating RMSE; trajectory: 3
Calculating RMSE; trajectory: 4
Calculating RMSE; trajectory: 5
Calculating RMSE; trajectory: 6
Calculating RMSE; trajectory: 7
Calculating RMSE; trajectory: 8
Calculating RMSE; trajectory: 9
Calculating RMSE; trajectory: 10
Calculating RMSE; trajectory: 11
Calculating RMSE; trajectory: 12
Calculating RMSE; trajectory: 13
Calculating RMSE; trajectory: 14
Calculating RMSE; trajectory: 15
Calculating dynamic time warping distance; trajectory: 1
Calculating dynamic time warping distance; trajectory: 2
Calculating dynamic time warping distance; trajectory: 3
Calculating dynamic time warping distance; trajectory: 4
Calculating dynamic time warping distance; trajectory: 5
Calculating dynamic time warping distance; trajectory: 6
Calculating dynamic time warping distance; trajectory: 7
Calculating dynamic time warping distance; trajectory: 8
Calculating dynamic time warping distance; trajectory: 9
Calculating dynamic time warping distance; trajectory: 10
Calculating dynamic time warping distance; trajectory: 11
Calculating dynamic time warping distance; trajectory: 12
Calculating dynamic time warping distance; trajectory: 13
Calculating dynamic time warping distance; trajectory: 14
Calculating dynamic time warping distance; trajectory: 15
Calculating Frechet distance; trajectory: 1
Calculating Frechet distance; trajectory: 2
Calculating Frechet distance; trajectory: 3
Calculating Frechet distance; trajectory: 4
Calculating Frechet distance; trajectory: 5
Calculating Frechet distance; trajectory: 6
Calculating Frechet distance; trajectory: 7
Calculating Frechet distance; trajectory: 8
Calculating Frechet distance; trajectory: 9
Calculating Frechet distance; trajectory: 10
Calculating Frechet distance; trajectory: 11
Calculating Frechet distance; trajectory: 12
Calculating Frechet distance; trajectory: 13
Calculating Frechet distance; trajectory: 14
Calculating Frechet distance; trajectory: 15
Saving image to .//home/khw/Projects/pumafabrics/pumafabrics/puma_adapted/results/mujoco_kuka_simple_line0/images/primitive_0_iter_25000.pdf...
Metrics sum: 0.08130129384852858 ; Number of unsuccessful trajectories: 64
25000 Total cost: 4.077189714735141e-06
25010 Total cost: 4.402733793540392e-06
25020 Total cost: 6.1783698583894875e-06
25030 Total cost: 4.42009240941843e-06
25040 Total cost: 3.907981408701744e-06
25050 Total cost: 4.0036743484961335e-06
25060 Total cost: 4.406652806210332e-06
25070 Total cost: 3.6441815609578043e-06
25080 Total cost: 4.24010477217962e-06
25090 Total cost: 4.419408014655346e-06
25100 Total cost: 3.1943873182171956e-06
25110 Total cost: 3.8300759115372784e-06
25120 Total cost: 3.7282475204847287e-06
25130 Total cost: 3.0488063202938065e-06
25140 Total cost: 3.8491089071612805e-06
25150 Total cost: 4.353943950263783e-06
25160 Total cost: 6.435749583033612e-06
25170 Total cost: 4.237443590682233e-06
25180 Total cost: 5.855389645148534e-06
25190 Total cost: 4.8568631427770015e-06
25200 Total cost: 9.817839782044757e-06
25210 Total cost: 4.86768658447545e-06
25220 Total cost: 3.983940587204415e-06
25230 Total cost: 4.614531462721061e-06
25240 Total cost: 4.698520115198335e-06
25250 Total cost: 4.733292826131219e-06
25260 Total cost: 3.475679477560334e-06
25270 Total cost: 5.1652286856551655e-06
25280 Total cost: 3.63621256838087e-06
25290 Total cost: 3.3396343042113585e-06
25300 Total cost: 4.864491984335473e-06
25310 Total cost: 5.017654984840192e-06
25320 Total cost: 4.401235401019221e-06
25330 Total cost: 5.211556981521426e-06
25340 Total cost: 5.147488536749734e-06
25350 Total cost: 3.7340887502068654e-06
25360 Total cost: 9.856012184172869e-06
25370 Total cost: 9.958644113794435e-06
25380 Total cost: 6.1020646171527915e-06
25390 Total cost: 7.788636139594018e-06
25400 Total cost: 6.8475865191430785e-06
25410 Total cost: 4.859927685174625e-06
25420 Total cost: 5.370426151785068e-06
25430 Total cost: 4.847281161346473e-06
25440 Total cost: 3.783762394959922e-06
25450 Total cost: 5.46516093891114e-06
25460 Total cost: 4.992334197595483e-06
25470 Total cost: 3.867624400299974e-06
25480 Total cost: 5.040799806010909e-06
25490 Total cost: 4.4125490603619255e-06
25500 Total cost: 2.747353573795408e-05
25510 Total cost: 1.4290437320596538e-05
25520 Total cost: 1.3813958503305912e-05
25530 Total cost: 1.1539521437953226e-05
25540 Total cost: 1.0273909538227599e-05
25550 Total cost: 1.1979609553236514e-05
25560 Total cost: 1.032610634865705e-05
25570 Total cost: 8.959166734712198e-06
25580 Total cost: 8.013475962798111e-06
25590 Total cost: 7.84570238465676e-06
25600 Total cost: 8.314752449223306e-06
25610 Total cost: 6.9956272454874124e-06
25620 Total cost: 1.1704438293236308e-05
25630 Total cost: 8.933457138482481e-06
25640 Total cost: 1.013438213703921e-05
25650 Total cost: 2.190913619415369e-05
25660 Total cost: 4.35625079262536e-05
25670 Total cost: 8.510297629982233e-05
25680 Total cost: 2.957928336400073e-05
25690 Total cost: 1.8224283849122003e-05
25700 Total cost: 1.5228480151563417e-05
25710 Total cost: 1.271624023502227e-05
25720 Total cost: 1.1857853678520769e-05
25730 Total cost: 1.3054217561148107e-05
25740 Total cost: 1.0801336429722141e-05
25750 Total cost: 1.5408626495627686e-05
25760 Total cost: 9.444849638384767e-06
25770 Total cost: 1.116874955187086e-05
25780 Total cost: 1.0676601050363388e-05
25790 Total cost: 1.1238868864893448e-05
25800 Total cost: 1.1013583389285486e-05
25810 Total cost: 9.525661880616099e-06
25820 Total cost: 1.0496262802917045e-05
25830 Total cost: 8.377930498681962e-06
25840 Total cost: 1.1631508641585242e-05
25850 Total cost: 1.1008674846380018e-05
25860 Total cost: 1.0106692570843734e-05
25870 Total cost: 9.559480531606823e-06
25880 Total cost: 1.0239938092126977e-05
25890 Total cost: 1.2059395885444246e-05
25900 Total cost: 1.2143827916588634e-05
25910 Total cost: 8.05988020147197e-06
25920 Total cost: 1.1033251212211326e-05
25930 Total cost: 9.56110488914419e-06
25940 Total cost: 9.063767720363103e-06
25950 Total cost: 9.808903996599838e-06
25960 Total cost: 9.946651516656857e-06
25970 Total cost: 1.126159531850135e-05
25980 Total cost: 1.1524098226800561e-05
25990 Total cost: 1.1108275430160575e-05
Calculating RMSE; trajectory: 1
Calculating RMSE; trajectory: 2
Calculating RMSE; trajectory: 3
Calculating RMSE; trajectory: 4
Calculating RMSE; trajectory: 5
Calculating RMSE; trajectory: 6
Calculating RMSE; trajectory: 7
Calculating RMSE; trajectory: 8
Calculating RMSE; trajectory: 9
Calculating RMSE; trajectory: 10
Calculating RMSE; trajectory: 11
Calculating RMSE; trajectory: 12
Calculating RMSE; trajectory: 13
Calculating RMSE; trajectory: 14
Calculating RMSE; trajectory: 15
Calculating dynamic time warping distance; trajectory: 1
Calculating dynamic time warping distance; trajectory: 2
Calculating dynamic time warping distance; trajectory: 3
Calculating dynamic time warping distance; trajectory: 4
Calculating dynamic time warping distance; trajectory: 5
Calculating dynamic time warping distance; trajectory: 6
Calculating dynamic time warping distance; trajectory: 7
Calculating dynamic time warping distance; trajectory: 8
Calculating dynamic time warping distance; trajectory: 9
Calculating dynamic time warping distance; trajectory: 10
Calculating dynamic time warping distance; trajectory: 11
Calculating dynamic time warping distance; trajectory: 12
/home/khw/Projects/pumafabrics/pumafabrics/puma_adapted/evaluation/evaluate_nd.py:20: VisibleDeprecationWarning: Creating an ndarray from ragged nested sequences (which is a list-or-tuple of lists-or-tuples-or ndarrays with different lengths or shapes) is deprecated. If you meant to do this, you must specify 'dtype=object' when creating the ndarray.
  delta_t_history = np.array(self.delta_t_eval)
/home/khw/Projects/pumafabrics/pumafabrics/puma_adapted/evaluation/evaluate_nd.py:20: VisibleDeprecationWarning: Creating an ndarray from ragged nested sequences (which is a list-or-tuple of lists-or-tuples-or ndarrays with different lengths or shapes) is deprecated. If you meant to do this, you must specify 'dtype=object' when creating the ndarray.
  delta_t_history = np.array(self.delta_t_eval)
Calculating dynamic time warping distance; trajectory: 13
Calculating dynamic time warping distance; trajectory: 14
Calculating dynamic time warping distance; trajectory: 15
Calculating Frechet distance; trajectory: 1
Calculating Frechet distance; trajectory: 2
Calculating Frechet distance; trajectory: 3
Calculating Frechet distance; trajectory: 4
Calculating Frechet distance; trajectory: 5
Calculating Frechet distance; trajectory: 6
Calculating Frechet distance; trajectory: 7
Calculating Frechet distance; trajectory: 8
Calculating Frechet distance; trajectory: 9
Calculating Frechet distance; trajectory: 10
Calculating Frechet distance; trajectory: 11
Calculating Frechet distance; trajectory: 12
Calculating Frechet distance; trajectory: 13
Calculating Frechet distance; trajectory: 14
Calculating Frechet distance; trajectory: 15
Saving image to .//home/khw/Projects/pumafabrics/pumafabrics/puma_adapted/results/mujoco_kuka_simple_line0/images/primitive_0_iter_26000.pdf...
Metrics sum: 0.12704158059604662 ; Number of unsuccessful trajectories: 64
26000 Total cost: 9.839703125180677e-06
26010 Total cost: 8.828107638692018e-06
26020 Total cost: 9.514677003608085e-06
26030 Total cost: 8.99038332136115e-06
26040 Total cost: 7.731507139396854e-06
26050 Total cost: 9.089062587008812e-06
26060 Total cost: 7.445719802490203e-06
26070 Total cost: 9.427227269043215e-06
26080 Total cost: 7.493013981729746e-06
26090 Total cost: 8.374999197258148e-06
26100 Total cost: 5.6375356507487595e-06
26110 Total cost: 1.0009303878177889e-05
26120 Total cost: 8.370128853130154e-06
26130 Total cost: 8.678524864080828e-06
26140 Total cost: 8.379582141060382e-06
26150 Total cost: 7.808862392266747e-06
26160 Total cost: 8.089626135188155e-06
26170 Total cost: 8.447395885013975e-06
26180 Total cost: 8.652359611005522e-06
26190 Total cost: 9.974290151149035e-06
26200 Total cost: 8.80662992130965e-06
26210 Total cost: 9.223715096595697e-06
26220 Total cost: 7.432297934428789e-06
26230 Total cost: 7.632030246895738e-06
26240 Total cost: 7.394792191917077e-06
26250 Total cost: 9.445730938750785e-06
26260 Total cost: 9.179725566355046e-06
26270 Total cost: 8.682132829562761e-06
26280 Total cost: 8.009937118913513e-06
26290 Total cost: 8.23627760837553e-06
26300 Total cost: 8.14881786936894e-06
26310 Total cost: 8.833244464767631e-06
26320 Total cost: 8.44204259919934e-06
26330 Total cost: 8.29861073725624e-06
26340 Total cost: 7.988724064489361e-06
26350 Total cost: 9.062265235115774e-06
26360 Total cost: 6.8291260504338425e-06
26370 Total cost: 6.60464047541609e-06
26380 Total cost: 7.961898518260568e-06
26390 Total cost: 8.70375515660271e-06
26400 Total cost: 6.973381005082047e-06
26410 Total cost: 6.788653536204947e-06
26420 Total cost: 6.558409040735569e-06
26430 Total cost: 6.8941444624215364e-06
26440 Total cost: 6.081696028559236e-06
26450 Total cost: 8.375556717510335e-06
26460 Total cost: 6.450807177316165e-06
26470 Total cost: 7.830523827578872e-06
26480 Total cost: 6.880276487208903e-06
26490 Total cost: 5.058794613432838e-06
26500 Total cost: 7.199312221928267e-06
26510 Total cost: 6.551754268002696e-06
26520 Total cost: 4.69512178824516e-06
26530 Total cost: 6.852390924905194e-06
26540 Total cost: 7.586858373542782e-06
26550 Total cost: 6.642948847002117e-06
26560 Total cost: 6.236768058442976e-06
26570 Total cost: 7.987268872966524e-06
26580 Total cost: 6.614692665607436e-06
26590 Total cost: 6.679884791083168e-06
26600 Total cost: 6.989766006881837e-06
26610 Total cost: 5.945295470155543e-06
26620 Total cost: 5.8669043028203305e-06
26630 Total cost: 6.527280675072689e-06
26640 Total cost: 4.305608854338061e-06
26650 Total cost: 4.491696472541662e-06
26660 Total cost: 6.19446382188471e-06
26670 Total cost: 6.47718798063579e-06
26680 Total cost: 7.607837233081227e-06
26690 Total cost: 5.670890004694229e-06
26700 Total cost: 6.506655608973233e-06
26710 Total cost: 6.150021363282576e-06
26720 Total cost: 4.654340500565013e-06
26730 Total cost: 5.64513311474002e-06
26740 Total cost: 5.101290298625827e-06
26750 Total cost: 6.443338406825205e-06
26760 Total cost: 1.6853533452376723e-05
26770 Total cost: 1.3236989616416395e-05
26780 Total cost: 1.0223378012597095e-05
26790 Total cost: 1.0801049938891083e-05
26800 Total cost: 9.032297384692356e-06
26810 Total cost: 7.335444934142288e-06
26820 Total cost: 1.1489195458125323e-05
26830 Total cost: 8.788053492025938e-06
26840 Total cost: 6.4683954406064e-06
26850 Total cost: 5.580550350714475e-06
26860 Total cost: 7.307500709430315e-06
26870 Total cost: 5.827153472637292e-06
26880 Total cost: 7.706395081186201e-06
26890 Total cost: 7.739445209153928e-06
26900 Total cost: 6.7076884988637175e-06
26910 Total cost: 7.3275759859825484e-06
26920 Total cost: 5.181381311558653e-06
26930 Total cost: 6.874476639495697e-06
26940 Total cost: 5.927418442297494e-06
26950 Total cost: 6.320216925814748e-06
26960 Total cost: 5.079047696199268e-06
26970 Total cost: 7.45113538869191e-06
26980 Total cost: 5.856413736182731e-06
26990 Total cost: 5.6702510846662335e-06
Calculating RMSE; trajectory: 1
Calculating RMSE; trajectory: 2
Calculating RMSE; trajectory: 3
Calculating RMSE; trajectory: 4
Calculating RMSE; trajectory: 5
Calculating RMSE; trajectory: 6
Calculating RMSE; trajectory: 7
Calculating RMSE; trajectory: 8
Calculating RMSE; trajectory: 9
Calculating RMSE; trajectory: 10
Calculating RMSE; trajectory: 11
Calculating RMSE; trajectory: 12
Calculating RMSE; trajectory: 13
Calculating RMSE; trajectory: 14
Calculating RMSE; trajectory: 15
Calculating dynamic time warping distance; trajectory: 1
Calculating dynamic time warping distance; trajectory: 2
Calculating dynamic time warping distance; trajectory: 3
Calculating dynamic time warping distance; trajectory: 4
Calculating dynamic time warping distance; trajectory: 5
Calculating dynamic time warping distance; trajectory: 6
Calculating dynamic time warping distance; trajectory: 7
Calculating dynamic time warping distance; trajectory: 8
Calculating dynamic time warping distance; trajectory: 9
Calculating dynamic time warping distance; trajectory: 10
Calculating dynamic time warping distance; trajectory: 11
Calculating dynamic time warping distance; trajectory: 12
Calculating dynamic time warping distance; trajectory: 13
Calculating dynamic time warping distance; trajectory: 14
Calculating dynamic time warping distance; trajectory: 15
Calculating Frechet distance; trajectory: 1
Calculating Frechet distance; trajectory: 2
Calculating Frechet distance; trajectory: 3
Calculating Frechet distance; trajectory: 4
Calculating Frechet distance; trajectory: 5
Calculating Frechet distance; trajectory: 6
Calculating Frechet distance; trajectory: 7
Calculating Frechet distance; trajectory: 8
Calculating Frechet distance; trajectory: 9
Calculating Frechet distance; trajectory: 10
Calculating Frechet distance; trajectory: 11
Calculating Frechet distance; trajectory: 12
Calculating Frechet distance; trajectory: 13
Calculating Frechet distance; trajectory: 14
Calculating Frechet distance; trajectory: 15
Saving image to .//home/khw/Projects/pumafabrics/pumafabrics/puma_adapted/results/mujoco_kuka_simple_line0/images/primitive_0_iter_27000.pdf...
Metrics sum: 0.08388517145441068 ; Number of unsuccessful trajectories: 64
27000 Total cost: 5.743874680774752e-06
27010 Total cost: 6.1363298300420865e-06
27020 Total cost: 7.747624295006972e-06
27030 Total cost: 5.593513833446195e-06
27040 Total cost: 4.7890453060972504e-06
27050 Total cost: 5.073499778518453e-06
27060 Total cost: 6.127705546532525e-06
27070 Total cost: 5.217628768150462e-06
27080 Total cost: 7.013087270024698e-06
27090 Total cost: 6.370159098878503e-06
27100 Total cost: 4.663469553634059e-06
27110 Total cost: 6.025504262652248e-06
27120 Total cost: 5.076202796772122e-06
27130 Total cost: 5.498642167367507e-06
27140 Total cost: 5.530712769541424e-06
27150 Total cost: 4.800230271939654e-06
27160 Total cost: 5.895127742405748e-06
27170 Total cost: 4.3870431909454055e-06
27180 Total cost: 4.498362613958307e-06
27190 Total cost: 5.108820005261805e-06
27200 Total cost: 5.738334493798902e-06
27210 Total cost: 4.340304258221295e-06
27220 Total cost: /home/khw/Projects/pumafabrics/pumafabrics/puma_adapted/evaluation/evaluate_nd.py:20: VisibleDeprecationWarning: Creating an ndarray from ragged nested sequences (which is a list-or-tuple of lists-or-tuples-or ndarrays with different lengths or shapes) is deprecated. If you meant to do this, you must specify 'dtype=object' when creating the ndarray.
  delta_t_history = np.array(self.delta_t_eval)
5.8127243391936645e-06
27230 Total cost: 5.246662112767808e-06
27240 Total cost: 5.954614607617259e-06
27250 Total cost: 6.527848654513946e-06
27260 Total cost: 6.732346264470834e-06
27270 Total cost: 7.320611075556371e-06
27280 Total cost: 5.65488517167978e-06
27290 Total cost: 5.654797405441059e-06
27300 Total cost: 5.234154286881676e-06
27310 Total cost: 4.060683750140015e-06
27320 Total cost: 4.5141200644138735e-06
27330 Total cost: 5.212224095885176e-06
27340 Total cost: 4.813650321011664e-06
27350 Total cost: 4.800754140887875e-06
27360 Total cost: 4.107364475203212e-06
27370 Total cost: 5.781248546554707e-06
27380 Total cost: 6.429241238947725e-06
27390 Total cost: 6.807643330830615e-06
27400 Total cost: 5.412590326159261e-06
27410 Total cost: 5.398919711296912e-06
27420 Total cost: 4.60437877336517e-06
27430 Total cost: 7.140708476072177e-06
27440 Total cost: 7.2958173404913396e-06
27450 Total cost: 4.274491857358953e-06
27460 Total cost: 5.687356861017179e-06
27470 Total cost: 4.680066012952011e-06
27480 Total cost: 5.229917405813467e-06
27490 Total cost: 5.087034878670238e-06
27500 Total cost: 4.565296421787934e-06
27510 Total cost: 4.393266408442287e-06
27520 Total cost: 4.790244929608889e-06
27530 Total cost: 4.849635843129363e-06
27540 Total cost: 4.794124834006652e-06
27550 Total cost: 6.107345143391285e-06
27560 Total cost: 5.933519787504338e-06
27570 Total cost: 4.940316557622282e-06
27580 Total cost: 4.566670668282313e-06
27590 Total cost: 4.38381357525941e-06
27600 Total cost: 4.766375241160858e-06
27610 Total cost: 6.668068635917734e-06
27620 Total cost: 4.2531655708444305e-06
27630 Total cost: 5.084266376798041e-06
27640 Total cost: 4.745312253362499e-06
27650 Total cost: 3.6418628042156342e-06
27660 Total cost: 4.8701999730838e-06
27670 Total cost: 5.369085556594655e-06
27680 Total cost: 3.860634933516849e-06
27690 Total cost: 4.108332177565899e-06
27700 Total cost: 4.008186351711629e-06
27710 Total cost: 4.722220637631835e-06
27720 Total cost: 4.64685945189558e-06
27730 Total cost: 4.9516811486682855e-06
27740 Total cost: 4.303376499592559e-06
27750 Total cost: 4.658161742554512e-06
27760 Total cost: 4.689101388066774e-06
27770 Total cost: 5.5492864703410305e-06
27780 Total cost: 4.520794846030185e-06
27790 Total cost: 5.446953764476348e-06
27800 Total cost: 3.825451130978763e-06
27810 Total cost: 5.231142495176755e-06
27820 Total cost: 5.748589956056094e-06
27830 Total cost: 4.413032456795918e-06
27840 Total cost: 5.352924745238852e-06
27850 Total cost: 7.122357601474505e-06
27860 Total cost: 6.278355613176245e-06
27870 Total cost: 6.262725037231576e-06
27880 Total cost: 5.107818196847802e-06
27890 Total cost: 6.391371698555304e-06
27900 Total cost: 4.864267339144135e-06
27910 Total cost: 4.889914634986781e-06
27920 Total cost: 4.550689027382759e-06
27930 Total cost: 4.2827005017898045e-06
27940 Total cost: 6.044725523679517e-06
27950 Total cost: 5.512983989319764e-06
27960 Total cost: 6.527434379677288e-06
27970 Total cost: 5.194468940317165e-06
27980 Total cost: 3.6089950299356133e-06
27990 Total cost: 5.959396730759181e-06
Calculating RMSE; trajectory: 1
Calculating RMSE; trajectory: 2
Calculating RMSE; trajectory: 3
Calculating RMSE; trajectory: 4
Calculating RMSE; trajectory: 5
Calculating RMSE; trajectory: 6
Calculating RMSE; trajectory: 7
Calculating RMSE; trajectory: 8
Calculating RMSE; trajectory: 9
Calculating RMSE; trajectory: 10
Calculating RMSE; trajectory: 11
Calculating RMSE; trajectory: 12
Calculating RMSE; trajectory: 13
Calculating RMSE; trajectory: 14
Calculating RMSE; trajectory: 15
Calculating dynamic time warping distance; trajectory: 1
Calculating dynamic time warping distance; trajectory: 2
Calculating dynamic time warping distance; trajectory: 3
Calculating dynamic time warping distance; trajectory: 4
Calculating dynamic time warping distance; trajectory: 5
Calculating dynamic time warping distance; trajectory: 6
Calculating dynamic time warping distance; trajectory: 7
Calculating dynamic time warping distance; trajectory: 8
Calculating dynamic time warping distance; trajectory: 9
Calculating dynamic time warping distance; trajectory: 10
Calculating dynamic time warping distance; trajectory: 11
Calculating dynamic time warping distance; trajectory: 12
Calculating dynamic time warping distance; trajectory: 13
Calculating dynamic time warping distance; trajectory: 14
Calculating dynamic time warping distance; trajectory: 15
Calculating Frechet distance; trajectory: 1
Calculating Frechet distance; trajectory: 2
Calculating Frechet distance; trajectory: 3
Calculating Frechet distance; trajectory: 4
Calculating Frechet distance; trajectory: 5
Calculating Frechet distance; trajectory: 6
Calculating Frechet distance; trajectory: 7
Calculating Frechet distance; trajectory: 8
Calculating Frechet distance; trajectory: 9
Calculating Frechet distance; trajectory: 10
Calculating Frechet distance; trajectory: 11
Calculating Frechet distance; trajectory: 12
Calculating Frechet distance; trajectory: 13
Calculating Frechet distance; trajectory: 14
Calculating Frechet distance; trajectory: 15
Saving image to .//home/khw/Projects/pumafabrics/pumafabrics/puma_adapted/results/mujoco_kuka_simple_line0/images/primitive_0_iter_28000.pdf...
Metrics sum: 0.08264977150429245 ; Number of unsuccessful trajectories: 64
28000 Total cost: 5.27226620761212e-06
28010 Total cost: 4.1910989239113405e-06
28020 Total cost: 5.949992555542849e-06
28030 Total cost: 5.0628023018362e-06
28040 Total cost: 7.176946382969618e-06
28050 Total cost: 5.291309207677841e-06
28060 Total cost: 5.371974111767486e-06
28070 Total cost: 3.699111402966082e-06
28080 Total cost: 5.030860847909935e-06
28090 Total cost: 6.141047833807534e-06
28100 Total cost: 7.2912835094030015e-06
28110 Total cost: 5.350727406039368e-06
28120 Total cost: 4.393492417875677e-06
28130 Total cost: 4.49947765446268e-06
28140 Total cost: 3.4729137041722424e-06
28150 Total cost: 4.660174909076886e-06
28160 Total cost: 3.892806034855312e-06
28170 Total cost: 3.86957162845647e-06
28180 Total cost: 4.528700628725346e-06
28190 Total cost: 3.316973106848309e-06
28200 Total cost: 4.832364083995344e-06
28210 Total cost: 3.5317880247021094e-06
28220 Total cost: 3.459431127339485e-06
28230 Total cost: 4.487045771384146e-06
28240 Total cost: 4.2118308556382544e-06
28250 Total cost: 5.52323672309285e-06
28260 Total cost: 6.082556865294464e-06
28270 Total cost: 5.429382326838095e-06
28280 Total cost: 5.61130673304433e-06
28290 Total cost: 5.679457899532281e-06
28300 Total cost: 5.148176569491625e-06
28310 Total cost: 5.102669092593715e-06
28320 Total cost: 4.333467131800717e-06
28330 Total cost: 4.009761141787749e-06
28340 Total cost: 4.269476448826026e-06
28350 Total cost: 4.778319180331891e-06
28360 Total cost: 3.7237737160467077e-06
28370 Total cost: 3.840405952360015e-06
28380 Total cost: 3.913745786121581e-06
28390 Total cost: 5.49446303921286e-06
28400 Total cost: 5.1188790166634135e-06
28410 Total cost: 5.99651593802264e-06
28420 Total cost: 5.779410912509775e-06
28430 Total cost: 4.77488129035919e-06
28440 Total cost: 4.928991529595805e-06
28450 Total cost: 5.477911145135295e-06
28460 Total cost: 6.796261914132629e-06
28470 Total cost: 5.1326933316886425e-06
28480 Total cost: 3.880675649270415e-06
28490 Total cost: 5.167377366888104e-06
28500 Total cost: 5.398787379817804e-06
28510 Total cost: 4.116862783121178e-06
28520 Total cost: 4.663751951738959e-06
28530 Total cost: 4.181625627097674e-06
28540 Total cost: 5.8419991546543315e-06
28550 Total cost: 5.025245172873838e-06
28560 Total cost: 4.177207301836461e-06
28570 Total cost: 4.907577931589913e-06
28580 Total cost: 4.342547072155867e-06
28590 Total cost: 4.455690941540524e-06
28600 Total cost: 4.204691322229337e-06
28610 Total cost: 5.38593985766056e-06
28620 Total cost: 6.0507700254675e-06
28630 Total cost: 3.856385774270166e-06
28640 Total cost: 3.8907242014829535e-06
28650 Total cost: 4.38197184848832e-06
28660 Total cost: 5.369064638216514e-06
28670 Total cost: 7.0464066084241495e-06
28680 Total cost: 3.922492396668531e-06
28690 Total cost: 5.6093340390361845e-06
28700 Total cost: 3.966330496041337e-06
28710 Total cost:/home/khw/Projects/pumafabrics/pumafabrics/puma_adapted/evaluation/evaluate_nd.py:20: VisibleDeprecationWarning: Creating an ndarray from ragged nested sequences (which is a list-or-tuple of lists-or-tuples-or ndarrays with different lengths or shapes) is deprecated. If you meant to do this, you must specify 'dtype=object' when creating the ndarray.
  delta_t_history = np.array(self.delta_t_eval)
 3.778661721298704e-06
28720 Total cost: 4.545182946458226e-06
28730 Total cost: 3.514458512654528e-06
28740 Total cost: 4.2660585677367635e-06
28750 Total cost: 3.487883986963425e-06
28760 Total cost: 3.835021288978169e-06
28770 Total cost: 3.809301688306732e-06
28780 Total cost: 3.568820602595224e-06
28790 Total cost: 5.355567736842204e-06
28800 Total cost: 5.532737759494921e-06
28810 Total cost: 4.565177732729353e-06
28820 Total cost: 4.3499258026713505e-06
28830 Total cost: 3.863487108901609e-06
28840 Total cost: 3.896422640536912e-06
28850 Total cost: 3.11997519020224e-06
28860 Total cost: 4.074032858625287e-06
28870 Total cost: 4.0898007682699244e-06
28880 Total cost: 4.197528141958173e-06
28890 Total cost: 4.682128292188281e-06
28900 Total cost: 3.1627969292458147e-06
28910 Total cost: 3.5296807254781015e-06
28920 Total cost: 3.4886613775597652e-06
28930 Total cost: 4.28961311627063e-06
28940 Total cost: 6.493523869721685e-06
28950 Total cost: 6.7307551034900825e-06
28960 Total cost: 5.269561370369047e-06
28970 Total cost: 4.843249826080864e-06
28980 Total cost: 4.880655978922732e-06
28990 Total cost: 4.3100972106913105e-06
Calculating RMSE; trajectory: 1
Calculating RMSE; trajectory: 2
Calculating RMSE; trajectory: 3
Calculating RMSE; trajectory: 4
Calculating RMSE; trajectory: 5
Calculating RMSE; trajectory: 6
Calculating RMSE; trajectory: 7
Calculating RMSE; trajectory: 8
Calculating RMSE; trajectory: 9
Calculating RMSE; trajectory: 10
Calculating RMSE; trajectory: 11
Calculating RMSE; trajectory: 12
Calculating RMSE; trajectory: 13
Calculating RMSE; trajectory: 14
Calculating RMSE; trajectory: 15
Calculating dynamic time warping distance; trajectory: 1
Calculating dynamic time warping distance; trajectory: 2
Calculating dynamic time warping distance; trajectory: 3
Calculating dynamic time warping distance; trajectory: 4
Calculating dynamic time warping distance; trajectory: 5
Calculating dynamic time warping distance; trajectory: 6
Calculating dynamic time warping distance; trajectory: 7
Calculating dynamic time warping distance; trajectory: 8
Calculating dynamic time warping distance; trajectory: 9
Calculating dynamic time warping distance; trajectory: 10
Calculating dynamic time warping distance; trajectory: 11
Calculating dynamic time warping distance; trajectory: 12
Calculating dynamic time warping distance; trajectory: 13
Calculating dynamic time warping distance; trajectory: 14
Calculating dynamic time warping distance; trajectory: 15
Calculating Frechet distance; trajectory: 1
Calculating Frechet distance; trajectory: 2
Calculating Frechet distance; trajectory: 3
Calculating Frechet distance; trajectory: 4
Calculating Frechet distance; trajectory: 5
Calculating Frechet distance; trajectory: 6
Calculating Frechet distance; trajectory: 7
Calculating Frechet distance; trajectory: 8
Calculating Frechet distance; trajectory: 9
Calculating Frechet distance; trajectory: 10
Calculating Frechet distance; trajectory: 11
Calculating Frechet distance; trajectory: 12
Calculating Frechet distance; trajectory: 13
Calculating Frechet distance; trajectory: 14
Calculating Frechet distance; trajectory: 15
Saving image to .//home/khw/Projects/pumafabrics/pumafabrics/puma_adapted/results/mujoco_kuka_simple_line0/images/primitive_0_iter_29000.pdf...
Metrics sum: 0.0923755148675311 ; Number of unsuccessful trajectories: 64
29000 Total cost: 5.1554793571995106e-06
29010 Total cost: 4.1340513234899845e-06
29020 Total cost: 4.023557266918942e-06
29030 Total cost: 3.702869435073808e-06
29040 Total cost: 3.6310655104898615e-06
29050 Total cost: 5.170336862647673e-06
29060 Total cost: 4.46997546532657e-06
29070 Total cost: 4.170417923887726e-06
29080 Total cost: 4.3442782953206915e-06
29090 Total cost: 4.024915142508689e-06
29100 Total cost: 3.427611318329582e-06
29110 Total cost: 3.9680558074906e-06
29120 Total cost: 4.0086329136101995e-06
29130 Total cost: 4.3467016439535655e-06
29140 Total cost: 4.6444447434623726e-06
29150 Total cost: 3.988659955211915e-06
29160 Total cost: 4.5537285586760845e-06
29170 Total cost: 4.300514774513431e-06
29180 Total cost: 4.014610567537602e-06
29190 Total cost: 4.578814241540385e-06
29200 Total cost: 6.872376616229303e-06
29210 Total cost: 3.6831115721724927e-06
29220 Total cost: 3.4228232834720984e-06
29230 Total cost: 3.935707354685292e-06
29240 Total cost: 3.823924089374486e-06
29250 Total cost: 3.3870244351419387e-06
29260 Total cost: 3.823511633527232e-06
29270 Total cost: 5.395696462073829e-06
29280 Total cost: 4.07511652156245e-06
29290 Total cost: 3.829690740531078e-06
29300 Total cost: 5.233430329099065e-06
29310 Total cost: 3.7085917483636877e-06
29320 Total cost: 4.474218258110341e-06
29330 Total cost: 3.818339791905601e-06
29340 Total cost: 4.75502884000889e-06
29350 Total cost: 4.615180841938127e-06
29360 Total cost: 3.6256678868085146e-06
29370 Total cost: 3.6637372886616504e-06
29380 Total cost: 3.57202475242957e-06
29390 Total cost: 3.524561861922848e-06
29400 Total cost: 2.9083928438922158e-06
29410 Total cost: 4.118938704777975e-06
29420 Total cost: 3.0840071758575505e-06
29430 Total cost: 3.8371408663806506e-06
29440 Total cost: 4.981426172889769e-06
29450 Total cost: 5.1475490181474015e-06
29460 Total cost: 2.2338179405778646e-05
29470 Total cost: 1.2527245417004451e-05
29480 Total cost: 9.991670594899915e-06
29490 Total cost: 8.59683768794639e-06
29500 Total cost: 6.756461061740993e-06
29510 Total cost: 6.672768904536497e-06
29520 Total cost: 7.798618753440678e-06
29530 Total cost: 6.277728061832022e-06
29540 Total cost: 7.4449999374337494e-06
29550 Total cost: 7.31373620510567e-06
29560 Total cost: 6.233557542145718e-06
29570 Total cost: 6.166902949189534e-06
29580 Total cost: 6.815742381149903e-06
29590 Total cost: 5.482975211634766e-06
29600 Total cost: 5.6667786338948645e-06
29610 Total cost: 5.162522029422689e-06
29620 Total cost: 5.230664100963622e-06
29630 Total cost: 7.235390512505546e-06
29640 Total cost: 6.7969590418215375e-06
29650 Total cost: 5.646817498927703e-06
29660 Total cost: 3.7739646359113976e-06
29670 Total cost: 4.765666744788177e-06
29680 Total cost: 5.232418970990693e-06
29690 Total cost: 6.7470609792508185e-06
29700 Total cost: 5.166142273083096e-06
29710 Total cost: 5.157098257768666e-06
29720 Total cost: 4.444029855221743e-06
29730 Total cost: 5.722798050555866e-06
29740 Total cost: 5.293567483022343e-06
29750 Total cost: 6.127841970737791e-06
29760 Total cost: 5.859236807737034e-06
29770 Total cost: 4.568521490000421e-06
29780 Total cost: 4.66183882963378e-06
29790 Total cost: 4.661458660848439e-06
29800 Total cost: 3.6069718589715194e-06
29810 Total cost: 4.677561719290679e-06
29820 Total cost: 4.06206117986585e-06
29830 Total cost: 4.304516096453881e-06
29840 Total cost: 5.1713805078179576e-06
29850 Total cost: 5.3027033573016524e-06
29860 Total cost: 4.95183212478878e-06
29870 Total cost: 4.2235542423441075e-06
29880 Total cost: 4.648456979339244e-06
29890 Total cost: 4.252105100022163e-06
29900 Total cost: 3.949216079490725e-06
29910 Total cost: 4.067838290211512e-06
29920 Total cost: 3.6071442082175054e-06
29930 Total cost: 4.898529823549325e-06
29940 Total cost: 3.733337507583201e-06
29950 Total cost: 4.390408321341965e-06
29960 Total cost: 6.496854439319577e-06
29970 Total cost: 5.332926775736269e-06
29980 Total cost: 3.5374318940739613e-06
29990 Total cost: 4.559854005492525e-06
Calculating RMSE; trajectory: 1
Calculating RMSE; trajectory: 2
Calculating RMSE; trajectory: 3
Calculating RMSE; trajectory: 4
Calculating RMSE; trajectory: 5
Calculating RMSE; trajectory: 6
Calculating RMSE; trajectory: 7
Calculating RMSE; trajectory: 8
Calculating RMSE; trajectory: 9
Calculating RMSE; trajectory: 10
Calculating RMSE; trajectory: 11
Calculating RMSE; trajectory: 12
Calculating RMSE; trajectory: 13
Calculating RMSE; trajectory: 14
Calculating RMSE; trajectory: 15
Calculating dynamic time warping distance; trajectory: 1
Calculating dynamic time warping distance; trajectory: 2
Calculating dynamic time warping distance; trajectory: 3
Calculating dynamic time warping distance; trajectory: 4
Calculating dynamic time warping distance; trajectory: 5
/home/khw/Projects/pumafabrics/pumafabrics/puma_adapted/evaluation/evaluate_nd.py:20: VisibleDeprecationWarning: Creating an ndarray from ragged nested sequences (which is a list-or-tuple of lists-or-tuples-or ndarrays with different lengths or shapes) is deprecated. If you meant to do this, you must specify 'dtype=object' when creating the ndarray.
  delta_t_history = np.array(self.delta_t_eval)
/home/khw/Projects/pumafabrics/pumafabrics/puma_adapted/evaluation/evaluate_nd.py:20: VisibleDeprecationWarning: Creating an ndarray from ragged nested sequences (which is a list-or-tuple of lists-or-tuples-or ndarrays with different lengths or shapes) is deprecated. If you meant to do this, you must specify 'dtype=object' when creating the ndarray.
  delta_t_history = np.array(self.delta_t_eval)
Calculating dynamic time warping distance; trajectory: 6
Calculating dynamic time warping distance; trajectory: 7
Calculating dynamic time warping distance; trajectory: 8
Calculating dynamic time warping distance; trajectory: 9
Calculating dynamic time warping distance; trajectory: 10
Calculating dynamic time warping distance; trajectory: 11
Calculating dynamic time warping distance; trajectory: 12
Calculating dynamic time warping distance; trajectory: 13
Calculating dynamic time warping distance; trajectory: 14
Calculating dynamic time warping distance; trajectory: 15
Calculating Frechet distance; trajectory: 1
Calculating Frechet distance; trajectory: 2
Calculating Frechet distance; trajectory: 3
Calculating Frechet distance; trajectory: 4
Calculating Frechet distance; trajectory: 5
Calculating Frechet distance; trajectory: 6
Calculating Frechet distance; trajectory: 7
Calculating Frechet distance; trajectory: 8
Calculating Frechet distance; trajectory: 9
Calculating Frechet distance; trajectory: 10
Calculating Frechet distance; trajectory: 11
Calculating Frechet distance; trajectory: 12
Calculating Frechet distance; trajectory: 13
Calculating Frechet distance; trajectory: 14
Calculating Frechet distance; trajectory: 15
Saving image to .//home/khw/Projects/pumafabrics/pumafabrics/puma_adapted/results/mujoco_kuka_simple_line0/images/primitive_0_iter_30000.pdf...
Metrics sum: 0.07832692042716473 ; Number of unsuccessful trajectories: 64
30000 Total cost: 3.900459432770731e-06
30010 Total cost: 6.458163170464104e-06
30020 Total cost: 4.334455297794193e-06
30030 Total cost: 7.046589416859206e-06
30040 Total cost: 5.21437050338136e-06
30050 Total cost: 4.38177721662214e-06
30060 Total cost: 3.892019776685629e-06
30070 Total cost: 3.81597465093364e-06
30080 Total cost: 3.595456973926048e-06
30090 Total cost: 4.950310540152714e-06
30100 Total cost: 4.22902394348057e-06
30110 Total cost: 4.3207232920394745e-06
30120 Total cost: 3.3222945603483822e-06
30130 Total cost: 3.5592308904597303e-06
30140 Total cost: 3.7479817365237977e-06
30150 Total cost: 3.4089432574546663e-06
30160 Total cost: 3.939664566132706e-06
30170 Total cost: 3.6156177429802483e-06
30180 Total cost: 3.5615066735772416e-06
30190 Total cost: 3.488815764285391e-06
30200 Total cost: 3.6868491406494286e-06
30210 Total cost: 3.698893806358683e-06
30220 Total cost: 4.574400918500032e-06
30230 Total cost: 3.703533366206102e-06
30240 Total cost: 4.439680196810514e-06
30250 Total cost: 4.210741735732881e-06
30260 Total cost: 4.764401637658011e-06
30270 Total cost: 3.6114611248194706e-06
30280 Total cost: 4.089056346856523e-06
30290 Total cost: 3.6357096178107895e-06
30300 Total cost: 4.2741812649182975e-06
30310 Total cost: 5.6288399719051085e-06
30320 Total cost: 4.322455424699001e-06
30330 Total cost: 4.583976078720298e-06
30340 Total cost: 3.6711448956339154e-06
30350 Total cost: 4.182235898042563e-06
30360 Total cost: 4.033400728076231e-06
30370 Total cost: 4.146744686295278e-06
30380 Total cost: 7.384910986729665e-06
30390 Total cost: 4.6319482862600125e-06
30400 Total cost: 1.241827521880623e-05
30410 Total cost: 4.986636668036226e-06
30420 Total cost: 6.139248398540076e-06
30430 Total cost: 4.03432886741939e-06
30440 Total cost: 5.864490958629176e-06
30450 Total cost: 4.205557615932776e-06
30460 Total cost: 4.062817879457725e-06
30470 Total cost: 2.8889360237371875e-06
30480 Total cost: 4.037417966173962e-06
30490 Total cost: 3.589789002944599e-06
30500 Total cost: 3.920284143532626e-06
30510 Total cost: 3.8543957998626865e-06
30520 Total cost: 3.3383753361704294e-06
30530 Total cost: 4.329381681600353e-06
30540 Total cost: 2.921468649219605e-06
30550 Total cost: 3.2582354378973832e-06
30560 Total cost: 7.413081675622379e-06
30570 Total cost: 5.489462637342513e-06
30580 Total cost: 4.333583092375193e-06
30590 Total cost: 3.8013993162167026e-06
30600 Total cost: 3.3537348826939706e-06
30610 Total cost: 3.2942198231467046e-06
30620 Total cost: 4.865919891017256e-06
30630 Total cost: 3.1456675060326234e-06
30640 Total cost: 3.982037014793605e-06
30650 Total cost: 4.1707603486429434e-06
30660 Total cost: 7.30281999494764e-06
30670 Total cost: 8.59734063851647e-06
30680 Total cost: 5.428369604487671e-06
30690 Total cost: 5.982334187137894e-06
30700 Total cost: 5.368917754822178e-06
30710 Total cost: 4.700670160673326e-06
30720 Total cost: 3.848695541819325e-06
30730 Total cost: 3.78586219085264e-06
30740 Total cost: 3.1572903935739305e-06
30750 Total cost: 3.3999710922216764e-06
30760 Total cost: 3.3774545045162085e-06
30770 Total cost: 4.0805202843330335e-06
30780 Total cost: 3.86788906325819e-06
30790 Total cost: 3.640388968051411e-06
30800 Total cost: 3.0800165404798463e-06
30810 Total cost: 4.246456228429452e-06
30820 Total cost: 4.755847839987837e-06
30830 Total cost: 3.57052431354532e-06
30840 Total cost: 3.7719614738307428e-06
30850 Total cost: 3.4473227970011067e-06
30860 Total cost: 3.47630339092575e-06
30870 Total cost: 3.351039367771591e-06
30880 Total cost: 3.2974171517707873e-06
30890 Total cost: 6.171418135636486e-06
30900 Total cost: 3.870672117045615e-06
30910 Total cost: 3.3279884519288316e-06
30920 Total cost: 2.8330555323918816e-06
30930 Total cost: 3.7135855563974474e-06
30940 Total cost: 3.7878317016293295e-06
30950 Total cost: 3.555468992999522e-06
30960 Total cost: 3.128538082819432e-06
30970 Total cost: 3.7661793612642214e-06
30980 Total cost: 3.030161451533786e-06
30990 Total cost: 4.39826453657588e-06
Calculating RMSE; trajectory: 1
Calculating RMSE; trajectory: 2
Calculating RMSE; trajectory: 3
Calculating RMSE; trajectory: 4
Calculating RMSE; trajectory: 5
Calculating RMSE; trajectory: 6
Calculating RMSE; trajectory: 7
Calculating RMSE; trajectory: 8
Calculating RMSE; trajectory: 9
Calculating RMSE; trajectory: 10
Calculating RMSE; trajectory: 11
Calculating RMSE; trajectory: 12
Calculating RMSE; trajectory: 13
Calculating RMSE; trajectory: 14
Calculating RMSE; trajectory: 15
Calculating dynamic time warping distance; trajectory: 1
Calculating dynamic time warping distance; trajectory: 2
Calculating dynamic time warping distance; trajectory: 3
Calculating dynamic time warping distance; trajectory: 4
Calculating dynamic time warping distance; trajectory: 5
Calculating dynamic time warping distance; trajectory: 6
Calculating dynamic time warping distance; trajectory: 7
Calculating dynamic time warping distance; trajectory: 8
Calculating dynamic time warping distance; trajectory: 9
Calculating dynamic time warping distance; trajectory: 10
Calculating dynamic time warping distance; trajectory: 11
Calculating dynamic time warping distance; trajectory: 12
Calculating dynamic time warping distance; trajectory: 13
Calculating dynamic time warping distance; trajectory: 14
Calculating dynamic time warping distance; trajectory: 15
Calculating Frechet distance; trajectory: 1
Calculating Frechet distance; trajectory: 2
Calculating Frechet distance; trajectory: 3
Calculating Frechet distance; trajectory: 4
Calculating Frechet distance; trajectory: 5
Calculating Frechet distance; trajectory: 6
Calculating Frechet distance; trajectory: 7
Calculating Frechet distance; trajectory: 8
Calculating Frechet distance; trajectory: 9
Calculating Frechet distance; trajectory: 10
Calculating Frechet distance; trajectory: 11
Calculating Frechet distance; trajectory: 12
Calculating Frechet distance; trajectory: 13
Calculating Frechet distance; trajectory: 14
Calculating Frechet distance; trajectory: 15
Saving image to .//home/khw/Projects/pumafabrics/pumafabrics/puma_adapted/results/mujoco_kuka_simple_line0/images/primitive_0_iter_31000.pdf...
Metrics sum: 0.08282251372890517 ; Number of unsuccessful trajectories: 64
31000 Total cost: 4.01542001782218e-06
31010 Total cost: 4.0702225305722095e-06
31020 Total cost: 0.00027367277652956545
31030 Total cost: 1.004967180051608e-05
31040 Total cost: 1.0143633517145645e-05
31050 Total cost: 7.744618415017612e-06
31060 Total cost: 5.827221229992574e-06
31070 Total cost: 5.048691491538193e-06
31080 Total cost: 4.339294719102327e-06
31090 Total cost: 5.682796654582489e-06
31100 Total cost: 7.278871635207906e-06
31110 Total cost: /home/khw/Projects/pumafabrics/pumafabrics/puma_adapted/evaluation/evaluate_nd.py:20: VisibleDeprecationWarning: Creating an ndarray from ragged nested sequences (which is a list-or-tuple of lists-or-tuples-or ndarrays with different lengths or shapes) is deprecated. If you meant to do this, you must specify 'dtype=object' when creating the ndarray.
  delta_t_history = np.array(self.delta_t_eval)
6.170726010168437e-06
31120 Total cost: 5.656815119436942e-06
31130 Total cost: 5.5126856750575826e-06
31140 Total cost: 4.448856543604052e-06
31150 Total cost: 9.63571437750943e-06
31160 Total cost: 5.732928457291564e-06
31170 Total cost: 6.007610409142217e-06
31180 Total cost: 4.918992999591865e-06
31190 Total cost: 4.790305865753908e-06
31200 Total cost: 5.838021024828777e-06
31210 Total cost: 7.3971959864138626e-06
31220 Total cost: 5.400940608524252e-06
31230 Total cost: 4.470027761271922e-06
31240 Total cost: 4.294170594221214e-06
31250 Total cost: 4.3313052628946025e-06
31260 Total cost: 4.610588803188875e-06
31270 Total cost: 4.585904662235407e-06
31280 Total cost: 4.091220034752041e-06
31290 Total cost: 3.7328827602323145e-06
31300 Total cost: 3.528740080582793e-06
31310 Total cost: 3.852825557260076e-06
31320 Total cost: 5.387282726587728e-06
31330 Total cost: 3.6444268971536076e-06
31340 Total cost: 5.020517619414022e-06
31350 Total cost: 4.50485367764486e-06
31360 Total cost: 3.338393071317114e-06
31370 Total cost: 4.284112037566956e-06
31380 Total cost: 5.1024048843828496e-06
31390 Total cost: 5.0609542086021975e-06
31400 Total cost: 4.119478035136126e-06
31410 Total cost: 3.719622327480465e-06
31420 Total cost: 3.3616256587265525e-06
31430 Total cost: 3.4926331409224076e-06
31440 Total cost: 4.581050234264694e-06
31450 Total cost: 3.4074219001922756e-06
31460 Total cost: 4.913119482807815e-06
31470 Total cost: 5.997658718115417e-06
31480 Total cost: 3.708332769747358e-06
31490 Total cost: 3.5227158150519244e-06
31500 Total cost: 3.251830094086472e-06
31510 Total cost: 3.580670181690948e-06
31520 Total cost: 3.433214715187205e-06
31530 Total cost: 3.6907035791955423e-06
31540 Total cost: 3.5847056096827146e-06
31550 Total cost: 3.99023201680393e-06
31560 Total cost: 3.3743879157555057e-06
31570 Total cost: 2.9226646347524365e-06
31580 Total cost: 3.726115210156422e-06
31590 Total cost: 3.7111703932168894e-06
31600 Total cost: 2.8808076422137674e-06
31610 Total cost: 3.742987928490038e-06
31620 Total cost: 3.2572013424214674e-06
31630 Total cost: 6.034287252987269e-06
31640 Total cost: 4.099702891835477e-06
31650 Total cost: 3.8759408198529854e-06
31660 Total cost: 3.609326768128085e-06
31670 Total cost: 3.4296660942345625e-06
31680 Total cost: 4.499045644479338e-06
31690 Total cost: 3.3149590308312327e-06
31700 Total cost: 3.517420509524527e-06
31710 Total cost: 4.108017492399085e-06
31720 Total cost: 3.5196158023609314e-06
31730 Total cost: 4.690570494858548e-05
31740 Total cost: 3.2783689221105305e-06
31750 Total cost: 3.611139163695043e-06
31760 Total cost: 4.894081939710304e-06
31770 Total cost: 5.101042916066945e-06
31780 Total cost: 4.372144303488312e-06
31790 Total cost: 3.830524747172603e-06
31800 Total cost: 3.5692055462277494e-06
31810 Total cost: 3.4331515053054318e-06
31820 Total cost: 3.464183464529924e-06
31830 Total cost: 3.702821231854614e-06
31840 Total cost: 7.906276550784241e-06
31850 Total cost: 5.283670816425001e-06
31860 Total cost: 4.8168617468036246e-06
31870 Total cost: 4.490337232709862e-06
31880 Total cost: 3.4321444672968937e-06
31890 Total cost: 3.5563978144637076e-06
31900 Total cost: 3.1985609894036315e-06
31910 Total cost: 3.033865823454107e-06
31920 Total cost: 3.102379196207039e-06
31930 Total cost: 4.375890057417564e-06
31940 Total cost: 3.5069615478278138e-06
31950 Total cost: 3.324492126921541e-06
31960 Total cost: 4.155406713834964e-06
31970 Total cost: 4.685929525294341e-06
31980 Total cost: 7.145673862396507e-06
31990 Total cost: 5.2460936785792e-06
Calculating RMSE; trajectory: 1
Calculating RMSE; trajectory: 2
Calculating RMSE; trajectory: 3
Calculating RMSE; trajectory: 4
Calculating RMSE; trajectory: 5
Calculating RMSE; trajectory: 6
Calculating RMSE; trajectory: 7
Calculating RMSE; trajectory: 8
Calculating RMSE; trajectory: 9
Calculating RMSE; trajectory: 10
Calculating RMSE; trajectory: 11
Calculating RMSE; trajectory: 12
Calculating RMSE; trajectory: 13
Calculating RMSE; trajectory: 14
Calculating RMSE; trajectory: 15
Calculating dynamic time warping distance; trajectory: 1
Calculating dynamic time warping distance; trajectory: 2
Calculating dynamic time warping distance; trajectory: 3
Calculating dynamic time warping distance; trajectory: 4
Calculating dynamic time warping distance; trajectory: 5
Calculating dynamic time warping distance; trajectory: 6
Calculating dynamic time warping distance; trajectory: 7
Calculating dynamic time warping distance; trajectory: 8
Calculating dynamic time warping distance; trajectory: 9
Calculating dynamic time warping distance; trajectory: 10
Calculating dynamic time warping distance; trajectory: 11
Calculating dynamic time warping distance; trajectory: 12
Calculating dynamic time warping distance; trajectory: 13
Calculating dynamic time warping distance; trajectory: 14
Calculating dynamic time warping distance; trajectory: 15
Calculating Frechet distance; trajectory: 1
Calculating Frechet distance; trajectory: 2
Calculating Frechet distance; trajectory: 3
Calculating Frechet distance; trajectory: 4
Calculating Frechet distance; trajectory: 5
Calculating Frechet distance; trajectory: 6
Calculating Frechet distance; trajectory: 7
Calculating Frechet distance; trajectory: 8
Calculating Frechet distance; trajectory: 9
Calculating Frechet distance; trajectory: 10
Calculating Frechet distance; trajectory: 11
Calculating Frechet distance; trajectory: 12
Calculating Frechet distance; trajectory: 13
Calculating Frechet distance; trajectory: 14
Calculating Frechet distance; trajectory: 15
Saving image to .//home/khw/Projects/pumafabrics/pumafabrics/puma_adapted/results/mujoco_kuka_simple_line0/images/primitive_0_iter_32000.pdf...
Metrics sum: 0.08408997631325632 ; Number of unsuccessful trajectories: 64
32000 Total cost: 5.30220449945773e-06
32010 Total cost: 3.9348788050119765e-06
32020 Total cost: 3.077892642977531e-06
32030 Total cost: 3.21540164804901e-06
32040 Total cost: 4.05811624659691e-06
32050 Total cost: 3.8594544093939476e-06
32060 Total cost: 3.290427002866636e-06
32070 Total cost: 4.216282377456082e-06
32080 Total cost: 5.7057382036873605e-06
32090 Total cost: 2.332710391783621e-05
32100 Total cost: 1.4407493836188223e-05
32110 Total cost: 9.60051329457201e-06
32120 Total cost: 1.0741754522314295e-05
32130 Total cost: 8.968000656750519e-06
32140 Total cost: 1.4063369235373102e-05
32150 Total cost: 1.6196849173866212e-05
32160 Total cost: 1.2252898159204051e-05
32170 Total cost: 8.44506394059863e-06
32180 Total cost: 8.987502951640636e-06
32190 Total cost: 9.294773008150514e-06
32200 Total cost: 7.200303116405848e-06
32210 Total cost: 7.884967999416403e-06
32220 Total cost: 6.8883487074344885e-06
32230 Total cost: 8.094015356618911e-06
32240 Total cost: 7.876477866375353e-06
32250 Total cost: 7.179598469519988e-06
32260 Total cost: 6.481689979409566e-06
32270 Total cost: 5.775987119704951e-06
32280 Total cost: 1.9923001673305407e-05
32290 Total cost: 7.3497894845786504e-06
32300 Total cost: 6.491641215689015e-06
32310 Total cost: 6.270105131989112e-06
32320 Total cost: 6.098721314629074e-06
32330 Total cost: 7.353572982538026e-06
32340 Total cost: 6.1624609770660754e-06
32350 Total cost: 5.091822458780371e-06
32360 Total cost: 4.952645213052165e-06
32370 Total cost: 4.900273324892623e-06
32380 Total cost: 3.908188318746397e-06
32390 Total cost: 4.604141395248007e-06
32400 Total cost: 3.98394286094117e-06
32410 Total cost: 4.511212864599656e-06
32420 Total cost: 4.366358552942984e-06
32430 Total cost: 5.069022336101625e-06
32440 Total cost: 1.0440219739393797e-05
32450 Total cost: 7.619410098413937e-06
32460 Total cost: 7.731247023912147e-06
32470 Total cost: 5.528501787921414e-06
32480 Total cost: 7.4930117079929914e-06
32490 Total cost: 7.000243840593612e-06
32500 Total cost: 4.562089998216834e-06
32510 Total cost: 5.145064278622158e-06
32520 Total cost: 4.388523393572541e-06
32530 Total cost: 4.7714615902805235e-06
32540 Total cost: 3.7874804093007697e-06
32550 Total cost: 5.779471393907443e-06
32560 Total cost: 4.046120920975227e-06
32570 Total cost: 5.607589173450833e-06
32580 Total cost: 4.478480150282849e-06
32590 Total cost: /home/khw/Projects/pumafabrics/pumafabrics/puma_adapted/evaluation/evaluate_nd.py:20: VisibleDeprecationWarning: Creating an ndarray from ragged nested sequences (which is a list-or-tuple of lists-or-tuples-or ndarrays with different lengths or shapes) is deprecated. If you meant to do this, you must specify 'dtype=object' when creating the ndarray.
  delta_t_history = np.array(self.delta_t_eval)
4.4025841816619504e-06
32600 Total cost: 4.325427653384395e-06
32610 Total cost: 5.152952780917985e-06
32620 Total cost: 4.43995031673694e-06
32630 Total cost: 5.280610821500886e-06
32640 Total cost: 5.184399469726486e-06
32650 Total cost: 4.161717697570566e-06
32660 Total cost: 4.157403964200057e-06
32670 Total cost: 3.7986137613188475e-06
32680 Total cost: 3.6609599192161113e-06
32690 Total cost: 4.1959538066294044e-06
32700 Total cost: 3.850295797747094e-06
32710 Total cost: 3.794920985455974e-06
32720 Total cost: 3.4032923394988757e-06
32730 Total cost: 4.168498435319634e-06
32740 Total cost: 3.823916813416872e-06
32750 Total cost: 4.501697276282357e-06
32760 Total cost: 3.7189017803029856e-06
32770 Total cost: 3.288891548436368e-06
32780 Total cost: 3.8361158658517525e-06
32790 Total cost: 4.113991963095032e-06
32800 Total cost: 3.888917035510531e-06
32810 Total cost: 3.1132256026467076e-06
32820 Total cost: 3.0308942768897396e-06
32830 Total cost: 3.3749090562196216e-06
32840 Total cost: 3.4566535305202706e-06
32850 Total cost: 3.7232375689200126e-06
32860 Total cost: 4.8099045670824125e-06
32870 Total cost: 5.992891146888724e-06
32880 Total cost: 5.2266141210566275e-06
32890 Total cost: 4.679437552113086e-06
32900 Total cost: 3.4523709473432973e-06
32910 Total cost: 3.862463472614763e-06
32920 Total cost: 4.100852493138518e-06
32930 Total cost: 4.332808657636633e-06
32940 Total cost: 4.677783635997912e-06
32950 Total cost: 3.363460336913704e-06
32960 Total cost: 3.126489673377364e-06
32970 Total cost: 3.533520612108987e-06
32980 Total cost: 4.624225311999908e-06
32990 Total cost: 3.173882305418374e-06
Calculating RMSE; trajectory: 1
Calculating RMSE; trajectory: 2
Calculating RMSE; trajectory: 3
Calculating RMSE; trajectory: 4
Calculating RMSE; trajectory: 5
Calculating RMSE; trajectory: 6
Calculating RMSE; trajectory: 7
Calculating RMSE; trajectory: 8
Calculating RMSE; trajectory: 9
Calculating RMSE; trajectory: 10
Calculating RMSE; trajectory: 11
Calculating RMSE; trajectory: 12
Calculating RMSE; trajectory: 13
Calculating RMSE; trajectory: 14
Calculating RMSE; trajectory: 15
Calculating dynamic time warping distance; trajectory: 1
Calculating dynamic time warping distance; trajectory: 2
Calculating dynamic time warping distance; trajectory: 3
Calculating dynamic time warping distance; trajectory: 4
Calculating dynamic time warping distance; trajectory: 5
Calculating dynamic time warping distance; trajectory: 6
Calculating dynamic time warping distance; trajectory: 7
Calculating dynamic time warping distance; trajectory: 8
Calculating dynamic time warping distance; trajectory: 9
Calculating dynamic time warping distance; trajectory: 10
Calculating dynamic time warping distance; trajectory: 11
Calculating dynamic time warping distance; trajectory: 12
Calculating dynamic time warping distance; trajectory: 13
Calculating dynamic time warping distance; trajectory: 14
Calculating dynamic time warping distance; trajectory: 15
Calculating Frechet distance; trajectory: 1
Calculating Frechet distance; trajectory: 2
Calculating Frechet distance; trajectory: 3
Calculating Frechet distance; trajectory: 4
Calculating Frechet distance; trajectory: 5
Calculating Frechet distance; trajectory: 6
Calculating Frechet distance; trajectory: 7
Calculating Frechet distance; trajectory: 8
Calculating Frechet distance; trajectory: 9
Calculating Frechet distance; trajectory: 10
Calculating Frechet distance; trajectory: 11
Calculating Frechet distance; trajectory: 12
Calculating Frechet distance; trajectory: 13
Calculating Frechet distance; trajectory: 14
Calculating Frechet distance; trajectory: 15
Saving image to .//home/khw/Projects/pumafabrics/pumafabrics/puma_adapted/results/mujoco_kuka_simple_line0/images/primitive_0_iter_33000.pdf...
Metrics sum: 0.08149386033650864 ; Number of unsuccessful trajectories: 64
33000 Total cost: 3.352934754730086e-06
33010 Total cost: 3.882766577589791e-06
33020 Total cost: 3.7971656183799496e-06
33030 Total cost: 2.702566916923388e-06
33040 Total cost: 5.324194717104547e-06
33050 Total cost: 3.306584176243632e-06
33060 Total cost: 5.192868229642045e-06
33070 Total cost: 3.6352889765112195e-06
33080 Total cost: 3.6616111174225807e-06
33090 Total cost: 3.726108388946159e-06
33100 Total cost: 3.989107426605187e-06
33110 Total cost: 4.03063040721463e-06
33120 Total cost: 4.740370059153065e-06
33130 Total cost: 4.5560914259112906e-06
33140 Total cost: 3.5339626265340485e-06
33150 Total cost: 3.5415275760897202e-06
33160 Total cost: 4.135474227950908e-06
33170 Total cost: 2.75392085313797e-06
33180 Total cost: 3.0117894311842974e-06
33190 Total cost: 3.278994427091675e-06
33200 Total cost: 4.347111826064065e-06
33210 Total cost: 3.493853682812187e-06
33220 Total cost: 3.403719802008709e-06
33230 Total cost: 3.4348699955444317e-06
33240 Total cost: 4.503553100221325e-06
33250 Total cost: 4.80832841276424e-06
33260 Total cost: 3.616106369008776e-06
33270 Total cost: 3.4501199479564093e-06
33280 Total cost: 2.9155903575883713e-06
33290 Total cost: 2.5146168809442315e-06
33300 Total cost: 2.8060758268111385e-06
33310 Total cost: 3.1420618142874446e-06
33320 Total cost: 3.0163187147991266e-06
33330 Total cost: 3.2349776120099705e-06
33340 Total cost: 3.4129816413042136e-06
33350 Total cost: 2.845480366886477e-06
33360 Total cost: 3.6212011309544323e-06
33370 Total cost: 4.079324298800202e-06
33380 Total cost: 3.1653125915909186e-06
33390 Total cost: 2.6228603928757366e-06
33400 Total cost: 2.8158369786979165e-06
33410 Total cost: 2.8515210033219773e-06
33420 Total cost: 3.514663148962427e-06
33430 Total cost: 3.0904245704732602e-06
33440 Total cost: 2.9011748665652703e-06
33450 Total cost: 3.373423623997951e-06
33460 Total cost: 3.621574933276861e-06
33470 Total cost: 3.6256160456105135e-06
33480 Total cost: 3.4517975109338295e-06
33490 Total cost: 3.5244302125647664e-06
33500 Total cost: 3.5104148992104456e-06
33510 Total cost: 3.3836483908089576e-06
33520 Total cost: 2.986407480420894e-06
33530 Total cost: 3.9453166209568735e-06
33540 Total cost: 3.0378027986444067e-06
33550 Total cost: 2.9870232083339943e-06
33560 Total cost: 3.3221890589629766e-06
33570 Total cost: 4.9151526582136285e-06
33580 Total cost: 3.330564823045279e-06
33590 Total cost: 4.700762474385556e-06
33600 Total cost: 3.4075656003551558e-06
33610 Total cost: 3.130303866782924e-06
33620 Total cost: 3.6204451134835836e-06
33630 Total cost: 3.427083356655203e-06
33640 Total cost: 3.452334340181551e-06
33650 Total cost: 4.006556991953403e-06
33660 Total cost: 2.5106689918175107e-06
33670 Total cost: 4.180030828138115e-06
33680 Total cost: 3.5081643545709085e-06
33690 Total cost: 3.6590281524695456e-06
33700 Total cost: 3.365725206094794e-06
33710 Total cost: 2.8254539756744634e-06
33720 Total cost: 2.8379372452036478e-06
33730 Total cost: 2.7569919893721817e-06
33740 Total cost: 3.106428266619332e-06
33750 Total cost: 3.250780991947977e-06
33760 Total cost: 2.2670114958600607e-06
33770 Total cost: 3.184605247952277e-06
33780 Total cost: 3.5084876799373887e-06
33790 Total cost: 3.250672307331115e-06
33800 Total cost: 4.62194384454051e-06
33810 Total cost: 3.006779252245906e-06
33820 Total cost: 3.028141236427473e-06
33830 Total cost: 2.7116527689940995e-06
33840 Total cost: 3.9678225220995955e-06
33850 Total cost: 4.035319307149621e-06
33860 Total cost: 3.4201757443952374e-06
33870 Total cost: 3.4309064176341053e-06
33880 Total cost: 3.181822421538527e-06
33890 Total cost: 5.1104357225995045e-06
33900 Total cost: 3.0667620194435585e-06
33910 Total cost: 3.6695516882900847e-06
33920 Total cost: 2.964764462376479e-06
33930 Total cost: 2.7559397040022304e-06
33940 Total cost: 3.578229325285065e-06
33950 Total cost: 5.601582415692974e-06
33960 Total cost: 6.973421022848925e-06
33970 Total cost: 6.001279871270526e-06
33980 Total cost: 4.043572062073508e-06
33990 Total cost: 3.822348844551016e-06
Calculating RMSE; trajectory: 1
Calculating RMSE; trajectory: 2
Calculating RMSE; trajectory: 3
Calculating RMSE; trajectory: 4
Calculating RMSE; trajectory: 5
Calculating RMSE; trajectory: 6
Calculating RMSE; trajectory: 7
Calculating RMSE; trajectory: 8
/home/khw/Projects/pumafabrics/pumafabrics/puma_adapted/evaluation/evaluate_nd.py:20: VisibleDeprecationWarning: Creating an ndarray from ragged nested sequences (which is a list-or-tuple of lists-or-tuples-or ndarrays with different lengths or shapes) is deprecated. If you meant to do this, you must specify 'dtype=object' when creating the ndarray.
  delta_t_history = np.array(self.delta_t_eval)
/home/khw/Projects/pumafabrics/pumafabrics/puma_adapted/evaluation/evaluate_nd.py:20: VisibleDeprecationWarning: Creating an ndarray from ragged nested sequences (which is a list-or-tuple of lists-or-tuples-or ndarrays with different lengths or shapes) is deprecated. If you meant to do this, you must specify 'dtype=object' when creating the ndarray.
  delta_t_history = np.array(self.delta_t_eval)
Calculating RMSE; trajectory: 9
Calculating RMSE; trajectory: 10
Calculating RMSE; trajectory: 11
Calculating RMSE; trajectory: 12
Calculating RMSE; trajectory: 13
Calculating RMSE; trajectory: 14
Calculating RMSE; trajectory: 15
Calculating dynamic time warping distance; trajectory: 1
Calculating dynamic time warping distance; trajectory: 2
Calculating dynamic time warping distance; trajectory: 3
Calculating dynamic time warping distance; trajectory: 4
Calculating dynamic time warping distance; trajectory: 5
Calculating dynamic time warping distance; trajectory: 6
Calculating dynamic time warping distance; trajectory: 7
Calculating dynamic time warping distance; trajectory: 8
Calculating dynamic time warping distance; trajectory: 9
Calculating dynamic time warping distance; trajectory: 10
Calculating dynamic time warping distance; trajectory: 11
Calculating dynamic time warping distance; trajectory: 12
Calculating dynamic time warping distance; trajectory: 13
Calculating dynamic time warping distance; trajectory: 14
Calculating dynamic time warping distance; trajectory: 15
Calculating Frechet distance; trajectory: 1
Calculating Frechet distance; trajectory: 2
Calculating Frechet distance; trajectory: 3
Calculating Frechet distance; trajectory: 4
Calculating Frechet distance; trajectory: 5
Calculating Frechet distance; trajectory: 6
Calculating Frechet distance; trajectory: 7
Calculating Frechet distance; trajectory: 8
Calculating Frechet distance; trajectory: 9
Calculating Frechet distance; trajectory: 10
Calculating Frechet distance; trajectory: 11
Calculating Frechet distance; trajectory: 12
Calculating Frechet distance; trajectory: 13
Calculating Frechet distance; trajectory: 14
Calculating Frechet distance; trajectory: 15
Saving image to .//home/khw/Projects/pumafabrics/pumafabrics/puma_adapted/results/mujoco_kuka_simple_line0/images/primitive_0_iter_34000.pdf...
Metrics sum: 0.08419876684311722 ; Number of unsuccessful trajectories: 64
34000 Total cost: 2.931461040134309e-06
34010 Total cost: 3.2789291708468227e-06
34020 Total cost: 2.6394504857307766e-06
34030 Total cost: 3.52269307768438e-06
34040 Total cost: 3.3161927603941876e-06
34050 Total cost: 3.42449379786558e-06
34060 Total cost: 3.980074325227179e-06
34070 Total cost: 2.7054445581597975e-06
34080 Total cost: 4.777981757797534e-06
34090 Total cost: 3.402976972211036e-06
34100 Total cost: 3.1842450880503748e-06
34110 Total cost: 4.577096660796087e-06
34120 Total cost: 4.1583793972677086e-06
34130 Total cost: 3.76319053430052e-06
34140 Total cost: 4.380650352686644e-06
34150 Total cost: 4.022104803880211e-06
34160 Total cost: 4.990292836737353e-06
34170 Total cost: 3.589402695070021e-06
34180 Total cost: 3.2242448924080236e-06
34190 Total cost: 4.187531430943636e-06
34200 Total cost: 3.098281922575552e-06
34210 Total cost: 2.8982165076740785e-06
34220 Total cost: 3.694978659041226e-06
34230 Total cost: 4.644285581889562e-06
34240 Total cost: 4.0689847082830966e-06
34250 Total cost: 2.8837573609052924e-06
34260 Total cost: 2.6745799459604314e-06
34270 Total cost: 3.114697165074176e-06
34280 Total cost: 2.6630430056684418e-06
34290 Total cost: 2.3529510144726373e-06
34300 Total cost: 2.356028289796086e-06
34310 Total cost: 2.285184791617212e-06
34320 Total cost: 2.9213740617706208e-06
34330 Total cost: 3.3309179343632422e-06
34340 Total cost: 3.2542609460506355e-06
34350 Total cost: 2.643302195792785e-06
34360 Total cost: 3.2938048661890207e-06
34370 Total cost: 4.014467776869424e-06
34380 Total cost: 3.2349494176742155e-06
34390 Total cost: 3.590386768337339e-06
34400 Total cost: 2.6487759896554053e-06
34410 Total cost: 2.743013055805932e-06
34420 Total cost: 3.71273267774086e-06
34430 Total cost: 3.5707189454114996e-06
34440 Total cost: 3.987971012975322e-06
34450 Total cost: 6.385247615980916e-06
34460 Total cost: 3.6257833926356398e-06
34470 Total cost: 4.94966752739856e-06
34480 Total cost: 6.22728475718759e-06
34490 Total cost: 3.13981263388996e-06
34500 Total cost: 2.9793141038680915e-06
34510 Total cost: 2.8557656150951516e-06
34520 Total cost: 2.397831849521026e-06
34530 Total cost: 2.566566536188475e-06
34540 Total cost: 2.927136620201054e-06
34550 Total cost: 3.871359695040155e-06
34560 Total cost: 3.272941739851376e-06
34570 Total cost: 3.5209536690672394e-06
34580 Total cost: 2.7140683869220084e-06
34590 Total cost: 2.7849237085320055e-06
34600 Total cost: 2.8182428195577813e-06
34610 Total cost: 3.9149281292338856e-06
34620 Total cost: 3.497464604151901e-06
34630 Total cost: 3.563009840945597e-06
34640 Total cost: 3.333945414851769e-06
34650 Total cost: 2.8713989195239265e-06
34660 Total cost: 3.3245503345824545e-06
34670 Total cost: 2.5369376999151427e-06
34680 Total cost: 5.7239226407546084e-06
34690 Total cost: 3.0504797905450687e-06
34700 Total cost: 2.8448994271457195e-06
34710 Total cost: 3.4958720789290965e-06
34720 Total cost: 3.48478306477773e-06
34730 Total cost: 3.5620923881651834e-06
34740 Total cost: 4.3433569771877956e-06
34750 Total cost: 4.957483724865597e-06
34760 Total cost: 4.978886408935068e-06
34770 Total cost: 5.14086377734202e-06
34780 Total cost: 3.3743560834409436e-06
34790 Total cost: 3.4890488223027205e-06
34800 Total cost: 3.948050107283052e-06
34810 Total cost: 3.105066753050778e-06
34820 Total cost: 3.0978753784438595e-06
34830 Total cost: 2.7660380510496907e-06
34840 Total cost: 3.0251508178480435e-06
34850 Total cost: 4.647412424674258e-06
34860 Total cost: 2.8176643809274537e-06
34870 Total cost: 3.784138016271754e-06
34880 Total cost: 2.476194140399457e-06
34890 Total cost: 3.3578469356143614e-06
34900 Total cost: 3.7159165913180914e-06
34910 Total cost: 4.074855496583041e-06
34920 Total cost: 2.604299152153544e-05
34930 Total cost: 1.4075383660383523e-05
34940 Total cost: 1.068238907464547e-05
34950 Total cost: 1.0642650522640906e-05
34960 Total cost: 9.588896318746265e-06
34970 Total cost: 9.061830496648327e-06
34980 Total cost: 1.3962900993647054e-05
34990 Total cost: 1.1056827133870684e-05
Calculating RMSE; trajectory: 1
Calculating RMSE; trajectory: 2
Calculating RMSE; trajectory: 3
Calculating RMSE; trajectory: 4
Calculating RMSE; trajectory: 5
Calculating RMSE; trajectory: 6
Calculating RMSE; trajectory: 7
Calculating RMSE; trajectory: 8
Calculating RMSE; trajectory: 9
Calculating RMSE; trajectory: 10
Calculating RMSE; trajectory: 11
Calculating RMSE; trajectory: 12
Calculating RMSE; trajectory: 13
Calculating RMSE; trajectory: 14
Calculating RMSE; trajectory: 15
Calculating dynamic time warping distance; trajectory: 1
Calculating dynamic time warping distance; trajectory: 2
Calculating dynamic time warping distance; trajectory: 3
Calculating dynamic time warping distance; trajectory: 4
Calculating dynamic time warping distance; trajectory: 5
Calculating dynamic time warping distance; trajectory: 6
Calculating dynamic time warping distance; trajectory: 7
Calculating dynamic time warping distance; trajectory: 8
Calculating dynamic time warping distance; trajectory: 9
Calculating dynamic time warping distance; trajectory: 10
Calculating dynamic time warping distance; trajectory: 11
Calculating dynamic time warping distance; trajectory: 12
Calculating dynamic time warping distance; trajectory: 13
Calculating dynamic time warping distance; trajectory: 14
Calculating dynamic time warping distance; trajectory: 15
Calculating Frechet distance; trajectory: 1
Calculating Frechet distance; trajectory: 2
Calculating Frechet distance; trajectory: 3
Calculating Frechet distance; trajectory: 4
Calculating Frechet distance; trajectory: 5
Calculating Frechet distance; trajectory: 6
Calculating Frechet distance; trajectory: 7
Calculating Frechet distance; trajectory: 8
Calculating Frechet distance; trajectory: 9
Calculating Frechet distance; trajectory: 10
Calculating Frechet distance; trajectory: 11
Calculating Frechet distance; trajectory: 12
Calculating Frechet distance; trajectory: 13
Calculating Frechet distance; trajectory: 14
Calculating Frechet distance; trajectory: 15
Saving image to .//home/khw/Projects/pumafabrics/pumafabrics/puma_adapted/results/mujoco_kuka_simple_line0/images/primitive_0_iter_35000.pdf...
Metrics sum: /home/khw/Projects/pumafabrics/pumafabrics/puma_adapted/evaluation/evaluate_nd.py:20: VisibleDeprecationWarning: Creating an ndarray from ragged nested sequences (which is a list-or-tuple of lists-or-tuples-or ndarrays with different lengths or shapes) is deprecated. If you meant to do this, you must specify 'dtype=object' when creating the ndarray.
  delta_t_history = np.array(self.delta_t_eval)
0.14026609207379476 ; Number of unsuccessful trajectories: 64
35000 Total cost: 1.0062351975648198e-05
35010 Total cost: 1.06686557046487e-05
35020 Total cost: 9.118192792811897e-06
35030 Total cost: 7.848357199691236e-06
35040 Total cost: 9.785683687368874e-06
35050 Total cost: 7.891587301855907e-06
35060 Total cost: 9.656938345870003e-06
35070 Total cost: 9.658200724516064e-06
35080 Total cost: 6.9014217842777725e-06
35090 Total cost: 7.142214599298313e-06
35100 Total cost: 8.452101610600948e-06
35110 Total cost: 7.665568773518316e-06
35120 Total cost: 8.537555913790129e-06
35130 Total cost: 7.086394816724351e-06
35140 Total cost: 8.082724889391102e-06
35150 Total cost: 7.948487109388225e-06
35160 Total cost: 5.823061201226665e-06
35170 Total cost: 7.80997197580291e-06
35180 Total cost: 7.948982784000691e-06
35190 Total cost: 5.268024324323051e-06
35200 Total cost: 7.532647032348905e-06
35210 Total cost: 8.070366675383411e-06
35220 Total cost: 6.317849511106033e-06
35230 Total cost: 5.429458724393044e-06
35240 Total cost: 6.86143312123022e-06
35250 Total cost: 5.9214453358436e-06
35260 Total cost: 6.507640136987902e-06
35270 Total cost: 5.672299266734626e-06
35280 Total cost: 5.923895514570177e-06
35290 Total cost: 8.236699613917153e-06
35300 Total cost: 5.9110307120135985e-06
35310 Total cost: 5.761983175034402e-06
35320 Total cost: 8.112464456644375e-06
35330 Total cost: 5.587864507106133e-06
35340 Total cost: 5.65174559596926e-06
35350 Total cost: 5.655935638060328e-06
35360 Total cost: 6.186549398989882e-06
35370 Total cost: 4.875574177276576e-06
35380 Total cost: 4.630234798241872e-06
35390 Total cost: 5.388729732658248e-06
35400 Total cost: 5.48105845155078e-06
35410 Total cost: 4.179200914222747e-06
35420 Total cost: 6.122302693256643e-06
35430 Total cost: 5.98399401496863e-06
35440 Total cost: 7.692474355280865e-06
35450 Total cost: 5.277711807138985e-06
35460 Total cost: 4.79156369692646e-06
35470 Total cost: 5.3861781452724244e-06
35480 Total cost: 5.90396257393877e-06
35490 Total cost: 5.006507308280561e-06
35500 Total cost: 7.377791007456835e-06
35510 Total cost: 5.115592557558557e-06
35520 Total cost: 5.3276444305083714e-06
35530 Total cost: 5.733012130804127e-06
35540 Total cost: 5.579938715527533e-06
35550 Total cost: 5.3361636673798785e-06
35560 Total cost: 6.051232048776001e-06
35570 Total cost: 5.112873623147607e-06
35580 Total cost: 5.222618256084388e-06
35590 Total cost: 5.502498424903024e-06
35600 Total cost: 3.862032372126123e-06
35610 Total cost: 5.048262210038956e-06
35620 Total cost: 4.480234565562569e-06
35630 Total cost: 5.550846253754571e-06
35640 Total cost: 4.411264853843022e-06
35650 Total cost: 4.5667379708902445e-06
35660 Total cost: 4.072422143508447e-06
35670 Total cost: 4.512652594712563e-06
35680 Total cost: 4.37925336882472e-06
35690 Total cost: 4.893297955277376e-06
35700 Total cost: 4.401852493174374e-06
35710 Total cost: 3.3898020319611533e-06
35720 Total cost: 4.485064437176334e-06
35730 Total cost: 5.193170181883033e-06
35740 Total cost: 5.169820724404417e-06
35750 Total cost: 4.667206212616293e-06
35760 Total cost: 4.554030056169722e-06
35770 Total cost: 5.074042292108061e-06
35780 Total cost: 4.172834451310337e-06
35790 Total cost: 3.4109434636775404e-06
35800 Total cost: 4.990042270947015e-06
35810 Total cost: 5.4398492466134485e-06
35820 Total cost: 4.430085937201511e-06
35830 Total cost: 4.994667506252881e-06
35840 Total cost: 3.648212441476062e-06
35850 Total cost: 3.2164412004931364e-06
35860 Total cost: 3.987069248978514e-06
35870 Total cost: 5.190278898226097e-06
35880 Total cost: 3.742828994290903e-06
35890 Total cost: 4.487594196689315e-06
35900 Total cost: 3.497890020298655e-06
35910 Total cost: 3.7958739085297566e-06
35920 Total cost: 4.406081188790267e-06
35930 Total cost: 4.899079613096546e-06
35940 Total cost: 3.902833668689709e-06
35950 Total cost: 3.542086687957635e-06
35960 Total cost: 4.501958756009117e-06
35970 Total cost: 3.6656199426943203e-06
35980 Total cost: 3.572467448975658e-06
35990 Total cost: 3.5887521789845778e-06
Calculating RMSE; trajectory: 1
Calculating RMSE; trajectory: 2
Calculating RMSE; trajectory: 3
Calculating RMSE; trajectory: 4
Calculating RMSE; trajectory: 5
Calculating RMSE; trajectory: 6
Calculating RMSE; trajectory: 7
Calculating RMSE; trajectory: 8
Calculating RMSE; trajectory: 9
Calculating RMSE; trajectory: 10
Calculating RMSE; trajectory: 11
Calculating RMSE; trajectory: 12
Calculating RMSE; trajectory: 13
Calculating RMSE; trajectory: 14
Calculating RMSE; trajectory: 15
Calculating dynamic time warping distance; trajectory: 1
Calculating dynamic time warping distance; trajectory: 2
Calculating dynamic time warping distance; trajectory: 3
Calculating dynamic time warping distance; trajectory: 4
Calculating dynamic time warping distance; trajectory: 5
Calculating dynamic time warping distance; trajectory: 6
Calculating dynamic time warping distance; trajectory: 7
Calculating dynamic time warping distance; trajectory: 8
Calculating dynamic time warping distance; trajectory: 9
Calculating dynamic time warping distance; trajectory: 10
Calculating dynamic time warping distance; trajectory: 11
Calculating dynamic time warping distance; trajectory: 12
Calculating dynamic time warping distance; trajectory: 13
Calculating dynamic time warping distance; trajectory: 14
Calculating dynamic time warping distance; trajectory: 15
Calculating Frechet distance; trajectory: 1
Calculating Frechet distance; trajectory: 2
Calculating Frechet distance; trajectory: 3
Calculating Frechet distance; trajectory: 4
Calculating Frechet distance; trajectory: 5
Calculating Frechet distance; trajectory: 6
Calculating Frechet distance; trajectory: 7
Calculating Frechet distance; trajectory: 8
Calculating Frechet distance; trajectory: 9
Calculating Frechet distance; trajectory: 10
Calculating Frechet distance; trajectory: 11
Calculating Frechet distance; trajectory: 12
Calculating Frechet distance; trajectory: 13
Calculating Frechet distance; trajectory: 14
Calculating Frechet distance; trajectory: 15
Saving image to .//home/khw/Projects/pumafabrics/pumafabrics/puma_adapted/results/mujoco_kuka_simple_line0/images/primitive_0_iter_36000.pdf...
Metrics sum: 0.07978041468707225 ; Number of unsuccessful trajectories: 64
36000 Total cost: 2.8746189855155535e-06
36010 Total cost: 4.223948053549975e-06
36020 Total cost: 4.586899649439147e-06
36030 Total cost: 3.0645314836874604e-06
36040 Total cost: 3.0182116006471915e-06
36050 Total cost: 3.9174437915789895e-06
36060 Total cost: 3.6442386317503406e-06
36070 Total cost: 3.78747790819034e-06
36080 Total cost: 3.6178139453113545e-06
36090 Total cost: 3.7847444218641613e-06
36100 Total cost: 4.335296125645982e-06
36110 Total cost: 3.1808936000743415e-06
36120 Total cost: 3.345390723552555e-06
36130 Total cost: 4.032721335534006e-06
36140 Total cost: 4.586689101415686e-06
36150 Total cost: 4.554789484245703e-06
36160 Total cost: 5.220672392169945e-06
36170 Total cost: 3.5117295738018584e-06
36180 Total cost: 3.683119302877458e-06
36190 Total cost: 3.551940608303994e-06
36200 Total cost: 3.7862705539737362e-06
36210 Total cost: 3.948251105612144e-06
36220 Total cost: 2.6842822080652695e-06
36230 Total cost: 4.238957444613334e-06
36240 Total cost: 3.2213506528933067e-06
36250 Total cost: 4.181672011327464e-06
36260 Total cost: 4.304934918764047e-06
36270 Total cost: 3.5042985473410226e-06
36280 Total cost: 3.5356795251573203e-06
36290 Total cost: 3.194850705767749e-06
36300 Total cost: 3.675556854432216e-06
36310 Total cost: 3.110114448645618e-06
36320 Total cost: 3.7534834973484976e-06
36330 Total cost: 3.5183379623049404e-06
36340 Total cost: 3.5097243653581245e-06
36350 Total cost: 4.190304935036693e-06
36360 Total cost: 3.833893970295321e-06
36370 Total cost: 4.742923465528293e-06
36380 Total cost: 4.24342351834639e-06
36390 Total cost: 4.963852006767411e-06
36400 Total cost: 3.952884981117677e-06
36410 Total cost: 3.776197900151601e-06
36420 Total cost: 3.522222641549888e-06
36430 Total cost: 2.73474006462493e-06
36440 Total cost: 2.8889649001939688e-06
36450 Total cost: 3.980950168624986e-06
36460 Total cost: 3.2342250051442534e-06/home/khw/Projects/pumafabrics/pumafabrics/puma_adapted/evaluation/evaluate_nd.py:20: VisibleDeprecationWarning: Creating an ndarray from ragged nested sequences (which is a list-or-tuple of lists-or-tuples-or ndarrays with different lengths or shapes) is deprecated. If you meant to do this, you must specify 'dtype=object' when creating the ndarray.
  delta_t_history = np.array(self.delta_t_eval)

36470 Total cost: 3.2457253382744966e-06
36480 Total cost: 3.649467316790833e-06
36490 Total cost: 3.2683215067663696e-06
36500 Total cost: 3.083293449890334e-06
36510 Total cost: 3.3323344723612536e-06
36520 Total cost: 3.0968012652010657e-06
36530 Total cost: 2.9938480565760983e-06
36540 Total cost: 3.474417098914273e-06
36550 Total cost: 4.821270522370469e-06
36560 Total cost: 5.704319391952595e-06
36570 Total cost: 4.174412424617913e-06
36580 Total cost: 5.1953202273580246e-06
36590 Total cost: 3.6148412618786097e-06
36600 Total cost: 3.82316693503526e-06
36610 Total cost: 3.513224783091573e-06
36620 Total cost: 3.7433919715113007e-06
36630 Total cost: 2.96032249025302e-06
36640 Total cost: 2.56491216532595e-06
36650 Total cost: 2.370230959058972e-06
36660 Total cost: 2.908790065703215e-06
36670 Total cost: 3.623319571488537e-06
36680 Total cost: 3.100852609350113e-06
36690 Total cost: 2.7728287932404783e-06
36700 Total cost: 2.7874880288436543e-06
36710 Total cost: 3.351931354700355e-06
36720 Total cost: 3.692126483656466e-06
36730 Total cost: 3.6621977415052243e-06
36740 Total cost: 3.1277775178750744e-06
36750 Total cost: 5.1986608013976365e-06
36760 Total cost: 4.436737981450278e-06
36770 Total cost: 3.6229243960406166e-06
36780 Total cost: 3.04045670418418e-06
36790 Total cost: 3.3779683690227102e-06
36800 Total cost: 3.0936951134208357e-06
36810 Total cost: 3.593178462324431e-06
36820 Total cost: 4.26023416366661e-06
36830 Total cost: 3.889384970534593e-06
36840 Total cost: 3.5253922305855667e-06
36850 Total cost: 3.633660980995046e-06
36860 Total cost: 3.7545992199738976e-06
36870 Total cost: 3.64752395398682e-06
36880 Total cost: 3.975512299803086e-06
36890 Total cost: 3.952827682951465e-06
36900 Total cost: 3.2110360734805e-06
36910 Total cost: 3.1291663162846817e-06
36920 Total cost: 4.269620148988906e-06
36930 Total cost: 3.6734272725880146e-06
36940 Total cost: 3.903163815266453e-06
36950 Total cost: 3.568269221432274e-06
36960 Total cost: 3.242711272832821e-06
36970 Total cost: 4.207485744700534e-06
36980 Total cost: 5.535257059818832e-06
36990 Total cost: 3.877395556628471e-06
Calculating RMSE; trajectory: 1
Calculating RMSE; trajectory: 2
Calculating RMSE; trajectory: 3
Calculating RMSE; trajectory: 4
Calculating RMSE; trajectory: 5
Calculating RMSE; trajectory: 6
Calculating RMSE; trajectory: 7
Calculating RMSE; trajectory: 8
Calculating RMSE; trajectory: 9
Calculating RMSE; trajectory: 10
Calculating RMSE; trajectory: 11
Calculating RMSE; trajectory: 12
Calculating RMSE; trajectory: 13
Calculating RMSE; trajectory: 14
Calculating RMSE; trajectory: 15
Calculating dynamic time warping distance; trajectory: 1
Calculating dynamic time warping distance; trajectory: 2
Calculating dynamic time warping distance; trajectory: 3
Calculating dynamic time warping distance; trajectory: 4
Calculating dynamic time warping distance; trajectory: 5
Calculating dynamic time warping distance; trajectory: 6
Calculating dynamic time warping distance; trajectory: 7
Calculating dynamic time warping distance; trajectory: 8
Calculating dynamic time warping distance; trajectory: 9
Calculating dynamic time warping distance; trajectory: 10
Calculating dynamic time warping distance; trajectory: 11
Calculating dynamic time warping distance; trajectory: 12
Calculating dynamic time warping distance; trajectory: 13
Calculating dynamic time warping distance; trajectory: 14
Calculating dynamic time warping distance; trajectory: 15
Calculating Frechet distance; trajectory: 1
Calculating Frechet distance; trajectory: 2
Calculating Frechet distance; trajectory: 3
Calculating Frechet distance; trajectory: 4
Calculating Frechet distance; trajectory: 5
Calculating Frechet distance; trajectory: 6
Calculating Frechet distance; trajectory: 7
Calculating Frechet distance; trajectory: 8
Calculating Frechet distance; trajectory: 9
Calculating Frechet distance; trajectory: 10
Calculating Frechet distance; trajectory: 11
Calculating Frechet distance; trajectory: 12
Calculating Frechet distance; trajectory: 13
Calculating Frechet distance; trajectory: 14
Calculating Frechet distance; trajectory: 15
Saving image to .//home/khw/Projects/pumafabrics/pumafabrics/puma_adapted/results/mujoco_kuka_simple_line0/images/primitive_0_iter_37000.pdf...
Metrics sum: 0.06752340051067204 ; Number of unsuccessful trajectories: 64
37000 Total cost: 3.477112841210328e-06
37010 Total cost: 3.6156397982267663e-06
37020 Total cost: 2.6215270736429375e-06
37030 Total cost: 2.9407065085251816e-06
37040 Total cost: 3.719538199220551e-06
37050 Total cost: 3.1352180940302787e-06
37060 Total cost: 2.8634065074584214e-06
37070 Total cost: 3.251185717090266e-06
37080 Total cost: 2.5317804102087393e-06
37090 Total cost: 3.0814462661510333e-06
37100 Total cost: 3.3675805752864107e-06
37110 Total cost: 3.551749387042946e-06
37120 Total cost: 4.035603069496574e-06
37130 Total cost: 2.803245479299221e-06
37140 Total cost: 3.5358939385332633e-06
37150 Total cost: 4.044402885483578e-06
37160 Total cost: 2.786689037748147e-06
37170 Total cost: 2.65172820945736e-06
37180 Total cost: 2.5795761757763103e-06
37190 Total cost: 3.4201455036964035e-06
37200 Total cost: 2.8133867999713402e-06
37210 Total cost: 3.041828449568129e-06
37220 Total cost: 2.493317197149736e-06
37230 Total cost: 7.07047138348571e-06
37240 Total cost: 7.138799446693156e-06
37250 Total cost: 4.949040885549039e-06
37260 Total cost: 4.967891527485335e-06
37270 Total cost: 3.550090241333237e-06
37280 Total cost: 4.313092176744249e-06
37290 Total cost: 3.410547833482269e-06
37300 Total cost: 3.150271822960349e-06
37310 Total cost: 3.5328400826983852e-06
37320 Total cost: 5.250059530226281e-06
37330 Total cost: 4.141177214478375e-06
37340 Total cost: 3.7992622310412116e-06
37350 Total cost: 3.108892087766435e-06
37360 Total cost: 2.228711764473701e-06
37370 Total cost: 3.5760190257860813e-06
37380 Total cost: 3.4924023566418327e-06
37390 Total cost: 2.777037252599257e-06
37400 Total cost: 3.5024490898649674e-06
37410 Total cost: 2.8087074497307185e-06
37420 Total cost: 2.8463809940149076e-06
37430 Total cost: 2.194739636252052e-06
37440 Total cost: 2.8834779186581727e-06
37450 Total cost: 3.1919414595904527e-06
37460 Total cost: 3.047341579076601e-06
37470 Total cost: 4.102061211597174e-06
37480 Total cost: 6.6880947997560725e-06
37490 Total cost: 4.5369420149654616e-06
37500 Total cost: 3.832683887594612e-06
37510 Total cost: 3.360896471349406e-06
37520 Total cost: 3.0769622298976174e-06
37530 Total cost: 2.8765011848008726e-06
37540 Total cost: 2.6077555048686918e-06
37550 Total cost: 3.6683654798252974e-06
37560 Total cost: 3.6784294934477657e-06
37570 Total cost: 3.0111768865026534e-06
37580 Total cost: 2.8570029826369137e-06
37590 Total cost: 2.785586275422247e-06
37600 Total cost: 3.5935258893005084e-06
37610 Total cost: 2.846295956260292e-06
37620 Total cost: 2.897901822507265e-06
37630 Total cost: 3.020923031726852e-06
37640 Total cost: 2.801487880788045e-06
37650 Total cost: 3.4216443509649253e-06
37660 Total cost: 3.292818973932299e-06
37670 Total cost: 3.2567872949584853e-06
37680 Total cost: 4.1804287320701405e-06
37690 Total cost: 5.81538461119635e-06
37700 Total cost: 4.7852076932031196e-06
37710 Total cost: 3.4243607842654455e-06
37720 Total cost: 2.768163994915085e-06
37730 Total cost: 2.915782488344121e-06
37740 Total cost: 2.4336038677574834e-06
37750 Total cost: 2.900590970966732e-06
37760 Total cost: 3.3604592317715287e-06
37770 Total cost: 2.8417023258953122e-06
37780 Total cost: 2.3279649212781806e-06
37790 Total cost: 2.408904720141436e-06
37800 Total cost: 2.2325621102936566e-06
37810 Total cost: 2.4842438506311737e-06
37820 Total cost: 2.0904606117255753e-06
37830 Total cost: 4.380630343803205e-06
37840 Total cost: 3.4864576718973694e-06
37850 Total cost: 2.786024197121151e-06
37860 Total cost: 3.2951297725958284e-06
37870 Total cost: 3.3261217140534427e-06
37880 Total cost: 3.0474300274363486e-06
37890 Total cost: 2.6911243367067073e-06
37900 Total cost: 5.758264705946203e-06
37910 Total cost: 4.581626399158267e-06
37920 Total cost: 3.3262585930060595e-06
37930 Total cost: 3.4642430364328902e-06
37940 Total cost: /home/khw/Projects/pumafabrics/pumafabrics/puma_adapted/evaluation/evaluate_nd.py:20: VisibleDeprecationWarning: Creating an ndarray from ragged nested sequences (which is a list-or-tuple of lists-or-tuples-or ndarrays with different lengths or shapes) is deprecated. If you meant to do this, you must specify 'dtype=object' when creating the ndarray.
  delta_t_history = np.array(self.delta_t_eval)
2.3446960767614655e-05
37950 Total cost: 1.1079326213803142e-05
37960 Total cost: 8.36736126075266e-06
37970 Total cost: 9.103780030272901e-06
37980 Total cost: 7.750548320473172e-06
37990 Total cost: 7.66259017837001e-06
Calculating RMSE; trajectory: 1
Calculating RMSE; trajectory: 2
Calculating RMSE; trajectory: 3
Calculating RMSE; trajectory: 4
Calculating RMSE; trajectory: 5
Calculating RMSE; trajectory: 6
Calculating RMSE; trajectory: 7
Calculating RMSE; trajectory: 8
Calculating RMSE; trajectory: 9
Calculating RMSE; trajectory: 10
Calculating RMSE; trajectory: 11
Calculating RMSE; trajectory: 12
Calculating RMSE; trajectory: 13
Calculating RMSE; trajectory: 14
Calculating RMSE; trajectory: 15
Calculating dynamic time warping distance; trajectory: 1
Calculating dynamic time warping distance; trajectory: 2
Calculating dynamic time warping distance; trajectory: 3
Calculating dynamic time warping distance; trajectory: 4
Calculating dynamic time warping distance; trajectory: 5
Calculating dynamic time warping distance; trajectory: 6
Calculating dynamic time warping distance; trajectory: 7
Calculating dynamic time warping distance; trajectory: 8
Calculating dynamic time warping distance; trajectory: 9
Calculating dynamic time warping distance; trajectory: 10
Calculating dynamic time warping distance; trajectory: 11
Calculating dynamic time warping distance; trajectory: 12
Calculating dynamic time warping distance; trajectory: 13
Calculating dynamic time warping distance; trajectory: 14
Calculating dynamic time warping distance; trajectory: 15
Calculating Frechet distance; trajectory: 1
Calculating Frechet distance; trajectory: 2
Calculating Frechet distance; trajectory: 3
Calculating Frechet distance; trajectory: 4
Calculating Frechet distance; trajectory: 5
Calculating Frechet distance; trajectory: 6
Calculating Frechet distance; trajectory: 7
Calculating Frechet distance; trajectory: 8
Calculating Frechet distance; trajectory: 9
Calculating Frechet distance; trajectory: 10
Calculating Frechet distance; trajectory: 11
Calculating Frechet distance; trajectory: 12
Calculating Frechet distance; trajectory: 13
Calculating Frechet distance; trajectory: 14
Calculating Frechet distance; trajectory: 15
Saving image to .//home/khw/Projects/pumafabrics/pumafabrics/puma_adapted/results/mujoco_kuka_simple_line0/images/primitive_0_iter_38000.pdf...
Metrics sum: 0.08112430649103744 ; Number of unsuccessful trajectories: 64
38000 Total cost: 7.630120308022015e-06
38010 Total cost: 7.240736067615217e-06
38020 Total cost: 7.4098088589380495e-06
38030 Total cost: 7.527941306761932e-06
38040 Total cost: 5.544927262235433e-06
38050 Total cost: 4.553135113383178e-06
38060 Total cost: 6.560705060110195e-06
38070 Total cost: 6.673507868981687e-06
38080 Total cost: 5.579069693339989e-06
38090 Total cost: 4.893016921414528e-06
38100 Total cost: 4.9701457101036794e-06
38110 Total cost: 4.434079073689645e-06
38120 Total cost: 5.792427600681549e-06
38130 Total cost: 6.134541763458401e-06
38140 Total cost: 5.552160928345984e-06
38150 Total cost: 5.465796675707679e-06
38160 Total cost: 5.1619840633065905e-06
38170 Total cost: 4.306578375690151e-06
38180 Total cost: 4.486286343308166e-06
38190 Total cost: 3.822375674644718e-06
38200 Total cost: 3.840039425995201e-06
38210 Total cost: 4.380741302156821e-06
38220 Total cost: 3.838010798062896e-06
38230 Total cost: 4.267503754817881e-06
38240 Total cost: 5.124662038724637e-06
38250 Total cost: 4.1177136154146865e-06
38260 Total cost: 5.4951024139882065e-06
38270 Total cost: 3.373577555976226e-06
38280 Total cost: 3.5210409805586096e-06
38290 Total cost: 3.6792921491723973e-06
38300 Total cost: 4.499740043684142e-06
38310 Total cost: 3.955284228140954e-06
38320 Total cost: 3.3982541935984045e-06
38330 Total cost: 5.1120218813593965e-06
38340 Total cost: 4.046485173603287e-06
38350 Total cost: 4.713005182566121e-06
38360 Total cost: 3.7023501135990955e-06
38370 Total cost: 3.4690772281464888e-06
38380 Total cost: 4.012250428786501e-06
38390 Total cost: 3.5182545161660528e-06
38400 Total cost: 3.745628873730311e-06
38410 Total cost: 3.4776810480252607e-06
38420 Total cost: 3.543539378370042e-06
38430 Total cost: 4.422787242219783e-06
38440 Total cost: 4.242577688273741e-06
38450 Total cost: 3.624930968726403e-06
38460 Total cost: 4.508588972385041e-06
38470 Total cost: 3.963255039707292e-06
38480 Total cost: 4.69312635686947e-06
38490 Total cost: 3.5418288462096825e-06
38500 Total cost: 3.4360907648078864e-06
38510 Total cost: 3.2016764635045547e-06
38520 Total cost: 3.920224116882309e-06
38530 Total cost: 3.558968046490918e-06
38540 Total cost: 3.0075377708271844e-06
38550 Total cost: 4.902617092739092e-06
38560 Total cost: 4.091038590559037e-06
38570 Total cost: 3.7567856452369597e-06
38580 Total cost: 3.1292099720303668e-06
38590 Total cost: 3.842507339868462e-06
38600 Total cost: 3.905294761352707e-06
38610 Total cost: 2.8618076157727046e-06
38620 Total cost: 3.308508894406259e-06
38630 Total cost: 3.1262447919289116e-06
38640 Total cost: 2.997289584527607e-06
38650 Total cost: 3.4479112400731537e-06
38660 Total cost: 4.9993923312285915e-06
38670 Total cost: 3.463917664703331e-06
38680 Total cost: 3.8025980302336393e-06
38690 Total cost: 3.5169503007637104e-06
38700 Total cost: 3.2210787139774766e-06
38710 Total cost: 2.7653704819385894e-06
38720 Total cost: 4.0408517634205054e-06
38730 Total cost: 3.6531753266899614e-06
38740 Total cost: 2.5092135729209986e-06
38750 Total cost: 3.41406212100992e-06
38760 Total cost: 2.592270448076306e-06
38770 Total cost: 2.973161599584273e-06
38780 Total cost: 3.423453563300427e-06
38790 Total cost: 3.3191809052368626e-06
38800 Total cost: 3.1800516353541752e-06
38810 Total cost: 3.5783300518232863e-06
38820 Total cost: 3.6164087759971153e-06
38830 Total cost: 3.6519681998470332e-06
38840 Total cost: 2.816158939822344e-06
38850 Total cost: 4.266327778168488e-06
38860 Total cost: 3.4073459573846776e-06
38870 Total cost: 3.4386357583571225e-06
38880 Total cost: 4.7341800382127985e-06
38890 Total cost: 3.4923382372653577e-06
38900 Total cost: 2.0994841634092154e-06
38910 Total cost: 2.5460512915742584e-06
38920 Total cost: 3.350129873069818e-06
38930 Total cost: 3.088014409513562e-06
38940 Total cost: 2.5194585759891197e-06
38950 Total cost: 2.8515073609014507e-06
38960 Total cost: 3.971432306570932e-06
38970 Total cost: 3.1275328638002975e-06
38980 Total cost: 3.2225198083324358e-06
38990 Total cost: 3.210110662621446e-06
Calculating RMSE; trajectory: 1
Calculating RMSE; trajectory: 2
Calculating RMSE; trajectory: 3
Calculating RMSE; trajectory: 4
Calculating RMSE; trajectory: 5
Calculating RMSE; trajectory: 6
Calculating RMSE; trajectory: 7
Calculating RMSE; trajectory: 8
Calculating RMSE; trajectory: 9
Calculating RMSE; trajectory: 10
Calculating RMSE; trajectory: 11
Calculating RMSE; trajectory: 12
Calculating RMSE; trajectory: 13
Calculating RMSE; trajectory: 14
Calculating RMSE; trajectory: 15
Calculating dynamic time warping distance; trajectory: 1
Calculating dynamic time warping distance; trajectory: 2
Calculating dynamic time warping distance; trajectory: 3
Calculating dynamic time warping distance; trajectory: 4
Calculating dynamic time warping distance; trajectory: 5
Calculating dynamic time warping distance; trajectory: 6
Calculating dynamic time warping distance; trajectory: 7
Calculating dynamic time warping distance; trajectory: 8
Calculating dynamic time warping distance; trajectory: 9
Calculating dynamic time warping distance; trajectory: 10
Calculating dynamic time warping distance; trajectory: 11
Calculating dynamic time warping distance; trajectory: 12
Calculating dynamic time warping distance; trajectory: 13
Calculating dynamic time warping distance; trajectory: 14
Calculating dynamic time warping distance; trajectory: 15
Calculating Frechet distance; trajectory: 1
Calculating Frechet distance; trajectory: 2
Calculating Frechet distance; trajectory: 3
Calculating Frechet distance; trajectory: 4
Calculating Frechet distance; trajectory: 5
Calculating Frechet distance; trajectory: 6
Calculating Frechet distance; trajectory: 7
/home/khw/Projects/pumafabrics/pumafabrics/puma_adapted/evaluation/evaluate_nd.py:20: VisibleDeprecationWarning: Creating an ndarray from ragged nested sequences (which is a list-or-tuple of lists-or-tuples-or ndarrays with different lengths or shapes) is deprecated. If you meant to do this, you must specify 'dtype=object' when creating the ndarray.
  delta_t_history = np.array(self.delta_t_eval)
/home/khw/Projects/pumafabrics/pumafabrics/puma_adapted/evaluation/evaluate_nd.py:20: VisibleDeprecationWarning: Creating an ndarray from ragged nested sequences (which is a list-or-tuple of lists-or-tuples-or ndarrays with different lengths or shapes) is deprecated. If you meant to do this, you must specify 'dtype=object' when creating the ndarray.
  delta_t_history = np.array(self.delta_t_eval)
Calculating Frechet distance; trajectory: 8
Calculating Frechet distance; trajectory: 9
Calculating Frechet distance; trajectory: 10
Calculating Frechet distance; trajectory: 11
Calculating Frechet distance; trajectory: 12
Calculating Frechet distance; trajectory: 13
Calculating Frechet distance; trajectory: 14
Calculating Frechet distance; trajectory: 15
Saving image to .//home/khw/Projects/pumafabrics/pumafabrics/puma_adapted/results/mujoco_kuka_simple_line0/images/primitive_0_iter_39000.pdf...
Metrics sum: 0.06366264735245442 ; Number of unsuccessful trajectories: 64
39000 Total cost: 3.2221250876318663e-06
39010 Total cost: 3.074033884331584e-06
39020 Total cost: 2.927370587713085e-06
39030 Total cost: 2.7414976102591027e-06
39040 Total cost: 4.561263267532922e-06
39050 Total cost: 3.64609286407358e-06
39060 Total cost: 3.120960627711611e-06
39070 Total cost: 2.575255621195538e-06
39080 Total cost: 2.6352772692916915e-06
39090 Total cost: 2.3136210529628443e-06
39100 Total cost: 2.5789749997784384e-06
39110 Total cost: 2.3578097625431838e-06
39120 Total cost: 2.7044959551858483e-06
39130 Total cost: 3.968704731960315e-06
39140 Total cost: 4.007521965831984e-06
39150 Total cost: 3.3272224300162634e-06
39160 Total cost: 2.7516066438693088e-06
39170 Total cost: 2.954852334369207e-06
39180 Total cost: 2.4544349344068905e-06
39190 Total cost: 2.590485337350401e-06
39200 Total cost: 3.335031578899361e-06
39210 Total cost: 3.524293560985825e-06
39220 Total cost: 2.7237654194323113e-06
39230 Total cost: 2.9192947295086924e-06
39240 Total cost: 3.8136111015774077e-06
39250 Total cost: 4.367993369669421e-06
39260 Total cost: 1.7787426259019412e-05
39270 Total cost: 9.11846655071713e-06
39280 Total cost: 7.97106167738093e-06
39290 Total cost: 7.982273928064387e-06
39300 Total cost: 6.482519893324934e-06
39310 Total cost: 6.1966543398739304e-06
39320 Total cost: 7.3294140747748315e-06
39330 Total cost: 5.178086212254129e-06
39340 Total cost: 5.514016720553627e-06
39350 Total cost: 5.373852673073998e-06
39360 Total cost: 5.387954843172338e-06
39370 Total cost: 6.492149168479955e-06
39380 Total cost: 5.616389444185188e-06
39390 Total cost: 5.647556463372894e-06
39400 Total cost: 5.021084234613227e-06
39410 Total cost: 4.919275852444116e-06
39420 Total cost: 5.718404281651601e-06
39430 Total cost: 5.4390161494666245e-06
39440 Total cost: 4.230750164424535e-06
39450 Total cost: 4.2871706682490185e-06
39460 Total cost: 5.637531103275251e-06
39470 Total cost: 4.158730007475242e-06
39480 Total cost: 4.663184427045053e-06
39490 Total cost: 4.119596724194707e-06
39500 Total cost: 3.0195319595804904e-06
39510 Total cost: 3.5461016523186117e-06
39520 Total cost: 3.5711389045900432e-06
39530 Total cost: 3.0213905120035633e-06
39540 Total cost: 2.9761140467599034e-06
39550 Total cost: 4.151796929363627e-06
39560 Total cost: 4.156244358455297e-06
39570 Total cost: 3.391458449186757e-06
39580 Total cost: 3.0338794658746338e-06
39590 Total cost: 2.9173311304475646e-06
39600 Total cost: 3.391605559954769e-06
39610 Total cost: 3.347252913954435e-06
39620 Total cost: 3.69219014828559e-06
39630 Total cost: 2.6986976990883704e-06
39640 Total cost: 2.995305749209365e-06
39650 Total cost: 3.2001096315070754e-06
39660 Total cost: 2.9436996555887163e-06
39670 Total cost: 3.665491476567695e-06
39680 Total cost: 4.775515662913676e-06
39690 Total cost: 3.288134848844493e-06
39700 Total cost: 2.338028025405947e-06
39710 Total cost: 2.891162239393452e-06
39720 Total cost: 2.3861784939072095e-06
39730 Total cost: 2.594940042399685e-06
39740 Total cost: 3.880282747559249e-06
39750 Total cost: 3.2012555948313093e-06
39760 Total cost: 3.558965545380488e-06
39770 Total cost: 2.4638986815261887e-06
39780 Total cost: 2.109986326104263e-06
39790 Total cost: 3.0032456379558425e-06
39800 Total cost: 2.7706805667548906e-06
39810 Total cost: 2.9372909011726733e-06
39820 Total cost: 2.435704800518579e-06
39830 Total cost: 2.6334741960454267e-06
39840 Total cost: 3.34421088155068e-06
39850 Total cost: 2.8790764190489426e-06
39860 Total cost: 3.1627650969312526e-06
39870 Total cost: 2.4236107947217533e-06
39880 Total cost: 2.5274073323089397e-06
39890 Total cost: 3.0033861548872665e-06
39900 Total cost: 2.272776555400924e-06
39910 Total cost: 2.447692850182648e-06
39920 Total cost: 2.2453405108535662e-06
39930 Total cost: 2.8458439373935107e-06
39940 Total cost: 2.233665782114258e-06
39950 Total cost: 3.853087946481537e-06
39960 Total cost: 3.1905090054351604e-06
39970 Total cost: 2.604186192911584e-06
39980 Total cost: 3.143018147966359e-06
39990 Total cost: 3.148320502077695e-06
Calculating RMSE; trajectory: 1
Calculating RMSE; trajectory: 2
Calculating RMSE; trajectory: 3
Calculating RMSE; trajectory: 4
Calculating RMSE; trajectory: 5
Calculating RMSE; trajectory: 6
Calculating RMSE; trajectory: 7
Calculating RMSE; trajectory: 8
Calculating RMSE; trajectory: 9
Calculating RMSE; trajectory: 10
Calculating RMSE; trajectory: 11
Calculating RMSE; trajectory: 12
Calculating RMSE; trajectory: 13
Calculating RMSE; trajectory: 14
Calculating RMSE; trajectory: 15
Calculating dynamic time warping distance; trajectory: 1
Calculating dynamic time warping distance; trajectory: 2
Calculating dynamic time warping distance; trajectory: 3
Calculating dynamic time warping distance; trajectory: 4
Calculating dynamic time warping distance; trajectory: 5
Calculating dynamic time warping distance; trajectory: 6
Calculating dynamic time warping distance; trajectory: 7
Calculating dynamic time warping distance; trajectory: 8
Calculating dynamic time warping distance; trajectory: 9
Calculating dynamic time warping distance; trajectory: 10
Calculating dynamic time warping distance; trajectory: 11
Calculating dynamic time warping distance; trajectory: 12
Calculating dynamic time warping distance; trajectory: 13
Calculating dynamic time warping distance; trajectory: 14
Calculating dynamic time warping distance; trajectory: 15
Calculating Frechet distance; trajectory: 1
Calculating Frechet distance; trajectory: 2
Calculating Frechet distance; trajectory: 3
Calculating Frechet distance; trajectory: 4
Calculating Frechet distance; trajectory: 5
Calculating Frechet distance; trajectory: 6
Calculating Frechet distance; trajectory: 7
Calculating Frechet distance; trajectory: 8
Calculating Frechet distance; trajectory: 9
Calculating Frechet distance; trajectory: 10
Calculating Frechet distance; trajectory: 11
Calculating Frechet distance; trajectory: 12
Calculating Frechet distance; trajectory: 13
Calculating Frechet distance; trajectory: 14
Calculating Frechet distance; trajectory: 15
Saving image to .//home/khw/Projects/pumafabrics/pumafabrics/puma_adapted/results/mujoco_kuka_simple_line0/images/primitive_0_iter_40000.pdf...
Metrics sum: 0.06578272688634049 ; Number of unsuccessful trajectories: 64
40000 Total cost: 2.6608702228259062e-06
40010 Total cost: 3.485595698293764e-06
40020 Total cost: 3.0188261916919146e-06
40030 Total cost: 2.5228000595234334e-06
40040 Total cost: 2.909783233917551e-06
40050 Total cost: 2.1082148577988846e-06
40060 Total cost: 3.532559276209213e-06
40070 Total cost: 2.8405988814483862e-06
40080 Total cost: 2.2535411972057773e-06
40090 Total cost: 2.2059161892684642e-06
40100 Total cost: 2.6333505047659855e-06
40110 Total cost: 5.74862406210741e-06
40120 Total cost: 5.018646334065124e-06
40130 Total cost: 4.999671091354685e-06
40140 Total cost: 2.907042244260083e-06
40150 Total cost: 2.7119272090203594e-06
40160 Total cost: 2.506716555217281e-06
40170 Total cost: 2.4183045752579346e-06
40180 Total cost: 3.3223368518520147e-06
40190 Total cost: 2.2976450964051764e-06
40200 Total cost: 2.564832129792194e-06
40210 Total cost: 3.5532691526896087e-06
40220 Total cost: 3.7207735203992343e-06
40230 Total cost: 3.140172793791862e-06
40240 Total cost: 2.7038056487072026e-06
40250 Total cost: 2.4743301310081733e-06
40260 Total cost: 2.804884388751816e-06
40270 Total cost: 2.8931660835951334e-06
40280 Total cost: 3.604116955102654e-06
40290 Total cost: 2.2067647478252184e-06
40300 Total cost: 2.3881416382209864e-06
40310 Total cost: 3.1721019695396535e-06
40320 Total cost: 2.9696661840716843e-06
40330/home/khw/Projects/pumafabrics/pumafabrics/puma_adapted/evaluation/evaluate_nd.py:20: VisibleDeprecationWarning: Creating an ndarray from ragged nested sequences (which is a list-or-tuple of lists-or-tuples-or ndarrays with different lengths or shapes) is deprecated. If you meant to do this, you must specify 'dtype=object' when creating the ndarray.
  delta_t_history = np.array(self.delta_t_eval)
 Total cost: 2.59388593804033e-06
40340 Total cost: 3.6613882912206464e-06
40350 Total cost: 2.4428265987808118e-06
40360 Total cost: 2.7320006665831897e-06
40370 Total cost: 3.121994268440176e-06
40380 Total cost: 4.001436536782421e-06
40390 Total cost: 3.1946487979439553e-06
40400 Total cost: 2.957810920634074e-06
40410 Total cost: 2.8469830795074813e-06
40420 Total cost: 3.4412694276397815e-06
40430 Total cost: 3.7782654089824064e-06
40440 Total cost: 3.0181940928741824e-06
40450 Total cost: 2.7835801574838115e-06
40460 Total cost: 2.4522346393496264e-06
40470 Total cost: 2.589801397334668e-06
40480 Total cost: 2.9584184630948585e-06
40490 Total cost: 2.425907723591081e-06
40500 Total cost: 3.105164751104894e-06
40510 Total cost: 2.637374109326629e-06
40520 Total cost: 2.400933908575098e-06
40530 Total cost: 3.1869221857050434e-06
40540 Total cost: 3.3279909530392615e-06
40550 Total cost: 2.8940537504240638e-06
40560 Total cost: 2.853893420251552e-06
40570 Total cost: 3.482998863546527e-06
40580 Total cost: 3.0008700377948117e-06
40590 Total cost: 2.2596848339162534e-06
40600 Total cost: 2.683522097868263e-06
40610 Total cost: 3.176028030793532e-06
40620 Total cost: 2.5461483801336726e-06
40630 Total cost: 2.9690804694837425e-06
40640 Total cost: 2.3528868950961623e-06
40650 Total cost: 2.9099962830514414e-06
40660 Total cost: 2.498048615962034e-06
40670 Total cost: 2.849908469215734e-06
40680 Total cost: 2.624042963361717e-06
40690 Total cost: 2.710427452257136e-06
40700 Total cost: 3.1762315302330535e-06
40710 Total cost: 2.813919763866579e-06
40720 Total cost: 2.7549972401175182e-06
40730 Total cost: 2.387741915299557e-06
40740 Total cost: 2.3141747078625485e-06
40750 Total cost: 2.4450237106066197e-06
40760 Total cost: 2.1354380805860274e-06
40770 Total cost: 4.4048711060895585e-06
40780 Total cost: 2.4166392904589884e-06
40790 Total cost: 2.499529500710196e-06
40800 Total cost: 2.6877546588366386e-06
40810 Total cost: 3.528274419295485e-06
40820 Total cost: 4.179377356194891e-06
40830 Total cost: 2.799370804495993e-06
40840 Total cost: 2.9221505428722594e-06
40850 Total cost: 2.594501893327106e-06
40860 Total cost: 2.6295281259081094e-06
40870 Total cost: 2.44390298576036e-06
40880 Total cost: 3.6866008485958446e-06
40890 Total cost: 2.3654756660107523e-06
40900 Total cost: 2.262339876324404e-06
40910 Total cost: 2.4083760763460305e-06
40920 Total cost: 2.752737373157288e-06
40930 Total cost: 2.4683308765816037e-06
40940 Total cost: 2.4549708541599102e-06
40950 Total cost: 2.5909093892551027e-06
40960 Total cost: 2.4447213036182802e-06
40970 Total cost: 2.3613088160345796e-06
40980 Total cost: 2.929013135144487e-06
40990 Total cost: 3.0072822028159862e-06
Calculating RMSE; trajectory: 1
Calculating RMSE; trajectory: 2
Calculating RMSE; trajectory: 3
Calculating RMSE; trajectory: 4
Calculating RMSE; trajectory: 5
Calculating RMSE; trajectory: 6
Calculating RMSE; trajectory: 7
Calculating RMSE; trajectory: 8
Calculating RMSE; trajectory: 9
Calculating RMSE; trajectory: 10
Calculating RMSE; trajectory: 11
Calculating RMSE; trajectory: 12
Calculating RMSE; trajectory: 13
Calculating RMSE; trajectory: 14
Calculating RMSE; trajectory: 15
Calculating dynamic time warping distance; trajectory: 1
Calculating dynamic time warping distance; trajectory: 2
Calculating dynamic time warping distance; trajectory: 3
Calculating dynamic time warping distance; trajectory: 4
Calculating dynamic time warping distance; trajectory: 5
Calculating dynamic time warping distance; trajectory: 6
Calculating dynamic time warping distance; trajectory: 7
Calculating dynamic time warping distance; trajectory: 8
Calculating dynamic time warping distance; trajectory: 9
Calculating dynamic time warping distance; trajectory: 10
Calculating dynamic time warping distance; trajectory: 11
Calculating dynamic time warping distance; trajectory: 12
Calculating dynamic time warping distance; trajectory: 13
Calculating dynamic time warping distance; trajectory: 14
Calculating dynamic time warping distance; trajectory: 15
Calculating Frechet distance; trajectory: 1
Calculating Frechet distance; trajectory: 2
Calculating Frechet distance; trajectory: 3
Calculating Frechet distance; trajectory: 4
Calculating Frechet distance; trajectory: 5
Calculating Frechet distance; trajectory: 6
Calculating Frechet distance; trajectory: 7
Calculating Frechet distance; trajectory: 8
Calculating Frechet distance; trajectory: 9
Calculating Frechet distance; trajectory: 10
Calculating Frechet distance; trajectory: 11
Calculating Frechet distance; trajectory: 12
Calculating Frechet distance; trajectory: 13
Calculating Frechet distance; trajectory: 14
Calculating Frechet distance; trajectory: 15
Saving image to .//home/khw/Projects/pumafabrics/pumafabrics/puma_adapted/results/mujoco_kuka_simple_line0/images/primitive_0_iter_41000.pdf...
Metrics sum: 0.0629321494113262 ; Number of unsuccessful trajectories: 64
41000 Total cost: 3.340809371366049e-06
41010 Total cost: 3.081415343331173e-06
41020 Total cost: 2.963116230603191e-06
41030 Total cost: 2.3911832158773905e-06
41040 Total cost: 2.7030023375118617e-06
41050 Total cost: 3.1826916710997466e-06
41060 Total cost: 4.766829079017043e-06
41070 Total cost: 3.1184749786916655e-06
41080 Total cost: 3.133561222057324e-06
41090 Total cost: 2.4847397526173154e-06
41100 Total cost: 2.8470556117099477e-06
41110 Total cost: 2.4425257834082004e-06
41120 Total cost: 2.301121867276379e-06
41130 Total cost: 2.4130290512403008e-06
41140 Total cost: 2.07549146580277e-06
41150 Total cost: 2.6334998892707517e-06
41160 Total cost: 2.059867256321013e-06
41170 Total cost: 2.4157247935363557e-06
41180 Total cost: 2.506114242351032e-06
41190 Total cost: 2.504295707694837e-06
41200 Total cost: 2.4732066776778083e-06
41210 Total cost: 2.37584208662156e-06
41220 Total cost: 2.7112425868836e-06
41230 Total cost: 2.429969754302874e-06
41240 Total cost: 2.9885038657084806e-06
41250 Total cost: 2.7836063054564875e-06
41260 Total cost: 2.04547632165486e-06
41270 Total cost: 2.4739720174693502e-06
41280 Total cost: 3.056214154639747e-06
41290 Total cost: 2.8264626052987296e-06
41300 Total cost: 8.603854439570569e-06
41310 Total cost: 6.66953337713494e-06
41320 Total cost: 6.772238975827349e-06
41330 Total cost: 4.524271844275063e-06
41340 Total cost: 3.570241460693069e-06
41350 Total cost: 2.816323558363365e-06
41360 Total cost: 2.6818995593203e-06
41370 Total cost: 3.8640969250991475e-06
41380 Total cost: 2.3510931441705907e-06
41390 Total cost: 3.257304797443794e-06
41400 Total cost: 2.890618816309143e-06
41410 Total cost: 2.4270093490486033e-06
41420 Total cost: 2.9586499294964597e-06
41430 Total cost: 3.114625314992736e-06
41440 Total cost: 3.084211584791774e-06
41450 Total cost: 2.221723434558953e-06
41460 Total cost: 2.6434995561430696e-06
41470 Total cost: 2.8985975859541213e-06
41480 Total cost: 2.170422703784425e-06
41490 Total cost: 3.040472620341461e-06
41500 Total cost: 3.031818323506741e-06
41510 Total cost: 3.3705446185194887e-06
41520 Total cost: 3.5859397939930204e-06
41530 Total cost: 3.21346760756569e-06
41540 Total cost: 4.686189186031697e-06
41550 Total cost: 3.3535829970787745e-06
41560 Total cost: 3.2230695978796575e-06
41570 Total cost: 3.477574409771478e-06
41580 Total cost: 2.9902034839324187e-06
41590 Total cost: 3.798639227170497e-06
41600 Total cost: 8.217920367314946e-06
41610 Total cost: 4.869510121352505e-06
41620 Total cost: 2.6651659936760552e-06
41630 Total cost: 2.3152310859586578e-06
41640 Total cost: 3.3985193113039713e-06
41650 Total cost: 2.613570359244477e-06
41660 Total cost: 1.7361144273309037e-06
41670 Total cost: 2.6392458494228777e-06
41680 Total cost: 2.2154749785840977e-06
41690 Total cost: 4.1030780266737565e-06
41700 Total cost: 2.192536157963332e-06
41710 Total cost: 2.4461608063575113e-06
41720 Total cost: 2.3634756871615537e-06
41730 Total cost: 2.330298229935579e-06
41740 Total cost: 2.2992544472799636e-06
41750 Total cost: 2.835413397406228e-06
41760 Total cost: 2.617339760035975e-06
41770 Total cost: 2.641326773300534e-06
41780 Total cost: 2.2812273527961224e-06
41790 Total cost: 2.3033746856526705e-06
41800 Total cost: /home/khw/Projects/pumafabrics/pumafabrics/puma_adapted/evaluation/evaluate_nd.py:20: VisibleDeprecationWarning: Creating an ndarray from ragged nested sequences (which is a list-or-tuple of lists-or-tuples-or ndarrays with different lengths or shapes) is deprecated. If you meant to do this, you must specify 'dtype=object' when creating the ndarray.
  delta_t_history = np.array(self.delta_t_eval)
1.9886056179529987e-06
41810 Total cost: 2.533042106733774e-06
41820 Total cost: 2.6320853976358194e-06
41830 Total cost: 2.552121941334917e-06
41840 Total cost: 3.156283128191717e-06
41850 Total cost: 2.393695694991038e-06
41860 Total cost: 2.7729324756364804e-06
41870 Total cost: 2.261857162011438e-06
41880 Total cost: 2.4060445866780356e-06
41890 Total cost: 2.480850071151508e-06
41900 Total cost: 3.2009843380365055e-06
41910 Total cost: 2.7795722417067736e-06
41920 Total cost: 3.321586518723052e-06
41930 Total cost: 2.798848072416149e-06
41940 Total cost: 2.5830129288806347e-06
41950 Total cost: 3.4520642202551244e-06
41960 Total cost: 2.3181348751677433e-06
41970 Total cost: 2.835668965417426e-06
41980 Total cost: 2.3924108063511085e-06
41990 Total cost: 2.4180551463359734e-06
Calculating RMSE; trajectory: 1
Calculating RMSE; trajectory: 2
Calculating RMSE; trajectory: 3
Calculating RMSE; trajectory: 4
Calculating RMSE; trajectory: 5
Calculating RMSE; trajectory: 6
Calculating RMSE; trajectory: 7
Calculating RMSE; trajectory: 8
Calculating RMSE; trajectory: 9
Calculating RMSE; trajectory: 10
Calculating RMSE; trajectory: 11
Calculating RMSE; trajectory: 12
Calculating RMSE; trajectory: 13
Calculating RMSE; trajectory: 14
Calculating RMSE; trajectory: 15
Calculating dynamic time warping distance; trajectory: 1
Calculating dynamic time warping distance; trajectory: 2
Calculating dynamic time warping distance; trajectory: 3
Calculating dynamic time warping distance; trajectory: 4
Calculating dynamic time warping distance; trajectory: 5
Calculating dynamic time warping distance; trajectory: 6
Calculating dynamic time warping distance; trajectory: 7
Calculating dynamic time warping distance; trajectory: 8
Calculating dynamic time warping distance; trajectory: 9
Calculating dynamic time warping distance; trajectory: 10
Calculating dynamic time warping distance; trajectory: 11
Calculating dynamic time warping distance; trajectory: 12
Calculating dynamic time warping distance; trajectory: 13
Calculating dynamic time warping distance; trajectory: 14
Calculating dynamic time warping distance; trajectory: 15
Calculating Frechet distance; trajectory: 1
Calculating Frechet distance; trajectory: 2
Calculating Frechet distance; trajectory: 3
Calculating Frechet distance; trajectory: 4
Calculating Frechet distance; trajectory: 5
Calculating Frechet distance; trajectory: 6
Calculating Frechet distance; trajectory: 7
Calculating Frechet distance; trajectory: 8
Calculating Frechet distance; trajectory: 9
Calculating Frechet distance; trajectory: 10
Calculating Frechet distance; trajectory: 11
Calculating Frechet distance; trajectory: 12
Calculating Frechet distance; trajectory: 13
Calculating Frechet distance; trajectory: 14
Calculating Frechet distance; trajectory: 15
Saving image to .//home/khw/Projects/pumafabrics/pumafabrics/puma_adapted/results/mujoco_kuka_simple_line0/images/primitive_0_iter_42000.pdf...
Metrics sum: 0.06788891547506071 ; Number of unsuccessful trajectories: 64
42000 Total cost: 2.4986206881294493e-06
42010 Total cost: 1.798654238882591e-06
42020 Total cost: 2.7685214263328817e-06
42030 Total cost: 2.4760329324635677e-06
42040 Total cost: 2.5181225282722153e-06
42050 Total cost: 2.542941274441546e-06
42060 Total cost: 2.7745431907533202e-06
42070 Total cost: 3.4851746022468433e-06
42080 Total cost: 3.888642822857946e-06
42090 Total cost: 2.610348701637122e-06
42100 Total cost: 3.425135219004005e-06
42110 Total cost: 2.3743182282487396e-06
42120 Total cost: 2.0610077626770362e-06
42130 Total cost: 2.4237062916654395e-06
42140 Total cost: 2.7778778530773707e-06
42150 Total cost: 2.3201757812785218e-06
42160 Total cost: 2.4974681309686275e-06
42170 Total cost: 2.746356358329649e-06
42180 Total cost: 1.9242713733547134e-06
42190 Total cost: 2.7680223411152838e-06
42200 Total cost: 1.8480022845324129e-06
42210 Total cost: 1.9229678400733974e-06
42220 Total cost: 2.030742734859814e-06
42230 Total cost: 2.189166934840614e-06
42240 Total cost: 2.5257427296310198e-06
42250 Total cost: 1.6347109976777574e-06
42260 Total cost: 2.521303940739017e-06
42270 Total cost: 2.0157267499598674e-06
42280 Total cost: 2.535224439270678e-06
42290 Total cost: 2.445319296384696e-06
42300 Total cost: 2.2038648239686154e-06
42310 Total cost: 2.347252120671328e-06
42320 Total cost: 2.838626414813916e-06
42330 Total cost: 2.084667357848957e-06
42340 Total cost: 3.3286485177086433e-06
42350 Total cost: 2.1966507119941525e-06
42360 Total cost: 2.406971361779142e-06
42370 Total cost: 1.912820607685717e-06
42380 Total cost: 2.0657219010900008e-06
42390 Total cost: 2.5405279302503914e-06
42400 Total cost: 2.474870598234702e-06
42410 Total cost: 2.2834649371361593e-06
42420 Total cost: 1.8651347772902227e-06
42430 Total cost: 9.660355317464564e-06
42440 Total cost: 8.817736670607701e-06
42450 Total cost: 5.903802048123907e-06
42460 Total cost: 6.073719760024687e-06
42470 Total cost: 4.54110158898402e-06
42480 Total cost: 5.158510248293169e-06
42490 Total cost: 3.800558260991238e-06
42500 Total cost: 4.958563295076601e-06
42510 Total cost: 4.924270797346253e-06
42520 Total cost: 3.312021362944506e-06
42530 Total cost: 5.855302788404515e-06
42540 Total cost: 4.335990979598137e-06
42550 Total cost: 4.47923002866446e-06
42560 Total cost: 2.7542971565708285e-06
42570 Total cost: 5.967290690023219e-06
42580 Total cost: 8.089753464446403e-06
42590 Total cost: 3.95072675019037e-06
42600 Total cost: 8.480961696477607e-06
42610 Total cost: 7.187472419900587e-06
42620 Total cost: 6.0626480262726545e-06
42630 Total cost: 4.500592694967054e-06
42640 Total cost: 5.535036962101003e-06
42650 Total cost: 5.169096766621806e-06
42660 Total cost: 5.563443664868828e-06
42670 Total cost: 3.615068180806702e-06
42680 Total cost: 3.4718354982032906e-06
42690 Total cost: 3.101280299233622e-06
42700 Total cost: 4.861456091020955e-06
42710 Total cost: 5.5076229728001636e-06
42720 Total cost: 4.5090932871971745e-06
42730 Total cost: 3.185888772350154e-06
42740 Total cost: 3.0158576009853277e-06
42750 Total cost: 3.37099163516541e-06
42760 Total cost: 2.659633310031495e-06
42770 Total cost: 2.629754590088851e-06
42780 Total cost: 3.5679836400959175e-06
42790 Total cost: 3.885610567522235e-06
42800 Total cost: 3.0543865250365343e-06
42810 Total cost: 2.5841650312941056e-06
42820 Total cost: 2.8310059860814363e-06
42830 Total cost: 2.2139322481962154e-06
42840 Total cost: 2.0418692656676285e-06
42850 Total cost: 2.6539496502664406e-06
42860 Total cost: 5.574717761192005e-06
42870 Total cost: 1.0196893526881468e-05
42880 Total cost: 5.904579666093923e-06
42890 Total cost: 4.992632057110313e-06
42900 Total cost: 5.30395391251659e-06
42910 Total cost: 3.7276204238878563e-06
42920 Total cost: 3.600793206715025e-06
42930 Total cost: 2.909236854975461e-06
42940 Total cost: 4.909250492346473e-06
42950 Total cost: 2.899946593970526e-06
42960 Total cost: 2.840339675458381e-06
42970 Total cost: 3.363873929629335e-06
42980 Total cost: 2.222380544480984e-06
42990 Total cost: 2.881197815440828e-06
Calculating RMSE; trajectory: 1
Calculating RMSE; trajectory: 2
Calculating RMSE; trajectory: 3
Calculating RMSE; trajectory: 4
Calculating RMSE; trajectory: 5
Calculating RMSE; trajectory: 6
Calculating RMSE; trajectory: 7
Calculating RMSE; trajectory: 8
Calculating RMSE; trajectory: 9
Calculating RMSE; trajectory: 10
Calculating RMSE; trajectory: 11
Calculating RMSE; trajectory: 12
Calculating RMSE; trajectory: 13
Calculating RMSE; trajectory: 14
Calculating RMSE; trajectory: 15
Calculating dynamic time warping distance; trajectory: 1
Calculating dynamic time warping distance; trajectory: 2
Calculating dynamic time warping distance; trajectory: 3
Calculating dynamic time warping distance; trajectory: 4
Calculating dynamic time warping distance; trajectory: 5
Calculating dynamic time warping distance; trajectory: 6
Calculating dynamic time warping distance; trajectory: 7
Calculating dynamic time warping distance; trajectory: 8
Calculating dynamic time warping distance; trajectory: 9
Calculating dynamic time warping distance; trajectory: 10
Calculating dynamic time warping distance; trajectory: 11
/home/khw/Projects/pumafabrics/pumafabrics/puma_adapted/evaluation/evaluate_nd.py:20: VisibleDeprecationWarning: Creating an ndarray from ragged nested sequences (which is a list-or-tuple of lists-or-tuples-or ndarrays with different lengths or shapes) is deprecated. If you meant to do this, you must specify 'dtype=object' when creating the ndarray.
  delta_t_history = np.array(self.delta_t_eval)
/home/khw/Projects/pumafabrics/pumafabrics/puma_adapted/evaluation/evaluate_nd.py:20: VisibleDeprecationWarning: Creating an ndarray from ragged nested sequences (which is a list-or-tuple of lists-or-tuples-or ndarrays with different lengths or shapes) is deprecated. If you meant to do this, you must specify 'dtype=object' when creating the ndarray.
  delta_t_history = np.array(self.delta_t_eval)
Calculating dynamic time warping distance; trajectory: 12
Calculating dynamic time warping distance; trajectory: 13
Calculating dynamic time warping distance; trajectory: 14
Calculating dynamic time warping distance; trajectory: 15
Calculating Frechet distance; trajectory: 1
Calculating Frechet distance; trajectory: 2
Calculating Frechet distance; trajectory: 3
Calculating Frechet distance; trajectory: 4
Calculating Frechet distance; trajectory: 5
Calculating Frechet distance; trajectory: 6
Calculating Frechet distance; trajectory: 7
Calculating Frechet distance; trajectory: 8
Calculating Frechet distance; trajectory: 9
Calculating Frechet distance; trajectory: 10
Calculating Frechet distance; trajectory: 11
Calculating Frechet distance; trajectory: 12
Calculating Frechet distance; trajectory: 13
Calculating Frechet distance; trajectory: 14
Calculating Frechet distance; trajectory: 15
Saving image to .//home/khw/Projects/pumafabrics/pumafabrics/puma_adapted/results/mujoco_kuka_simple_line0/images/primitive_0_iter_43000.pdf...
Metrics sum: 0.0685873233766188 ; Number of unsuccessful trajectories: 64
43000 Total cost: 2.7930791475228034e-06
43010 Total cost: 3.6513661143544596e-06
43020 Total cost: 3.492990344966529e-06
43030 Total cost: 2.882775788748404e-06
43040 Total cost: 3.179773557349108e-06
43050 Total cost: 2.255814706586534e-06
43060 Total cost: 2.374302994212485e-06
43070 Total cost: 3.3191008697031066e-06
43080 Total cost: 2.3985744519450236e-06
43090 Total cost: 2.1773776097688824e-06
43100 Total cost: 2.0281079287087778e-06
43110 Total cost: 2.206005774496589e-06
43120 Total cost: 2.066830120384111e-06
43130 Total cost: 2.061511850115494e-06
43140 Total cost: 4.574437298288103e-06
43150 Total cost: 4.1697226151882205e-06
43160 Total cost: 3.648756319307722e-06
43170 Total cost: 3.2521484172320925e-06
43180 Total cost: 3.1818194656807464e-06
43190 Total cost: 2.328588379896246e-06
43200 Total cost: 2.3281384073925437e-06
43210 Total cost: 2.3858901840867475e-06
43220 Total cost: 4.401271326059941e-06
43230 Total cost: 3.865844064421253e-06
43240 Total cost: 2.1713849491789006e-06
43250 Total cost: 2.2310132408165373e-06
43260 Total cost: 2.899937953770859e-06
43270 Total cost: 3.033827852050308e-06
43280 Total cost: 2.4876760562619893e-06
43290 Total cost: 2.426834271318512e-06
43300 Total cost: 1.8930943497252883e-06
43310 Total cost: 3.710450982907787e-06
43320 Total cost: 3.1145173124969006e-06
43330 Total cost: 2.1493776785064256e-06
43340 Total cost: 2.2780982362746727e-06
43350 Total cost: 1.920309387060115e-06
43360 Total cost: 2.0272643723728834e-06
43370 Total cost: 2.257317191833863e-06
43380 Total cost: 2.1319688130461145e-06
43390 Total cost: 2.296767661391641e-06
43400 Total cost: 2.361565520914155e-06
43410 Total cost: 2.0576792394422228e-06
43420 Total cost: 2.1099322111695074e-06
43430 Total cost: 2.9153277409932343e-06
43440 Total cost: 2.438193860143656e-06
43450 Total cost: 2.0013994799228385e-06
43460 Total cost: 2.3346747184405103e-06
43470 Total cost: 2.3003212845651433e-06
43480 Total cost: 2.0251559362804983e-06
43490 Total cost: 2.160253188776551e-06
43500 Total cost: 2.070257323794067e-06
43510 Total cost: 2.2807569166616304e-06
43520 Total cost: 2.062394287349889e-06
43530 Total cost: 2.121612851624377e-06
43540 Total cost: 6.25795655651018e-06
43550 Total cost: 4.679217454395257e-06
43560 Total cost: 3.421170731598977e-06
43570 Total cost: 2.7509699975780677e-06
43580 Total cost: 2.7712812880054116e-06
43590 Total cost: 2.9105538033036282e-06
43600 Total cost: 3.436312681515119e-06
43610 Total cost: 1.93287496585981e-06
43620 Total cost: 3.310524334665388e-06
43630 Total cost: 3.16634441333008e-06
43640 Total cost: 3.098990873695584e-06
43650 Total cost: 2.0400539142428897e-06
43660 Total cost: 2.742261585808592e-06
43670 Total cost: 2.6048990093840985e-06
43680 Total cost: 1.6994595171127003e-06
43690 Total cost: 3.879074483847944e-06
43700 Total cost: 2.673970811883919e-06
43710 Total cost: 3.0615788091381546e-06
43720 Total cost: 3.061338929910562e-06
43730 Total cost: 3.300981688880711e-06
43740 Total cost: 2.9903037557232892e-06
43750 Total cost: 3.277738642282202e-06
43760 Total cost: 3.0692633572471095e-06
43770 Total cost: 3.024274974450236e-06
43780 Total cost: 2.4844437120918883e-06
43790 Total cost: 2.3078109734342434e-06
43800 Total cost: 3.039090643142117e-06
43810 Total cost: 1.8514209614295396e-06
43820 Total cost: 2.6479808639123803e-06
43830 Total cost: 2.5792537599045318e-06
43840 Total cost: 2.697450327104889e-06
43850 Total cost: 2.0399579625518527e-06
43860 Total cost: 1.8450450625095982e-06
43870 Total cost: 1.870056053121516e-06
43880 Total cost: 2.2359843114827527e-06
43890 Total cost: 3.0278613394330023e-06
43900 Total cost: 2.9912862373748794e-06
43910 Total cost: 4.3808149712276645e-06
43920 Total cost: 3.8903799577383325e-06
43930 Total cost: 2.2545462343259715e-05
43940 Total cost: 5.110826805321267e-06
43950 Total cost: 3.2060506782727316e-06
43960 Total cost: 3.5839038901031017e-06
43970 Total cost: 3.888591891154647e-06
43980 Total cost: 2.8901965833938448e-06
43990 Total cost: 2.9730258575000335e-06
Calculating RMSE; trajectory: 1
Calculating RMSE; trajectory: 2
Calculating RMSE; trajectory: 3
Calculating RMSE; trajectory: 4
Calculating RMSE; trajectory: 5
Calculating RMSE; trajectory: 6
Calculating RMSE; trajectory: 7
Calculating RMSE; trajectory: 8
Calculating RMSE; trajectory: 9
Calculating RMSE; trajectory: 10
Calculating RMSE; trajectory: 11
Calculating RMSE; trajectory: 12
Calculating RMSE; trajectory: 13
Calculating RMSE; trajectory: 14
Calculating RMSE; trajectory: 15
Calculating dynamic time warping distance; trajectory: 1
Calculating dynamic time warping distance; trajectory: 2
Calculating dynamic time warping distance; trajectory: 3
Calculating dynamic time warping distance; trajectory: 4
Calculating dynamic time warping distance; trajectory: 5
Calculating dynamic time warping distance; trajectory: 6
Calculating dynamic time warping distance; trajectory: 7
Calculating dynamic time warping distance; trajectory: 8
Calculating dynamic time warping distance; trajectory: 9
Calculating dynamic time warping distance; trajectory: 10
Calculating dynamic time warping distance; trajectory: 11
Calculating dynamic time warping distance; trajectory: 12
Calculating dynamic time warping distance; trajectory: 13
Calculating dynamic time warping distance; trajectory: 14
Calculating dynamic time warping distance; trajectory: 15
Calculating Frechet distance; trajectory: 1
Calculating Frechet distance; trajectory: 2
Calculating Frechet distance; trajectory: 3
Calculating Frechet distance; trajectory: 4
Calculating Frechet distance; trajectory: 5
Calculating Frechet distance; trajectory: 6
Calculating Frechet distance; trajectory: 7
Calculating Frechet distance; trajectory: 8
Calculating Frechet distance; trajectory: 9
Calculating Frechet distance; trajectory: 10
Calculating Frechet distance; trajectory: 11
Calculating Frechet distance; trajectory: 12
Calculating Frechet distance; trajectory: 13
Calculating Frechet distance; trajectory: 14
Calculating Frechet distance; trajectory: 15
Saving image to .//home/khw/Projects/pumafabrics/pumafabrics/puma_adapted/results/mujoco_kuka_simple_line0/images/primitive_0_iter_44000.pdf...
Metrics sum: 0.06842631380352794 ; Number of unsuccessful trajectories: 64
44000 Total cost: 2.976906898766174e-06
44010 Total cost: 2.0199302070977865e-06
44020 Total cost: 3.279839347669622e-06
44030 Total cost: 2.8305173600529088e-06
44040 Total cost: 2.5997157990786945e-06
44050 Total cost: 3.3788046494009905e-06
44060 Total cost: 2.9890238693042193e-06
44070 Total cost: 2.1437886061903555e-06
44080 Total cost: 2.0279949239920825e-06
44090 Total cost: 3.3829408039309783e-06
44100 Total cost: 4.099319994566031e-06
44110 Total cost: 3.2559451028646436e-06
44120 Total cost: 2.4859264158294536e-06
44130 Total cost: 2.472927462804364e-06
44140 Total cost: 2.301852873642929e-06
44150 Total cost: 3.0837209124001674e-06
44160 Total cost: 2.4656069399497937e-06
44170 Total cost: 3.4856755064538447e-06
44180 Total cost: 2.30906607612269e-06
44190 Total cost: /home/khw/Projects/pumafabrics/pumafabrics/puma_adapted/evaluation/evaluate_nd.py:20: VisibleDeprecationWarning: Creating an ndarray from ragged nested sequences (which is a list-or-tuple of lists-or-tuples-or ndarrays with different lengths or shapes) is deprecated. If you meant to do this, you must specify 'dtype=object' when creating the ndarray.
  delta_t_history = np.array(self.delta_t_eval)
2.361043698329013e-06
44200 Total cost: 2.64178902398271e-06
44210 Total cost: 2.6821815026778495e-06
44220 Total cost: 1.9246515421400545e-06
44230 Total cost: 1.9955184598074993e-06
44240 Total cost: 1.919400347105693e-06
44250 Total cost: 2.043741005763877e-06
44260 Total cost: 2.006111117225373e-06
44270 Total cost: 2.275300630572019e-06
44280 Total cost: 2.084937023028033e-06
44290 Total cost: 1.9668568711495027e-06
44300 Total cost: 2.937375938927289e-06
44310 Total cost: 3.4641652746358886e-06
44320 Total cost: 2.4776256850600475e-06
44330 Total cost: 3.441533408476971e-06
44340 Total cost: 4.235749656800181e-06
44350 Total cost: 1.9070139387622476e-06
44360 Total cost: 2.7161095204064623e-06
44370 Total cost: 2.48963351623388e-06
44380 Total cost: 2.08194728656963e-06
44390 Total cost: 1.93007917914656e-06
44400 Total cost: 2.3617792521690717e-06
44410 Total cost: 1.678532498772256e-06
44420 Total cost: 2.068002231681021e-06
44430 Total cost: 2.301518406966352e-06
44440 Total cost: 1.8919993181043537e-06
44450 Total cost: 1.8408932191960048e-06
44460 Total cost: 3.317080427223118e-06
44470 Total cost: 1.8612702206155518e-06
44480 Total cost: 1.7208708413818385e-06
44490 Total cost: 2.3169868654804304e-06
44500 Total cost: 1.97031044990581e-06
44510 Total cost: 1.909567345137475e-06
44520 Total cost: 1.8863813693315024e-06
44530 Total cost: 1.9481396975606913e-06
44540 Total cost: 1.9362389593879925e-06
44550 Total cost: 2.050132252406911e-06
44560 Total cost: 2.0697009404102573e-06
44570 Total cost: 1.8696816823648987e-06
44580 Total cost: 1.937648903549416e-06
44590 Total cost: 3.2428920349047985e-06
44600 Total cost: 1.935521595441969e-06
44610 Total cost: 6.053292054275516e-06
44620 Total cost: 8.456323485006578e-06
44630 Total cost: 4.73766385766794e-06
44640 Total cost: 3.1523841244052164e-06
44650 Total cost: 3.5804323488264345e-06
44660 Total cost: 2.6526893179834587e-06
44670 Total cost: 2.6583279577607755e-06
44680 Total cost: 2.7551759558264166e-06
44690 Total cost: 1.8218543118564412e-06
44700 Total cost: 2.477162070135819e-06
44710 Total cost: 3.0540147690771846e-06
44720 Total cost: 2.806641987262992e-06
44730 Total cost: 2.8686240511888172e-06
44740 Total cost: 2.5915678634191863e-06
44750 Total cost: 2.6222392079944257e-06
44760 Total cost: 2.4452062916680006e-06
44770 Total cost: 2.539197112128022e-06
44780 Total cost: 1.9253752725489903e-06
44790 Total cost: 2.144254722225014e-06
44800 Total cost: 3.4128706829505973e-06
44810 Total cost: 2.1440614546008874e-06
44820 Total cost: 2.6411612452648114e-06
44830 Total cost: 1.5831951714062598e-06
44840 Total cost: 2.0034749468322843e-06
44850 Total cost: 1.953035052792984e-06
44860 Total cost: 1.9827523374260636e-06
44870 Total cost: 2.0456695892789867e-06
44880 Total cost: 1.9481417439237703e-06
44890 Total cost: 2.0546933683363022e-06
44900 Total cost: 2.0948041310475674e-06
44910 Total cost: 1.8877469756262144e-06
44920 Total cost: 1.993562818825012e-06
44930 Total cost: 4.285762770450674e-06
44940 Total cost: 2.4534519980079494e-06
44950 Total cost: 2.9489426651707618e-06
44960 Total cost: 2.103138058373588e-06
44970 Total cost: 2.3676211640122347e-06
44980 Total cost: 2.524398723835475e-06
44990 Total cost: 2.3349025468633045e-06
Calculating RMSE; trajectory: 1
Calculating RMSE; trajectory: 2
Calculating RMSE; trajectory: 3
Calculating RMSE; trajectory: 4
Calculating RMSE; trajectory: 5
Calculating RMSE; trajectory: 6
Calculating RMSE; trajectory: 7
Calculating RMSE; trajectory: 8
Calculating RMSE; trajectory: 9
Calculating RMSE; trajectory: 10
Calculating RMSE; trajectory: 11
Calculating RMSE; trajectory: 12
Calculating RMSE; trajectory: 13
Calculating RMSE; trajectory: 14
Calculating RMSE; trajectory: 15
Calculating dynamic time warping distance; trajectory: 1
Calculating dynamic time warping distance; trajectory: 2
Calculating dynamic time warping distance; trajectory: 3
Calculating dynamic time warping distance; trajectory: 4
Calculating dynamic time warping distance; trajectory: 5
Calculating dynamic time warping distance; trajectory: 6
Calculating dynamic time warping distance; trajectory: 7
Calculating dynamic time warping distance; trajectory: 8
Calculating dynamic time warping distance; trajectory: 9
Calculating dynamic time warping distance; trajectory: 10
Calculating dynamic time warping distance; trajectory: 11
Calculating dynamic time warping distance; trajectory: 12
Calculating dynamic time warping distance; trajectory: 13
Calculating dynamic time warping distance; trajectory: 14
Calculating dynamic time warping distance; trajectory: 15
Calculating Frechet distance; trajectory: 1
Calculating Frechet distance; trajectory: 2
Calculating Frechet distance; trajectory: 3
Calculating Frechet distance; trajectory: 4
Calculating Frechet distance; trajectory: 5
Calculating Frechet distance; trajectory: 6
Calculating Frechet distance; trajectory: 7
Calculating Frechet distance; trajectory: 8
Calculating Frechet distance; trajectory: 9
Calculating Frechet distance; trajectory: 10
Calculating Frechet distance; trajectory: 11
Calculating Frechet distance; trajectory: 12
Calculating Frechet distance; trajectory: 13
Calculating Frechet distance; trajectory: 14
Calculating Frechet distance; trajectory: 15
Saving image to .//home/khw/Projects/pumafabrics/pumafabrics/puma_adapted/results/mujoco_kuka_simple_line0/images/primitive_0_iter_45000.pdf...
Metrics sum: 0.06815002425247924 ; Number of unsuccessful trajectories: 64
45000 Total cost: 2.7511155167303514e-06
45010 Total cost: 2.061824943666579e-06
45020 Total cost: 3.833663868135773e-06
45030 Total cost: 2.991675955854589e-06
45040 Total cost: 3.3383116715413053e-06
45050 Total cost: 3.0890951165929437e-06
45060 Total cost: 3.334330813231645e-06
45070 Total cost: 6.1928212744533084e-06
45080 Total cost: 7.738934073131531e-06
45090 Total cost: 4.179160441708518e-06
45100 Total cost: 5.3564344852929935e-06
45110 Total cost: 7.437664862663951e-06
45120 Total cost: 4.04011007049121e-06
45130 Total cost: 4.782898031407967e-06
45140 Total cost: 5.017333023715764e-06
45150 Total cost: 3.0424289434449747e-06
45160 Total cost: 3.622001258918317e-06
45170 Total cost: 2.555354285505018e-06
45180 Total cost: 2.5051090233318973e-06
45190 Total cost: 2.1950895643385593e-06
45200 Total cost: 2.1676094092981657e-06
45210 Total cost: 2.6814695957000367e-06
45220 Total cost: 2.257375172121101e-06
45230 Total cost: 2.270358891109936e-06
45240 Total cost: 1.8637696257428615e-06
45250 Total cost: 1.704951500869356e-06
45260 Total cost: 3.3317978704872075e-06
45270 Total cost: 2.8154895517218392e-06
45280 Total cost: 2.972968104586471e-06
45290 Total cost: 3.944117452192586e-06
45300 Total cost: 2.993258931383025e-06
45310 Total cost: 2.163364115403965e-06
45320 Total cost: 2.7035516723117325e-06
45330 Total cost: 2.204263182647992e-06
45340 Total cost: 2.0033123746543424e-06
45350 Total cost: 2.5295673822256504e-06
45360 Total cost: 2.3425106974173104e-06
45370 Total cost: 1.892221803245775e-06
45380 Total cost: 2.5304912014689762e-06
45390 Total cost: 3.535595169523731e-06
45400 Total cost: 4.268537395546446e-06
45410 Total cost: 2.7688615773513447e-06
45420 Total cost: 2.9597511002066312e-06
45430 Total cost: 3.3330711630696896e-06
45440 Total cost: 3.0305525342555484e-06
45450 Total cost: 1.9383041944820434e-06
45460 Total cost: 2.406162820989266e-06
45470 Total cost: 2.760013103397796e-06
45480 Total cost: 2.081720140267862e-06
45490 Total cost: 1.8453459915690473e-06
45500 Total cost: 2.525529453123454e-06
45510 Total cost: 1.797820345927903e-06
45520 Total cost: 1.8874987972594681e-06
45530 Total cost: 2.4139121705957223e-06
45540 Total cost: 1.9134308786306065e-06
45550 Total cost: 2.060639417322818e-06
45560 Total cost: 1.7614183889236301e-06
45570 Total cost: 1.8675807496038033e-06
45580 Total cost: 2.359196514589712e-06
45590 Total cost: 1.8617697605805006e-06
45600 Total cost: 1.8047420553557458e-06
45610 Total cost: 1.7891375136969145e-06
45620 Total cost: 2.3181225969892694e-06
45630 Total cost: 4.909029939881293e-06
45640 Total cost: 2.257630512758624e-06
45650 Total cost: 2.379543275310425e-06
45660 Total cost: /home/khw/Projects/pumafabrics/pumafabrics/puma_adapted/evaluation/evaluate_nd.py:20: VisibleDeprecationWarning: Creating an ndarray from ragged nested sequences (which is a list-or-tuple of lists-or-tuples-or ndarrays with different lengths or shapes) is deprecated. If you meant to do this, you must specify 'dtype=object' when creating the ndarray.
  delta_t_history = np.array(self.delta_t_eval)
1.9997060007881373e-06
45670 Total cost: 2.2721956156601664e-06
45680 Total cost: 2.5298327273048926e-06
45690 Total cost: 2.757797119556926e-06
45700 Total cost: 3.0625694762420608e-06
45710 Total cost: 2.665245801836136e-06
45720 Total cost: 2.5355705020047026e-06
45730 Total cost: 2.8784361347788945e-06
45740 Total cost: 2.1354844648158178e-06
45750 Total cost: 2.296155571457348e-06
45760 Total cost: 2.477593170624459e-06
45770 Total cost: 2.4646706151543185e-06
45780 Total cost: 1.5888090274529532e-06
45790 Total cost: 2.05466153602174e-06
45800 Total cost: 1.7185225260618608e-06
45810 Total cost: 2.5680180897325044e-06
45820 Total cost: 2.1492282940016594e-06
45830 Total cost: 2.659471647348255e-06
45840 Total cost: 1.8140713109460194e-06
45850 Total cost: 1.6638764464005362e-06
45860 Total cost: 1.6592624660916044e-06
45870 Total cost: 2.43358408624772e-06
45880 Total cost: 2.967816726595629e-06
45890 Total cost: 3.0612118280259892e-06
45900 Total cost: 3.054164835702977e-06
45910 Total cost: 2.4437076717731543e-06
45920 Total cost: 2.7058263185608666e-06
45930 Total cost: 3.291045231890166e-06
45940 Total cost: 2.4213691176555585e-06
45950 Total cost: 2.8292261049500667e-06
45960 Total cost: 2.349194119233289e-06
45970 Total cost: 1.7769915530152502e-06
45980 Total cost: 2.6517236619838513e-06
45990 Total cost: 1.96793780560256e-06
Calculating RMSE; trajectory: 1
Calculating RMSE; trajectory: 2
Calculating RMSE; trajectory: 3
Calculating RMSE; trajectory: 4
Calculating RMSE; trajectory: 5
Calculating RMSE; trajectory: 6
Calculating RMSE; trajectory: 7
Calculating RMSE; trajectory: 8
Calculating RMSE; trajectory: 9
Calculating RMSE; trajectory: 10
Calculating RMSE; trajectory: 11
Calculating RMSE; trajectory: 12
Calculating RMSE; trajectory: 13
Calculating RMSE; trajectory: 14
Calculating RMSE; trajectory: 15
Calculating dynamic time warping distance; trajectory: 1
Calculating dynamic time warping distance; trajectory: 2
Calculating dynamic time warping distance; trajectory: 3
Calculating dynamic time warping distance; trajectory: 4
Calculating dynamic time warping distance; trajectory: 5
Calculating dynamic time warping distance; trajectory: 6
Calculating dynamic time warping distance; trajectory: 7
Calculating dynamic time warping distance; trajectory: 8
Calculating dynamic time warping distance; trajectory: 9
Calculating dynamic time warping distance; trajectory: 10
Calculating dynamic time warping distance; trajectory: 11
Calculating dynamic time warping distance; trajectory: 12
Calculating dynamic time warping distance; trajectory: 13
Calculating dynamic time warping distance; trajectory: 14
Calculating dynamic time warping distance; trajectory: 15
Calculating Frechet distance; trajectory: 1
Calculating Frechet distance; trajectory: 2
Calculating Frechet distance; trajectory: 3
Calculating Frechet distance; trajectory: 4
Calculating Frechet distance; trajectory: 5
Calculating Frechet distance; trajectory: 6
Calculating Frechet distance; trajectory: 7
Calculating Frechet distance; trajectory: 8
Calculating Frechet distance; trajectory: 9
Calculating Frechet distance; trajectory: 10
Calculating Frechet distance; trajectory: 11
Calculating Frechet distance; trajectory: 12
Calculating Frechet distance; trajectory: 13
Calculating Frechet distance; trajectory: 14
Calculating Frechet distance; trajectory: 15
Saving image to .//home/khw/Projects/pumafabrics/pumafabrics/puma_adapted/results/mujoco_kuka_simple_line0/images/primitive_0_iter_46000.pdf...
Metrics sum: 0.06441383752151955 ; Number of unsuccessful trajectories: 64
46000 Total cost: 2.101895461237291e-06
46010 Total cost: 7.990285666892305e-05
46020 Total cost: 1.2078497093170881e-05
46030 Total cost: 5.977543878543656e-06
46040 Total cost: 6.00944349571364e-06
46050 Total cost: 5.524811058421619e-06
46060 Total cost: 4.135502422286663e-06
46070 Total cost: 5.428432814369444e-06
46080 Total cost: 4.501272542256629e-06
46090 Total cost: 4.443094439920969e-06
46100 Total cost: 4.862493369728327e-06
46110 Total cost: 4.732787601824384e-06
46120 Total cost: 4.497801910474664e-06
46130 Total cost: 3.4857200716942316e-06
46140 Total cost: 3.551363533915719e-06
46150 Total cost: 3.2083539736049715e-06
46160 Total cost: 3.0654173315269873e-06
46170 Total cost: 2.29772376769688e-06
46180 Total cost: 2.2514902866532793e-06
46190 Total cost: 3.4585279991006246e-06
46200 Total cost: 2.798972218442941e-06
46210 Total cost: 3.5423915960564045e-06
46220 Total cost: 2.114539711328689e-06
46230 Total cost: 2.6005272957263514e-06
46240 Total cost: 2.353120180487167e-06
46250 Total cost: 2.1466535145009402e-06
46260 Total cost: 2.271107405249495e-06
46270 Total cost: 2.190572558902204e-06
46280 Total cost: 2.401872052359977e-06
46290 Total cost: 2.655469870660454e-06
46300 Total cost: 1.7097457885029144e-06
46310 Total cost: 2.0332727217464708e-06
46320 Total cost: 2.3964530555531383e-06
46330 Total cost: 3.0914259241399122e-06
46340 Total cost: 2.2606564016314223e-06
46350 Total cost: 3.484763965388993e-06
46360 Total cost: 3.170648369632545e-06
46370 Total cost: 2.7416654120315798e-06
46380 Total cost: 2.2587405510421377e-06
46390 Total cost: 2.2686861029797e-06
46400 Total cost: 2.011154720094055e-06
46410 Total cost: 1.7434033452445874e-06
46420 Total cost: 1.835742637013027e-06
46430 Total cost: 1.7596719317225507e-06
46440 Total cost: 2.383616902079666e-06
46450 Total cost: 2.2061267372919247e-06
46460 Total cost: 2.3594870981469285e-06
46470 Total cost: 2.0148188468738226e-06
46480 Total cost: 1.957023414433934e-06
46490 Total cost: 2.2516001081385184e-06
46500 Total cost: 3.1018289519124664e-06
46510 Total cost: 2.280514536323608e-06
46520 Total cost: 2.1999917407811154e-06
46530 Total cost: 2.120741328326403e-06
46540 Total cost: 1.9003913394044503e-06
46550 Total cost: 1.6794929251773283e-06
46560 Total cost: 1.7825911982072284e-06
46570 Total cost: 1.631776513022487e-06
46580 Total cost: 2.0758282062161015e-06
46590 Total cost: 2.7358864826965146e-06
46600 Total cost: 2.2901840566191822e-06
46610 Total cost: 2.0844067876168992e-06
46620 Total cost: 1.8988441752298968e-06
46630 Total cost: 2.2730810087523423e-06
46640 Total cost: 1.7171530544146663e-06
46650 Total cost: 1.6679996406310238e-06
46660 Total cost: 1.890174189611571e-06
46670 Total cost: 1.7181093880935805e-06
46680 Total cost: 2.332081294298405e-06
46690 Total cost: 4.3244681364740245e-06
46700 Total cost: 4.058417289343197e-06
46710 Total cost: 3.7290424188540783e-06
46720 Total cost: 2.3958154997671954e-06
46730 Total cost: 1.932130089699058e-06
46740 Total cost: 2.4482774279022124e-06
46750 Total cost: 2.029180677709519e-06
46760 Total cost: 1.987620407817303e-06
46770 Total cost: 3.0383048397197854e-06
46780 Total cost: 2.5276503947679885e-06
46790 Total cost: 2.69477823167108e-06
46800 Total cost: 1.9841804714815225e-06
46810 Total cost: 2.289104713781853e-06
46820 Total cost: 1.783833226909337e-06
46830 Total cost: 2.363330622756621e-06
46840 Total cost: 2.0062852854607627e-06
46850 Total cost: 2.1029973140684888e-06
46860 Total cost: 2.043565473286435e-06
46870 Total cost: 3.1988943192118313e-06
46880 Total cost: 1.947925738932099e-06
46890 Total cost: 2.4581108846177813e-06
46900 Total cost: 2.6198556497547543e-06
46910 Total cost: 2.509913429094013e-06
46920 Total cost: 2.0434442831174238e-06
46930 Total cost: 2.087580014631385e-06
46940 Total cost: 2.101318386849016e-06
46950 Total cost: 1.810946969271754e-06
46960 Total cost: 1.697233528830111e-06
46970 Total cost: 1.7656942645771778e-06
46980 Total cost: 2.1240052774373908e-06
46990 Total cost: 2.0359216250653844e-06
Calculating RMSE; trajectory: 1
Calculating RMSE; trajectory: 2
Calculating RMSE; trajectory: 3
Calculating RMSE; trajectory: 4
Calculating RMSE; trajectory: 5
Calculating RMSE; trajectory: 6
Calculating RMSE; trajectory: 7
Calculating RMSE; trajectory: 8
Calculating RMSE; trajectory: 9
Calculating RMSE; trajectory: 10
Calculating RMSE; trajectory: 11
Calculating RMSE; trajectory: 12
Calculating RMSE; trajectory: 13
Calculating RMSE; trajectory: 14
Calculating RMSE; trajectory: 15
Calculating dynamic time warping distance; trajectory: 1
/home/khw/Projects/pumafabrics/pumafabrics/puma_adapted/evaluation/evaluate_nd.py:20: VisibleDeprecationWarning: Creating an ndarray from ragged nested sequences (which is a list-or-tuple of lists-or-tuples-or ndarrays with different lengths or shapes) is deprecated. If you meant to do this, you must specify 'dtype=object' when creating the ndarray.
  delta_t_history = np.array(self.delta_t_eval)
/home/khw/Projects/pumafabrics/pumafabrics/puma_adapted/evaluation/evaluate_nd.py:20: VisibleDeprecationWarning: Creating an ndarray from ragged nested sequences (which is a list-or-tuple of lists-or-tuples-or ndarrays with different lengths or shapes) is deprecated. If you meant to do this, you must specify 'dtype=object' when creating the ndarray.
  delta_t_history = np.array(self.delta_t_eval)
Calculating dynamic time warping distance; trajectory: 2
Calculating dynamic time warping distance; trajectory: 3
Calculating dynamic time warping distance; trajectory: 4
Calculating dynamic time warping distance; trajectory: 5
Calculating dynamic time warping distance; trajectory: 6
Calculating dynamic time warping distance; trajectory: 7
Calculating dynamic time warping distance; trajectory: 8
Calculating dynamic time warping distance; trajectory: 9
Calculating dynamic time warping distance; trajectory: 10
Calculating dynamic time warping distance; trajectory: 11
Calculating dynamic time warping distance; trajectory: 12
Calculating dynamic time warping distance; trajectory: 13
Calculating dynamic time warping distance; trajectory: 14
Calculating dynamic time warping distance; trajectory: 15
Calculating Frechet distance; trajectory: 1
Calculating Frechet distance; trajectory: 2
Calculating Frechet distance; trajectory: 3
Calculating Frechet distance; trajectory: 4
Calculating Frechet distance; trajectory: 5
Calculating Frechet distance; trajectory: 6
Calculating Frechet distance; trajectory: 7
Calculating Frechet distance; trajectory: 8
Calculating Frechet distance; trajectory: 9
Calculating Frechet distance; trajectory: 10
Calculating Frechet distance; trajectory: 11
Calculating Frechet distance; trajectory: 12
Calculating Frechet distance; trajectory: 13
Calculating Frechet distance; trajectory: 14
Calculating Frechet distance; trajectory: 15
Saving image to .//home/khw/Projects/pumafabrics/pumafabrics/puma_adapted/results/mujoco_kuka_simple_line0/images/primitive_0_iter_47000.pdf...
Metrics sum: 0.07162610003080641 ; Number of unsuccessful trajectories: 64
47000 Total cost: 2.290284555783728e-06
47010 Total cost: 2.323215994692873e-06
47020 Total cost: 1.7824979750002967e-06
47030 Total cost: 1.6811125078675104e-06
47040 Total cost: 2.0887023310933728e-06
47050 Total cost: 3.2978937269945163e-06
47060 Total cost: 2.3717639123788103e-06
47070 Total cost: 2.100773599522654e-06
47080 Total cost: 1.8765335880743805e-06
47090 Total cost: 1.7691427274257876e-06
47100 Total cost: 3.477791096884175e-06
47110 Total cost: 2.6938730570691405e-06
47120 Total cost: 3.3131082091131248e-06
47130 Total cost: 4.31974103776156e-06
47140 Total cost: 4.2809742808458395e-06
47150 Total cost: 3.160268079227535e-06
47160 Total cost: 3.233280494896462e-06
47170 Total cost: 4.1631075873738155e-05
47180 Total cost: 3.98426600440871e-05
47190 Total cost: 1.8377781088929623e-05
47200 Total cost: 1.4381679648067802e-05
47210 Total cost: 1.0810580533870962e-05
47220 Total cost: 9.446803233004175e-06
47230 Total cost: 1.1239744708291255e-05
47240 Total cost: 1.0508060768188443e-05
47250 Total cost: 9.743815098772757e-06
47260 Total cost: 9.911243068927433e-06
47270 Total cost: 1.575002352183219e-05
47280 Total cost: 9.125664291786961e-06
47290 Total cost: 7.9045112215681e-06
47300 Total cost: 1.0178569937124848e-05
47310 Total cost: 9.452031918044668e-06
47320 Total cost: 7.840538273740094e-06
47330 Total cost: 6.877759005874395e-06
47340 Total cost: 6.321412911347579e-06
47350 Total cost: 8.486787010042462e-06
47360 Total cost: 8.736070412851404e-06
47370 Total cost: 8.543172953068279e-06
47380 Total cost: 8.07823016657494e-06
47390 Total cost: 9.290068192058243e-06
47400 Total cost: 8.237070687755477e-06
47410 Total cost: 8.857915418047924e-06
47420 Total cost: 7.050278327369597e-06
47430 Total cost: 7.033342171780532e-06
47440 Total cost: 7.393007763312198e-06
47450 Total cost: 7.1973345256992616e-06
47460 Total cost: 7.132475730031729e-06
47470 Total cost: 7.163434474932728e-06
47480 Total cost: 6.39367317489814e-06
47490 Total cost: 5.893026354897302e-06
47500 Total cost: 7.962122253957205e-06
47510 Total cost: 6.3392435549758375e-06
47520 Total cost: 5.6190069699368905e-06
47530 Total cost: 6.263546310947277e-06
47540 Total cost: 5.711848643841222e-06
47550 Total cost: 4.557327883958351e-06
47560 Total cost: 5.211380994296633e-06
47570 Total cost: 4.851954145124182e-06
47580 Total cost: 5.343404609448044e-06
47590 Total cost: 6.409397428797092e-06
47600 Total cost: 5.187753686186625e-06
47610 Total cost: 4.708699179900577e-06
47620 Total cost: 4.7696635192551184e-06
47630 Total cost: 5.44824251846876e-06
47640 Total cost: 5.370510734792333e-06
47650 Total cost: 5.075502485851757e-06
47660 Total cost: 4.640781298803631e-06
47670 Total cost: 4.252814505889546e-06
47680 Total cost: 4.901898137177341e-06
47690 Total cost: 5.108354798721848e-06
47700 Total cost: 4.2391870920255315e-06
47710 Total cost: 5.335021342034452e-06
47720 Total cost: 4.630000603356166e-06
47730 Total cost: 5.22120853929664e-06
47740 Total cost: 4.018255367554957e-06
47750 Total cost: 4.2047772694786545e-06
47760 Total cost: 4.856926352658775e-06
47770 Total cost: 5.7719944379641674e-06
47780 Total cost: 4.573777914629318e-06
47790 Total cost: 3.7500290090974886e-06
47800 Total cost: 4.889838237431832e-06
47810 Total cost: 4.461421667656396e-06
47820 Total cost: 4.021671884402167e-06
47830 Total cost: 5.037921255279798e-06
47840 Total cost: 3.7613608583342284e-06
47850 Total cost: 4.243745934218168e-06
47860 Total cost: 3.6587043723557144e-06
47870 Total cost: 3.6523201742966194e-06
47880 Total cost: 4.1247867557103746e-06
47890 Total cost: 4.532199454843067e-06
47900 Total cost: 3.928764726879308e-06
47910 Total cost: 3.653963631222723e-06
47920 Total cost: 4.112527676625177e-06
47930 Total cost: 3.1471115562453633e-06
47940 Total cost: 4.017025275970809e-06
47950 Total cost: 4.0734548747423105e-06
47960 Total cost: 3.7662880458810832e-06
47970 Total cost: 5.554798462981125e-06
47980 Total cost: 3.821493919531349e-06
47990 Total cost: 4.212159637972945e-06
Calculating RMSE; trajectory: 1
Calculating RMSE; trajectory: 2
Calculating RMSE; trajectory: 3
Calculating RMSE; trajectory: 4
Calculating RMSE; trajectory: 5
Calculating RMSE; trajectory: 6
Calculating RMSE; trajectory: 7
Calculating RMSE; trajectory: 8
Calculating RMSE; trajectory: 9
Calculating RMSE; trajectory: 10
Calculating RMSE; trajectory: 11
Calculating RMSE; trajectory: 12
Calculating RMSE; trajectory: 13
Calculating RMSE; trajectory: 14
Calculating RMSE; trajectory: 15
Calculating dynamic time warping distance; trajectory: 1
Calculating dynamic time warping distance; trajectory: 2
Calculating dynamic time warping distance; trajectory: 3
Calculating dynamic time warping distance; trajectory: 4
Calculating dynamic time warping distance; trajectory: 5
Calculating dynamic time warping distance; trajectory: 6
Calculating dynamic time warping distance; trajectory: 7
Calculating dynamic time warping distance; trajectory: 8
Calculating dynamic time warping distance; trajectory: 9
Calculating dynamic time warping distance; trajectory: 10
Calculating dynamic time warping distance; trajectory: 11
Calculating dynamic time warping distance; trajectory: 12
Calculating dynamic time warping distance; trajectory: 13
Calculating dynamic time warping distance; trajectory: 14
Calculating dynamic time warping distance; trajectory: 15
Calculating Frechet distance; trajectory: 1
Calculating Frechet distance; trajectory: 2
Calculating Frechet distance; trajectory: 3
Calculating Frechet distance; trajectory: 4
Calculating Frechet distance; trajectory: 5
Calculating Frechet distance; trajectory: 6
Calculating Frechet distance; trajectory: 7
Calculating Frechet distance; trajectory: 8
Calculating Frechet distance; trajectory: 9
Calculating Frechet distance; trajectory: 10
Calculating Frechet distance; trajectory: 11
Calculating Frechet distance; trajectory: 12
Calculating Frechet distance; trajectory: 13
Calculating Frechet distance; trajectory: 14
Calculating Frechet distance; trajectory: 15
Saving image to .//home/khw/Projects/pumafabrics/pumafabrics/puma_adapted/results/mujoco_kuka_simple_line0/images/primitive_0_iter_48000.pdf...
Metrics sum: 0.07034996710329892 ; Number of unsuccessful trajectories: 64
48000 Total cost: 3.543726734278607e-06
timer: 1219.2917158359778
