nohup: ignoring input
/home/khw/Projects/pumafabrics/pumafabrics/puma_adapted/evaluation/evaluate_nd.py:20: VisibleDeprecationWarning: Creating an ndarray from ragged nested sequences (which is a list-or-tuple of lists-or-tuples-or ndarrays with different lengths or shapes) is deprecated. If you meant to do this, you must specify 'dtype=object' when creating the ndarray.
  delta_t_history = np.array(self.delta_t_eval)
/home/khw/Projects/pumafabrics/pumafabrics/puma_adapted/evaluation/evaluate_nd.py:20: VisibleDeprecationWarning: Creating an ndarray from ragged nested sequences (which is a list-or-tuple of lists-or-tuples-or ndarrays with different lengths or shapes) is deprecated. If you meant to do this, you must specify 'dtype=object' when creating the ndarray.
  delta_t_history = np.array(self.delta_t_eval)
params.results_path: ./results/1st_order_R3S3_sweep_16may/5/
Data preprocessing, demonstration 1 / 9
Data preprocessing, demonstration 2 / 9
Data preprocessing, demonstration 3 / 9
Data preprocessing, demonstration 4 / 9
Data preprocessing, demonstration 5 / 9
Data preprocessing, demonstration 6 / 9
Data preprocessing, demonstration 7 / 9
Data preprocessing, demonstration 8 / 9
Data preprocessing, demonstration 9 / 9
Mean error spline resampling: 3.857275345003599e-17

<<< CONDOR framework: stable and flexible movement primitives >>> 

Parameters: 1st_order_R3S3_sweep_16may
Dynamical System order: 1
Dataset: kuka
Demos ID: 5
Results path: ./results/1st_order_R3S3_sweep_16may/5/


Calculating RMSE; trajectory: 1
Calculating RMSE; trajectory: 2
Calculating RMSE; trajectory: 3
Calculating RMSE; trajectory: 4
Calculating RMSE; trajectory: 5
Calculating RMSE; trajectory: 6
Calculating RMSE; trajectory: 7
Calculating RMSE; trajectory: 8
Calculating RMSE; trajectory: 9
Calculating dynamic time warping distance; trajectory: 1
Calculating dynamic time warping distance; trajectory: 2
Calculating dynamic time warping distance; trajectory: 3
Calculating dynamic time warping distance; trajectory: 4
Calculating dynamic time warping distance; trajectory: 5
Calculating dynamic time warping distance; trajectory: 6
Calculating dynamic time warping distance; trajectory: 7
Calculating dynamic time warping distance; trajectory: 8
Calculating dynamic time warping distance; trajectory: 9
Calculating Frechet distance; trajectory: 1
Calculating Frechet distance; trajectory: 2
Calculating Frechet distance; trajectory: 3
Calculating Frechet distance; trajectory: 4
Calculating Frechet distance; trajectory: 5
Calculating Frechet distance; trajectory: 6
Calculating Frechet distance; trajectory: 7
Calculating Frechet distance; trajectory: 8
Calculating Frechet distance; trajectory: 9
Saving image to ./results/1st_order_R3S3_sweep_16may/5/images/primitive_0_iter_0.pdf...
Metrics sum: 3.9049718337927413 ; Number of unsuccessful trajectories: 64
0 Total cost: 0.0030609136447310448
10 Total cost: 0.0005012621986679733
20 Total cost: 0.00038163195131346583
30 Total cost: 0.00035202386789023876
40 Total cost: 0.0002967987966258079
50 Total cost: 0.0002704760408960283
60 Total cost: 0.00024917523842304945
70 Total cost: 0.00022741871362086385
80 Total cost: 0.00021319417282938957
90 Total cost: 0.00021523257601074874
100 Total cost: 0.00019526752294041216
110 Total cost: 0.00020982386195100844
120 Total cost: 0.000182181887794286
130 Total cost: 0.00017709664825815707
140 Total cost: 0.00017625639156904072
150 Total cost: 0.00016291759675368667
160 Total cost: 0.0001604797289473936
170 Total cost: 0.00016101704386528581
180 Total cost: 0.0001738692808430642
190 Total cost: 0.00014874147018417716
200 Total cost: 0.00012185965169919655
210 Total cost: 0.00015861344581935555
220 Total cost: 0.0001371215475955978
230 Total cost: 0.00012181288184365258
240 Total cost: 0.0001218245379277505
250 Total cost: 0.00010188990563619882
260 Total cost: 0.00010513847519177943
270 Total cost: 0.000102375699498225
280 Total cost: 0.00011337069736327976
290 Total cost: 0.0001116761050070636
300 Total cost: 9.619407501304522e-05
310 Total cost: 0.0001022446813294664
320 Total cost: 9.357554517919198e-05
330 Total cost: 8.245065691880882e-05
340 Total cost: 8.468860323773697e-05
350 Total cost: 9.484670590609312e-05
360 Total cost: 9.21259488677606e-05
370 Total cost: 6.799350376240909e-05
380 Total cost: 7.912985165603459e-05
390 Total cost: 7.332281529670581e-05
400 Total cost: 8.118070400087163e-05
410 Total cost: 7.422911585308611e-05
420 Total cost: 7.767949864501134e-05
430 Total cost: 6.310259777819738e-05
440 Total cost: 7.183172419900075e-05
450 Total cost: 6.475937698269263e-05
460 Total cost: 6.26359396846965e-05
470 Total cost: 5.8234021707903594e-05
480 Total cost: 6.0338210460031405e-05
490 Total cost: 6.716242205584422e-05
500 Total cost: 5.9735724789788947e-05
510 Total cost: 7.649984763702378e-05
520 Total cost: 5.3518549975706264e-05
530 Total cost: 6.0884678532602265e-05
540 Total cost: 4.4406111555872485e-05
550 Total cost: 5.434209015220404e-05
560 Total cost: 5.152192898094654e-05
570 Total cost: 5.43933201697655e-05
580 Total cost: 5.123493247083388e-05
590 Total cost: 4.4291402446106076e-05
600 Total cost: 4.812408587895334e-05
610 Total cost: 5.6714052334427834e-05
620 Total cost: 4.242780414642766e-05
630 Total cost: 5.228582085692324e-05
640 Total cost: 3.952288534492254e-05
650 Total cost: 4.482399526750669e-05
660 Total cost: 5.4934644140303135e-05
670 Total cost: 3.697975625982508e-05
680 Total cost: 5.2396742830751464e-05
690 Total cost: 4.887199611403048e-05
700 Total cost: 4.113622708246112e-05
710 Total cost: 3.604373705456965e-05
720 Total cost: 3.9331156585831195e-05
730 Total cost: 4.1282197344116867e-05
740 Total cost: 3.939931411878206e-05
750 Total cost: 4.240646376274526e-05
760 Total cost: 4.7275203542085364e-05
770 Total cost: 3.927454963559285e-05
780 Total cost: 3.159956759191118e-05
790 Total cost: 5.5350454204017296e-05
800 Total cost: 2.766970828815829e-05
810 Total cost: 3.837451004073955e-05
820 Total cost: 2.860541826521512e-05
830 Total cost: 2.7783697078120895e-05
840 Total cost: 3.834017479675822e-05
850 Total cost: 3.356672823429108e-05
860 Total cost: 3.091619873885065e-05
870 Total cost: 2.444338497298304e-05
880 Total cost: 2.6401496143080294e-05
890 Total cost: 2.5262090275646187e-05
900 Total cost: 2.2027050363249145e-05
910 Total cost: 2.826952731993515e-05
920 Total cost: 3.544773790054023e-05
930 Total cost: 3.41216400556732e-05
940 Total cost: 2.2291575078270398e-05
950 Total cost: 2.440542812109925e-05
960 Total cost: 2.5120400096056983e-05
970 Total cost: 2.6840101781999692e-05
980 Total cost: 2.7342231987859122e-05
990 Total cost: 3.635770553955808e-05
Calculating RMSE; trajectory: 1
Calculating RMSE; trajectory: 2
Calculating RMSE; trajectory: 3
Calculating RMSE; trajectory: 4
Calculating RMSE; trajectory: 5
Calculating RMSE; trajectory: 6
Calculating RMSE; trajectory: 7
Calculating RMSE; trajectory: 8
Calculating RMSE; trajectory: 9
Calculating dynamic time warping distance; trajectory: 1
Calculating dynamic time warping distance; trajectory: 2
Calculating dynamic time warping distance; trajectory: 3
Calculating dynamic time warping distance; trajectory: 4
Calculating dynamic time warping distance; trajectory: 5
Calculating dynamic time warping distance; trajectory: 6
Calculating dynamic time warping distance; trajectory: 7
Calculating dynamic time warping distance; trajectory: 8
Calculating dynamic time warping distance; trajectory: 9
Calculating Frechet distance; trajectory: 1
Calculating Frechet distance; trajectory: 2
Calculating Frechet distance; trajectory: 3
Calculating Frechet distance; trajectory: 4
Calculating Frechet distance; trajectory: 5
Calculating Frechet distance; trajectory: 6
Calculating Frechet distance; trajectory: 7
Calculating Frechet distance; trajectory: 8
Calculating Frechet distance; trajectory: 9
Saving image to ./results/1st_order_R3S3_sweep_16may/5/images/primitive_0_iter_1000.pdf...
Metrics sum: 0.2328014011159011 ; Number of unsuccessful trajectories: 45
1000 Total cost: 2.341737854294479e-05
1010 Total cost: 2.420040254946798e-05
1020 Total cost: 2.6802936190506443e-05
1030 Total cost: 2.5037737941602245e-05
1040 Total cost: 4.416090087033808e-05
1050 Total cost: 2.079545083688572e-05
1060 Total cost: 2.138575291610323e-05
1070 Total cost: 2.195166416640859e-05
1080 Total cost: 2.3411457732436247e-05
1090 Total cost: 1.981923560379073e-05
1100 Total cost: 2.6869904104387388e-05
1110 Total cost: 2.536434658395592e-05
1120 Total cost: 2.0019637304358184e-05
1130 Total cost: 2.591104384919163e-05
1140 Total cost: 1.800223981263116e-05
1150 Total cost: 2.606980524433311e-05
1160 Total cost: 2.0200159269734286e-05
1170 Total cost: 1.9730756321223453e-05
1180 Total cost: 1.7639438738115132e-05
1190 Total cost: 1.7488297089585103e-05
1200 Total cost: 1.9348410205566324e-05
1210 Total cost: 2.6685011107474566e-05
1220 Total cost: 2.137451883754693e-05
1230 Total cost: 3.326610385556705e-05
1240 /home/khw/Projects/pumafabrics/pumafabrics/puma_adapted/evaluation/evaluate_nd.py:20: VisibleDeprecationWarning: Creating an ndarray from ragged nested sequences (which is a list-or-tuple of lists-or-tuples-or ndarrays with different lengths or shapes) is deprecated. If you meant to do this, you must specify 'dtype=object' when creating the ndarray.
  delta_t_history = np.array(self.delta_t_eval)
Total cost: 2.109758133883588e-05
1250 Total cost: 2.178431168431416e-05
1260 Total cost: 2.16316147998441e-05
1270 Total cost: 1.8103841284755617e-05
1280 Total cost: 2.7520953153725713e-05
1290 Total cost: 1.749493821989745e-05
1300 Total cost: 1.7241969544556923e-05
1310 Total cost: 1.774480006133672e-05
1320 Total cost: 1.814321512938477e-05
1330 Total cost: 1.8285403712070547e-05
1340 Total cost: 2.9885233743698336e-05
1350 Total cost: 2.2961221475270577e-05
1360 Total cost: 2.1062884115963243e-05
1370 Total cost: 1.7096312149078585e-05
1380 Total cost: 2.4458811822114512e-05
1390 Total cost: 2.393429895164445e-05
1400 Total cost: 2.095879244734533e-05
1410 Total cost: 1.729595533106476e-05
1420 Total cost: 2.719669100770261e-05
1430 Total cost: 1.5913150491542183e-05
1440 Total cost: 1.89706825040048e-05
1450 Total cost: 2.2808335415902548e-05
1460 Total cost: 2.176615089410916e-05
1470 Total cost: 1.3247817150841001e-05
1480 Total cost: 1.89289767149603e-05
1490 Total cost: 1.637762579775881e-05
1500 Total cost: 1.8117387298843823e-05
1510 Total cost: 1.6337737179128453e-05
1520 Total cost: 1.6824005797388963e-05
1530 Total cost: 1.521837020845851e-05
1540 Total cost: 1.966725176316686e-05
1550 Total cost: 2.3835094907553867e-05
1560 Total cost: 1.2940877240907867e-05
1570 Total cost: 1.3816470527672209e-05
1580 Total cost: 1.8913708117906936e-05
1590 Total cost: 1.7791599020711146e-05
1600 Total cost: 1.5974868802004494e-05
1610 Total cost: 1.315386271016905e-05
1620 Total cost: 2.7725949621526524e-05
1630 Total cost: 9.230331670551095e-06
1640 Total cost: 1.969830373127479e-05
1650 Total cost: 1.911824438138865e-05
1660 Total cost: 1.8240607460029423e-05
1670 Total cost: 1.2738878467644099e-05
1680 Total cost: 1.2335181963862851e-05
1690 Total cost: 1.2559128663269803e-05
1700 Total cost: 1.1698322850861587e-05
1710 Total cost: 1.1664445082715247e-05
1720 Total cost: 1.7165601093438454e-05
1730 Total cost: 3.0872841307427734e-05
1740 Total cost: 1.4903971532476135e-05
1750 Total cost: 1.3723515621677507e-05
1760 Total cost: 1.6374202459701337e-05
1770 Total cost: 1.244897248398047e-05
1780 Total cost: 1.1891430403920822e-05
1790 Total cost: 1.6993979443213902e-05
1800 Total cost: 1.315643203270156e-05
1810 Total cost: 1.4770587767998222e-05
1820 Total cost: 1.4281311450758949e-05
1830 Total cost: 1.0475216186023317e-05
1840 Total cost: 1.2462633094401099e-05
1850 Total cost: 2.044600660155993e-05
1860 Total cost: 1.1470547178760171e-05
1870 Total cost: 1.3918528566136956e-05
1880 Total cost: 1.3536118785850704e-05
1890 Total cost: 1.3161504284653347e-05
1900 Total cost: 2.0265528291929513e-05
1910 Total cost: 1.803766099328641e-05
1920 Total cost: 1.1383926903363317e-05
1930 Total cost: 1.4954090147512034e-05
1940 Total cost: 1.4759606528969016e-05
1950 Total cost: 1.4270151950768195e-05
1960 Total cost: 1.1076353075623047e-05
1970 Total cost: 1.1919000826310366e-05
1980 Total cost: 1.1572001312742941e-05
1990 Total cost: 1.610495564818848e-05
Calculating RMSE; trajectory: 1
Calculating RMSE; trajectory: 2
Calculating RMSE; trajectory: 3
Calculating RMSE; trajectory: 4
Calculating RMSE; trajectory: 5
Calculating RMSE; trajectory: 6
Calculating RMSE; trajectory: 7
Calculating RMSE; trajectory: 8
Calculating RMSE; trajectory: 9
Calculating dynamic time warping distance; trajectory: 1
Calculating dynamic time warping distance; trajectory: 2
Calculating dynamic time warping distance; trajectory: 3
Calculating dynamic time warping distance; trajectory: 4
Calculating dynamic time warping distance; trajectory: 5
Calculating dynamic time warping distance; trajectory: 6
Calculating dynamic time warping distance; trajectory: 7
Calculating dynamic time warping distance; trajectory: 8
Calculating dynamic time warping distance; trajectory: 9
Calculating Frechet distance; trajectory: 1
Calculating Frechet distance; trajectory: 2
Calculating Frechet distance; trajectory: 3
Calculating Frechet distance; trajectory: 4
Calculating Frechet distance; trajectory: 5
Calculating Frechet distance; trajectory: 6
Calculating Frechet distance; trajectory: 7
Calculating Frechet distance; trajectory: 8
Calculating Frechet distance; trajectory: 9
Saving image to ./results/1st_order_R3S3_sweep_16may/5/images/primitive_0_iter_2000.pdf...
Metrics sum: 0.5902981186963527 ; Number of unsuccessful trajectories: 52
2000 Total cost: 1.3394944289757404e-05
2010 Total cost: 1.1931679182453081e-05
2020 Total cost: 1.7359763660351746e-05
2030 Total cost: 1.3799623957311269e-05
2040 Total cost: 1.188374972116435e-05
2050 Total cost: 1.2619062545127235e-05
2060 Total cost: 9.87127441476332e-06
2070 Total cost: 1.1153596460644621e-05
2080 Total cost: 1.7296328223892488e-05
2090 Total cost: 1.0331707926525269e-05
2100 Total cost: 1.3039350960752927e-05
2110 Total cost: 1.369991969113471e-05
2120 Total cost: 9.469188626098912e-06
2130 Total cost: 1.890441490104422e-05
2140 Total cost: 2.7561891329241917e-05
2150 Total cost: 1.5676576367695816e-05
2160 Total cost: 1.7067506632884033e-05
2170 Total cost: 1.550313209008891e-05
2180 Total cost: 1.5195549167401623e-05
2190 Total cost: 1.7134105291916057e-05
2200 Total cost: 1.6419102394138463e-05
2210 Total cost: 1.4559243936673738e-05
2220 Total cost: 1.0741899131971877e-05
2230 Total cost: 2.7111429517390206e-05
2240 Total cost: 1.630052247492131e-05
2250 Total cost: 1.854388574429322e-05
2260 Total cost: 1.5538371371803805e-05
2270 Total cost: 1.5018066733318847e-05
2280 Total cost: 1.0059338819701225e-05
2290 Total cost: 1.058121142705204e-05
2300 Total cost: 1.2425294698914513e-05
2310 Total cost: 1.5826466551516205e-05
2320 Total cost: 1.2666014299611561e-05
2330 Total cost: 1.3347724234336056e-05
2340 Total cost: 1.4247209037421271e-05
2350 Total cost: 1.4342969734570943e-05
2360 Total cost: 1.542199606774375e-05
2370 Total cost: 1.9304343368276022e-05
2380 Total cost: 7.393684427370317e-06
2390 Total cost: 1.7572152501088567e-05
2400 Total cost: 1.533199792902451e-05
2410 Total cost: 2.451052569085732e-05
2420 Total cost: 1.161203999799909e-05
2430 Total cost: 1.903008160297759e-05
2440 Total cost: 1.1186985830136109e-05
2450 Total cost: 1.2740199963445775e-05
2460 Total cost: 2.373150891799014e-05
2470 Total cost: 1.988500662264414e-05
2480 Total cost: 1.0961791303998325e-05
2490 Total cost: 2.058681820926722e-05
2500 Total cost: 1.3895474694436416e-05
2510 Total cost: 1.5425850506289862e-05
2520 Total cost: 8.795080248091836e-06
2530 Total cost: 9.208153642248362e-06
2540 Total cost: 1.1643110156001057e-05
2550 Total cost: 1.2405957932060119e-05
2560 Total cost: 1.6865475117811002e-05
2570 Total cost: 1.833709939091932e-05
2580 Total cost: 1.0820644092746079e-05
2590 Total cost: 1.22794963317574e-05
2600 Total cost: 1.2149624126323033e-05
2610 Total cost: 1.414499001839431e-05
2620 Total cost: 1.2928809155710042e-05
2630 Total cost: 9.542681254970375e-06
2640 Total cost: 1.0631020813889336e-05
2650 Total cost: 8.448935659544077e-06
2660 Total cost: 2.513768049539067e-05
2670 Total cost: 1.4191930858942214e-05
2680 Total cost: 1.6316782421199605e-05
2690 Total cost: 1.4157811165205203e-05
2700 Total cost: 1.0151723472517915e-05
2710 Total cost: 7.369475042651175e-06
2720 Total cost: 1.3299087186169345e-05
2730 Total cost: 1.0381585525465198e-05
2740 Total cost: 2.32171641982859e-05
2750 Total cost: 1.2847166544815991e-05
2760 Total cost: 1.0369431947765406e-05
2770 Total cost: 9.735328603710514e-06
2780 Total cost: 7.816318429831881e-06
2790 Total cost: 1.1679394447128288e-05
2800 Total cost: 1.2476773008529563e-05
2810 Total cost: 9.709558071335778e-06
2820 Total cost: 9.740530003909953e-06
2830 Total cost: 1.8017099137068726e-05
2840 Total cost: 1.9677929230965674e-05
2850 Total cost: 1.2535516361822374e-05
2860 Total cost: 9.927425708156079e-06
2870 Total cost: 1.4381699656951241e-05
2880 Total cost: 9.563194907968864e-06
2890 Total cost: 1.0092076081491541e-05
2900 Total cost: 7.975771950441413e-06
2910 Total cost: 9.054597285285126e-06
2920 Total cost: 9.487500392424408e-06
2930 Total cost: 9.395818779012188e-06
2940 Total cost: 8.88356862560613e-06
2950 Total cost: 1.2294152838876471e-05
2960 Total cost: /home/khw/Projects/pumafabrics/pumafabrics/puma_adapted/evaluation/evaluate_nd.py:20: VisibleDeprecationWarning: Creating an ndarray from ragged nested sequences (which is a list-or-tuple of lists-or-tuples-or ndarrays with different lengths or shapes) is deprecated. If you meant to do this, you must specify 'dtype=object' when creating the ndarray.
  delta_t_history = np.array(self.delta_t_eval)
/home/khw/Projects/pumafabrics/pumafabrics/puma_adapted/evaluation/evaluate_nd.py:20: VisibleDeprecationWarning: Creating an ndarray from ragged nested sequences (which is a list-or-tuple of lists-or-tuples-or ndarrays with different lengths or shapes) is deprecated. If you meant to do this, you must specify 'dtype=object' when creating the ndarray.
  delta_t_history = np.array(self.delta_t_eval)
1.7509817553218454e-05
2970 Total cost: 1.2564856660901569e-05
2980 Total cost: 1.642951974645257e-05
2990 Total cost: 8.902838089852594e-06
Calculating RMSE; trajectory: 1
Calculating RMSE; trajectory: 2
Calculating RMSE; trajectory: 3
Calculating RMSE; trajectory: 4
Calculating RMSE; trajectory: 5
Calculating RMSE; trajectory: 6
Calculating RMSE; trajectory: 7
Calculating RMSE; trajectory: 8
Calculating RMSE; trajectory: 9
Calculating dynamic time warping distance; trajectory: 1
Calculating dynamic time warping distance; trajectory: 2
Calculating dynamic time warping distance; trajectory: 3
Calculating dynamic time warping distance; trajectory: 4
Calculating dynamic time warping distance; trajectory: 5
Calculating dynamic time warping distance; trajectory: 6
Calculating dynamic time warping distance; trajectory: 7
Calculating dynamic time warping distance; trajectory: 8
Calculating dynamic time warping distance; trajectory: 9
Calculating Frechet distance; trajectory: 1
Calculating Frechet distance; trajectory: 2
Calculating Frechet distance; trajectory: 3
Calculating Frechet distance; trajectory: 4
Calculating Frechet distance; trajectory: 5
Calculating Frechet distance; trajectory: 6
Calculating Frechet distance; trajectory: 7
Calculating Frechet distance; trajectory: 8
Calculating Frechet distance; trajectory: 9
Saving image to ./results/1st_order_R3S3_sweep_16may/5/images/primitive_0_iter_3000.pdf...
Metrics sum: 0.9082612443126965 ; Number of unsuccessful trajectories: 52
3000 Total cost: 1.2380914995446801e-05
3010 Total cost: 1.1055487448174972e-05
3020 Total cost: 6.943724201846635e-06
3030 Total cost: 5.572454483626643e-06
3040 Total cost: 6.776193458790658e-06
3050 Total cost: 1.0895512787101325e-05
3060 Total cost: 1.774690463207662e-05
3070 Total cost: 8.342141882167198e-06
3080 Total cost: 9.753854101290926e-06
3090 Total cost: 1.092475577024743e-05
3100 Total cost: 1.360650458082091e-05
3110 Total cost: 1.0125953849637881e-05
3120 Total cost: 1.1044687198591419e-05
3130 Total cost: 8.717681339476258e-06
3140 Total cost: 8.819510185276158e-06
3150 Total cost: 9.323696758656297e-06
3160 Total cost: 1.4695696336275432e-05
3170 Total cost: 1.0622279660310596e-05
3180 Total cost: 8.112415343930479e-06
3190 Total cost: 2.1387993911048397e-05
3200 Total cost: 2.136463808710687e-05
3210 Total cost: 9.481743290962186e-06
3220 Total cost: 1.6186237189685926e-05
3230 Total cost: 1.106306353904074e-05
3240 Total cost: 9.670072358858306e-06
3250 Total cost: 6.479480362031609e-06
3260 Total cost: 5.997374046273762e-06
3270 Total cost: 1.3841735380992759e-05
3280 Total cost: 9.597062671673484e-06
3290 Total cost: 9.241774932888802e-06
3300 Total cost: 9.274624972022139e-06
3310 Total cost: 1.3735914762946777e-05
3320 Total cost: 1.2432785297278315e-05
3330 Total cost: 7.425981038977625e-06
3340 Total cost: 7.038487183308462e-06
3350 Total cost: 7.902021025074646e-06
3360 Total cost: 8.878938388079405e-06
3370 Total cost: 9.448627679375932e-06
3380 Total cost: 1.2397629689075984e-05
3390 Total cost: 1.5876186807872728e-05
3400 Total cost: 5.795980541734025e-06
3410 Total cost: 7.89569276093971e-06
3420 Total cost: 7.029469088593032e-06
3430 Total cost: 1.5286415873561054e-05
3440 Total cost: 7.895699127402622e-06
3450 Total cost: 8.307635653181933e-06
3460 Total cost: 7.896730494394433e-06
3470 Total cost: 1.0870031474041753e-05
3480 Total cost: 7.649679901078343e-06
3490 Total cost: 8.92316074896371e-06
3500 Total cost: 6.9898633228149265e-06
3510 Total cost: 1.1001558050338645e-05
3520 Total cost: 7.2824277594918385e-06
3530 Total cost: 2.2000403987476602e-05
3540 Total cost: 9.629497981222812e-06
3550 Total cost: 8.570011232222896e-06
3560 Total cost: 6.416194537450792e-06
3570 Total cost: 1.6488116671098396e-05
3580 Total cost: 8.754195732763037e-06
3590 Total cost: 7.575770268886117e-06
3600 Total cost: 1.1016956705134362e-05
3610 Total cost: 2.2015990907675587e-05
3620 Total cost: 7.909316991572268e-06
3630 Total cost: 7.451595593011007e-06
3640 Total cost: 1.7521791960461996e-05
3650 Total cost: 1.1192954843863845e-05
3660 Total cost: 1.2119690836698283e-05
3670 Total cost: 1.4673560144728981e-05
3680 Total cost: 1.6543535821256228e-05
3690 Total cost: 1.9443161363597028e-05
3700 Total cost: 9.353755558549892e-06
3710 Total cost: 1.441386848455295e-05
3720 Total cost: 1.0786731763801072e-05
3730 Total cost: 6.718296390317846e-06
3740 Total cost: 8.407854693359695e-06
3750 Total cost: 1.1046084182453342e-05
3760 Total cost: 9.366275662614498e-06
3770 Total cost: 5.951855655439431e-06
3780 Total cost: 8.237981091951951e-06
3790 Total cost: 1.021839398163138e-05
3800 Total cost: 6.617734925384866e-06
3810 Total cost: 7.285328592843143e-06
3820 Total cost: 7.160359928093385e-06
3830 Total cost: 4.8628708100295626e-06
3840 Total cost: 1.0419135833217297e-05
3850 Total cost: 6.368615231622243e-06
3860 Total cost: 8.604733920947183e-06
3870 Total cost: 9.133595085586421e-06
3880 Total cost: 7.25502468412742e-06
3890 Total cost: 1.1164134775754064e-05
3900 Total cost: 6.395520358637441e-06
3910 Total cost: 8.736819836485665e-06
3920 Total cost: 9.739243068906944e-06
3930 Total cost: 6.6815982791013084e-06
3940 Total cost: 1.2627289834199473e-05
3950 Total cost: 6.654808203165885e-06
3960 Total cost: 1.2669249372265767e-05
3970 Total cost: 9.384244549437426e-06
3980 Total cost: 6.143865448393626e-06
3990 Total cost: 1.5154003449424636e-05
Calculating RMSE; trajectory: 1
Calculating RMSE; trajectory: 2
Calculating RMSE; trajectory: 3
Calculating RMSE; trajectory: 4
Calculating RMSE; trajectory: 5
Calculating RMSE; trajectory: 6
Calculating RMSE; trajectory: 7
Calculating RMSE; trajectory: 8
Calculating RMSE; trajectory: 9
Calculating dynamic time warping distance; trajectory: 1
Calculating dynamic time warping distance; trajectory: 2
Calculating dynamic time warping distance; trajectory: 3
Calculating dynamic time warping distance; trajectory: 4
Calculating dynamic time warping distance; trajectory: 5
Calculating dynamic time warping distance; trajectory: 6
Calculating dynamic time warping distance; trajectory: 7
Calculating dynamic time warping distance; trajectory: 8
Calculating dynamic time warping distance; trajectory: 9
Calculating Frechet distance; trajectory: 1
Calculating Frechet distance; trajectory: 2
Calculating Frechet distance; trajectory: 3
Calculating Frechet distance; trajectory: 4
Calculating Frechet distance; trajectory: 5
Calculating Frechet distance; trajectory: 6
Calculating Frechet distance; trajectory: 7
Calculating Frechet distance; trajectory: 8
Calculating Frechet distance; trajectory: 9
Saving image to ./results/1st_order_R3S3_sweep_16may/5/images/primitive_0_iter_4000.pdf...
Metrics sum: 0.5183012530185089 ; Number of unsuccessful trajectories: 47
4000 Total cost: 7.371522769972216e-06
4010 Total cost: 8.018701009859797e-06
4020 Total cost: 9.75449165707687e-06
4030 Total cost: 1.0178220691159368e-05
4040 Total cost: 1.4534485671902075e-05
4050 Total cost: 8.815676665108185e-06
4060 Total cost: 6.628350092796609e-06
4070 Total cost: 1.3272041542222723e-05
4080 Total cost: 8.189816981030162e-06
4090 Total cost: 7.162555903050816e-06
4100 Total cost: 1.976574640139006e-05
4110 Total cost: 9.249974027625285e-06
4120 Total cost: 8.913555575418286e-06
4130 Total cost: 8.05801846581744e-06
4140 Total cost: 5.660319857270224e-06
4150 Total cost: 7.443065896950429e-06
4160 Total cost: 8.765082384343259e-06
4170 Total cost: 1.6885252989595756e-05
4180 Total cost: 7.439454293489689e-06
4190 Total cost: 1.3578971447714139e-05
4200 Total cost: 2.1014495359850116e-05
4210 Total cost: 1.5068486391101032e-05
4220 Total cost: 9.106927791435737e-06
4230 Total cost: 7.796015779604204e-06
4240 Total cost: 1.3198678061598912e-05
4250 Total cost: 1.610631989024114e-05
4260 Total cost: 9.02835472516017e-06
4270 Total cost: 1.5653378795832396e-05
4280 Total cost: 9.730973943078425e-06
4290 Total cost: 1.610326398804318e-05
4300 Total cost: 8.291707672469784e-06
4310 Total cost: 2.5194050977006555e-05
4320 Total cost: 1.1647189239738509e-05
4330 Total cost: 6.952788680791855e-06
4340 Total cost: 8.451971552858595e-06
4350 Total cost: /home/khw/Projects/pumafabrics/pumafabrics/puma_adapted/evaluation/evaluate_nd.py:20: VisibleDeprecationWarning: Creating an ndarray from ragged nested sequences (which is a list-or-tuple of lists-or-tuples-or ndarrays with different lengths or shapes) is deprecated. If you meant to do this, you must specify 'dtype=object' when creating the ndarray.
  delta_t_history = np.array(self.delta_t_eval)
7.80456502980087e-06
4360 Total cost: 6.81620758768986e-06
4370 Total cost: 9.668446182331536e-06
4380 Total cost: 6.75351520840195e-06
4390 Total cost: 9.656836482463405e-06
4400 Total cost: 8.93237938726088e-06
4410 Total cost: 1.2767674888891634e-05
4420 Total cost: 7.647291567991488e-06
4430 Total cost: 4.289447588234907e-06
4440 Total cost: 9.529572707833722e-06
4450 Total cost: 6.638593731622677e-06
4460 Total cost: 5.222181698627537e-06
4470 Total cost: 1.941096707014367e-05
4480 Total cost: 6.80074617775972e-06
4490 Total cost: 5.6022890930762514e-06
4500 Total cost: 5.21586844115518e-06
4510 Total cost: 8.445199455309194e-06
4520 Total cost: 7.5783518695971e-06
4530 Total cost: 9.071350177691784e-06
4540 Total cost: 9.735650564834941e-06
4550 Total cost: 9.844230589806102e-06
4560 Total cost: 1.1120414455945138e-05
4570 Total cost: 2.094672709063161e-05
4580 Total cost: 9.471782504988369e-06
4590 Total cost: 8.994773452286609e-06
4600 Total cost: 1.0627875781210605e-05
4610 Total cost: 1.0390273928351235e-05
4620 Total cost: 6.494368335552281e-06
4630 Total cost: 6.112213668529876e-06
4640 Total cost: 1.2702863386948593e-05
4650 Total cost: 9.624257472751196e-06
4660 Total cost: 5.805423370475182e-06
4670 Total cost: 6.958255653444212e-06
4680 Total cost: 2.34567814914044e-05
4690 Total cost: 1.0404908607597463e-05
4700 Total cost: 1.3431469596980605e-05
4710 Total cost: 6.545780706801452e-06
4720 Total cost: 5.478791990753962e-06
4730 Total cost: 5.478104867506772e-06
4740 Total cost: 7.717540029261727e-06
4750 Total cost: 6.660560757154599e-06
4760 Total cost: 5.319931460689986e-06
4770 Total cost: 9.101954674406443e-06
4780 Total cost: 1.1447263204900082e-05
4790 Total cost: 1.8647491742740385e-05
4800 Total cost: 7.308849035325693e-06
4810 Total cost: 5.272145244816784e-06
4820 Total cost: 5.095620508654974e-06
4830 Total cost: 9.734363629831932e-06
4840 Total cost: 9.227714144799393e-06
4850 Total cost: 5.869237156730378e-06
4860 Total cost: 5.570848770730663e-06
4870 Total cost: 5.532509931072127e-06
4880 Total cost: 9.98487575998297e-06
4890 Total cost: 9.751644029165618e-06
4900 Total cost: 7.35345201974269e-06
4910 Total cost: 8.642651664558798e-06
4920 Total cost: 6.042918812454445e-06
4930 Total cost: 5.2059544941585045e-06
4940 Total cost: 6.326160928438185e-06
4950 Total cost: 6.578297870873939e-06
4960 Total cost: 5.512292318599066e-06
4970 Total cost: 7.0352275542973075e-06
4980 Total cost: 7.94843344920082e-06
4990 Total cost: 5.347631486074533e-06
Calculating RMSE; trajectory: 1
Calculating RMSE; trajectory: 2
Calculating RMSE; trajectory: 3
Calculating RMSE; trajectory: 4
Calculating RMSE; trajectory: 5
Calculating RMSE; trajectory: 6
Calculating RMSE; trajectory: 7
Calculating RMSE; trajectory: 8
Calculating RMSE; trajectory: 9
Calculating dynamic time warping distance; trajectory: 1
Calculating dynamic time warping distance; trajectory: 2
Calculating dynamic time warping distance; trajectory: 3
Calculating dynamic time warping distance; trajectory: 4
Calculating dynamic time warping distance; trajectory: 5
Calculating dynamic time warping distance; trajectory: 6
Calculating dynamic time warping distance; trajectory: 7
Calculating dynamic time warping distance; trajectory: 8
Calculating dynamic time warping distance; trajectory: 9
Calculating Frechet distance; trajectory: 1
Calculating Frechet distance; trajectory: 2
Calculating Frechet distance; trajectory: 3
Calculating Frechet distance; trajectory: 4
Calculating Frechet distance; trajectory: 5
Calculating Frechet distance; trajectory: 6
Calculating Frechet distance; trajectory: 7
Calculating Frechet distance; trajectory: 8
Calculating Frechet distance; trajectory: 9
Saving image to ./results/1st_order_R3S3_sweep_16may/5/images/primitive_0_iter_5000.pdf...
Metrics sum: 0.4604528637486897 ; Number of unsuccessful trajectories: 50
5000 Total cost: 9.319955097453203e-06
5010 Total cost: 1.202323710458586e-05
5020 Total cost: 4.8969841373036616e-06
5030 Total cost: 5.928519840381341e-06
5040 Total cost: 1.1686759535223246e-05
5050 Total cost: 1.0339456821384374e-05
5060 Total cost: 8.016115316422656e-06
5070 Total cost: 1.3024144209339283e-05
5080 Total cost: 8.556729881092906e-06
5090 Total cost: 8.444606464763638e-06
5100 Total cost: 1.1080154763476457e-05
5110 Total cost: 5.675272859662073e-06
5120 Total cost: 1.256484210898634e-05
5130 Total cost: 7.202206688816659e-06
5140 Total cost: 8.284670911962166e-06
5150 Total cost: 9.177132596960291e-06
5160 Total cost: 1.7834894606494345e-05
5170 Total cost: 5.310613232722972e-06
5180 Total cost: 9.019368917506654e-06
5190 Total cost: 1.0562140232650563e-05
5200 Total cost: 7.095819000824122e-06
5210 Total cost: 7.986162017914467e-06
5220 Total cost: 5.527416305994848e-06
5230 Total cost: 1.0949198440357577e-05
5240 Total cost: 1.1490983524709009e-05
5250 Total cost: 8.495565452903975e-06
5260 Total cost: 1.0512078915780876e-05
5270 Total cost: 1.1236682439630385e-05
5280 Total cost: 9.601474630471785e-06
5290 Total cost: 1.0489269698155113e-05
5300 Total cost: 5.937882178841392e-06
5310 Total cost: 1.9848781448672526e-05
5320 Total cost: 1.2463647180993576e-05
5330 Total cost: 4.637283836927963e-06
5340 Total cost: 8.22624861029908e-06
5350 Total cost: 7.92940682003973e-06
5360 Total cost: 5.8905875448544975e-06
5370 Total cost: 1.1787567018473055e-05
5380 Total cost: 1.026407608151203e-05
5390 Total cost: 5.629176030197414e-06
5400 Total cost: 6.700533958792221e-06
5410 Total cost: 6.5385979723942e-06
5420 Total cost: 4.919805633107899e-06
5430 Total cost: 8.062016604526434e-06
5440 Total cost: 7.409268619085196e-06
5450 Total cost: 1.0321082299924456e-05
5460 Total cost: 1.0110580660693813e-05
5470 Total cost: 1.5744546544738114e-05
5480 Total cost: 6.617887265747413e-06
5490 Total cost: 5.280860023049172e-06
5500 Total cost: 1.427462302672211e-05
5510 Total cost: 1.3598391888081096e-05
5520 Total cost: 6.218479484232375e-06
5530 Total cost: 7.553169780294411e-06
5540 Total cost: 2.0560981283779256e-05
5550 Total cost: 7.49820264900336e-06
5560 Total cost: 8.144235835061409e-06
5570 Total cost: 6.9842717493884265e-06
5580 Total cost: 1.2965847417945042e-05
5590 Total cost: 4.9571563067729585e-06
5600 Total cost: 5.705553576262901e-06
5610 Total cost: 1.3210727956902701e-05
5620 Total cost: 9.976644832931925e-06
5630 Total cost: 1.0331678822694812e-05
5640 Total cost: 1.369583151245024e-05
5650 Total cost: 9.085082638193853e-06
5660 Total cost: 6.4237756305374205e-06
5670 Total cost: 6.213516826392151e-06
5680 Total cost: 5.727682491851738e-06
5690 Total cost: 7.814228411007207e-06
5700 Total cost: 1.2606010386662092e-05
5710 Total cost: 6.280663910729345e-06
5720 Total cost: 1.0550692422839347e-05
5730 Total cost: 1.2571810657391325e-05
5740 Total cost: 1.0258219845127314e-05
5750 Total cost: 5.507788046088535e-06
5760 Total cost: 7.1979038693825714e-06
5770 Total cost: 1.679649722063914e-05
5780 Total cost: 7.832450137357228e-06
5790 Total cost: 1.696605613688007e-05
5800 Total cost: 7.51814741306589e-06
5810 Total cost: 5.0127623580920044e-06
5820 Total cost: 4.70203167424188e-06
5830 Total cost: 6.462730198109057e-06
5840 Total cost: 9.758014130056836e-06
5850 Total cost: 3.892324912158074e-06
5860 Total cost: 1.6100490029202774e-05
5870 Total cost: 7.920042662590276e-06
5880 Total cost: 1.8052449377137236e-05
5890 Total cost: 6.666285116807558e-06
5900 Total cost: 6.095304797781864e-06
5910 Total cost: 8.08151344244834e-06
5920 Total cost: 8.332500328833703e-06
5930 Total cost: 1.2838163456763141e-05
5940 Total cost: 4.997972609999124e-06
5950 Total cost: 4.683206952904584e-06
5960 Total cost: 8.920838808990084e-06
5970 Total cost: 6.964212843740825e-06
5980 Total cost: 1.1301730410195887e-05
5990 Total cost: 5.407000571722165e-06
Calculating RMSE; trajectory: 1
Calculating RMSE; trajectory: 2
Calculating RMSE; trajectory: 3
Calculating RMSE; trajectory: 4
Calculating RMSE; trajectory: 5
Calculating RMSE; trajectory: 6
Calculating RMSE; trajectory: 7
Calculating RMSE; trajectory: 8
Calculating RMSE; trajectory: 9
Calculating dynamic time warping distance; trajectory: 1
/home/khw/Projects/pumafabrics/pumafabrics/puma_adapted/evaluation/evaluate_nd.py:20: VisibleDeprecationWarning: Creating an ndarray from ragged nested sequences (which is a list-or-tuple of lists-or-tuples-or ndarrays with different lengths or shapes) is deprecated. If you meant to do this, you must specify 'dtype=object' when creating the ndarray.
  delta_t_history = np.array(self.delta_t_eval)
/home/khw/Projects/pumafabrics/pumafabrics/puma_adapted/evaluation/evaluate_nd.py:20: VisibleDeprecationWarning: Creating an ndarray from ragged nested sequences (which is a list-or-tuple of lists-or-tuples-or ndarrays with different lengths or shapes) is deprecated. If you meant to do this, you must specify 'dtype=object' when creating the ndarray.
  delta_t_history = np.array(self.delta_t_eval)
Calculating dynamic time warping distance; trajectory: 2
Calculating dynamic time warping distance; trajectory: 3
Calculating dynamic time warping distance; trajectory: 4
Calculating dynamic time warping distance; trajectory: 5
Calculating dynamic time warping distance; trajectory: 6
Calculating dynamic time warping distance; trajectory: 7
Calculating dynamic time warping distance; trajectory: 8
Calculating dynamic time warping distance; trajectory: 9
Calculating Frechet distance; trajectory: 1
Calculating Frechet distance; trajectory: 2
Calculating Frechet distance; trajectory: 3
Calculating Frechet distance; trajectory: 4
Calculating Frechet distance; trajectory: 5
Calculating Frechet distance; trajectory: 6
Calculating Frechet distance; trajectory: 7
Calculating Frechet distance; trajectory: 8
Calculating Frechet distance; trajectory: 9
Saving image to ./results/1st_order_R3S3_sweep_16may/5/images/primitive_0_iter_6000.pdf...
Metrics sum: 0.43574000444291566 ; Number of unsuccessful trajectories: 47
6000 Total cost: 6.737674993928522e-06
6010 Total cost: 1.1913897651538718e-05
6020 Total cost: 6.201674295880366e-06
6030 Total cost: 6.911165655765217e-06
6040 Total cost: 7.81523522164207e-06
6050 Total cost: 6.649121132795699e-06
6060 Total cost: 7.933558663353324e-06
6070 Total cost: 9.76607498159865e-06
6080 Total cost: 6.617984126933152e-06
6090 Total cost: 4.290762717573671e-06
6100 Total cost: 8.518301001458894e-06
6110 Total cost: 4.427923158800695e-06
6120 Total cost: 8.280909241875634e-06
6130 Total cost: 9.536811376165133e-06
6140 Total cost: 7.95732375991065e-06
6150 Total cost: 9.170934390567709e-06
6160 Total cost: 5.924925972067285e-06
6170 Total cost: 1.2957328181073535e-05
6180 Total cost: 5.840010089741554e-06
6190 Total cost: 1.0015097359428182e-05
6200 Total cost: 6.7022497205471154e-06
6210 Total cost: 5.230199349171016e-06
6220 Total cost: 1.0476350325916428e-05
6230 Total cost: 4.751235792355146e-06
6240 Total cost: 7.9518604252371e-06
6250 Total cost: 5.599159521807451e-06
6260 Total cost: 6.004684109939262e-06
6270 Total cost: 4.7461162466788664e-06
6280 Total cost: 9.344981663161889e-06
6290 Total cost: 8.028534466575366e-06
6300 Total cost: 6.879940428916598e-06
6310 Total cost: 1.5771893231431022e-05
6320 Total cost: 5.894291916774819e-06
6330 Total cost: 8.229086233768612e-06
6340 Total cost: 6.0351194406393915e-06
6350 Total cost: 5.672205134032993e-06
6360 Total cost: 4.801827344635967e-06
6370 Total cost: 7.054375601001084e-06
6380 Total cost: 7.1029176069714595e-06
6390 Total cost: 4.572346824716078e-06
6400 Total cost: 5.528298061108217e-06
6410 Total cost: 5.1594288379419595e-06
6420 Total cost: 6.318569376162486e-06
6430 Total cost: 1.252632137038745e-05
6440 Total cost: 6.8651579567813314e-06
6450 Total cost: 9.366243830299936e-06
6460 Total cost: 6.6402108132024296e-06
6470 Total cost: 7.518663096561795e-06
6480 Total cost: 1.080944093700964e-05
6490 Total cost: 7.100135007931385e-06
6500 Total cost: 4.182595148449764e-06
6510 Total cost: 3.3678211366350297e-06
6520 Total cost: 1.15690563688986e-05
6530 Total cost: 5.961875103821512e-06
6540 Total cost: 9.232069714926183e-06
6550 Total cost: 5.132631486048922e-06
6560 Total cost: 3.709098791659926e-06
6570 Total cost: 2.3057426005834714e-05
6580 Total cost: 7.199596893769922e-06
6590 Total cost: 1.1814821846201085e-05
6600 Total cost: 5.181101187190507e-06
6610 Total cost: 4.2434030547156e-06
6620 Total cost: 6.1826472119719256e-06
6630 Total cost: 8.332730430993252e-06
6640 Total cost: 5.897111350350315e-06
6650 Total cost: 7.046056452963967e-06
6660 Total cost: 9.326241524831858e-06
6670 Total cost: 6.426951586036012e-06
6680 Total cost: 6.2237818383437116e-06
6690 Total cost: 9.248954484064598e-06
6700 Total cost: 1.1998939953627996e-05
6710 Total cost: 1.596929541847203e-05
6720 Total cost: 5.666516699420754e-06
6730 Total cost: 1.0154806659556925e-05
6740 Total cost: 5.729423264710931e-06
6750 Total cost: 4.32746173828491e-06
6760 Total cost: 5.497965503309388e-06
6770 Total cost: 3.504813321342226e-06
6780 Total cost: 7.505648682126775e-06
6790 Total cost: 6.413646588043775e-06
6800 Total cost: 8.899606655177195e-06
6810 Total cost: 1.0738922355812974e-05
6820 Total cost: 4.548777269519633e-06
6830 Total cost: 4.539897872746224e-06
6840 Total cost: 7.011864909145515e-06
6850 Total cost: 4.5341425902734045e-06
6860 Total cost: 1.4600657777918968e-05
6870 Total cost: 1.4133800505078398e-05
6880 Total cost: 7.794471457600594e-06
6890 Total cost: 1.3124491488269996e-05
6900 Total cost: 3.7848942611162784e-06
6910 Total cost: 7.0449164013552945e-06
6920 Total cost: 4.4173352762300055e-06
6930 Total cost: 9.548744856147096e-06
6940 Total cost: 7.645176083315164e-06
6950 Total cost: 7.988022844074294e-06
6960 Total cost: 4.753507710120175e-06
6970 Total cost: 1.2494468137447257e-05
6980 Total cost: 3.1726021916256286e-06
6990 Total cost: 5.904506906517781e-06
Calculating RMSE; trajectory: 1
Calculating RMSE; trajectory: 2
Calculating RMSE; trajectory: 3
Calculating RMSE; trajectory: 4
Calculating RMSE; trajectory: 5
Calculating RMSE; trajectory: 6
Calculating RMSE; trajectory: 7
Calculating RMSE; trajectory: 8
Calculating RMSE; trajectory: 9
Calculating dynamic time warping distance; trajectory: 1
Calculating dynamic time warping distance; trajectory: 2
Calculating dynamic time warping distance; trajectory: 3
Calculating dynamic time warping distance; trajectory: 4
Calculating dynamic time warping distance; trajectory: 5
Calculating dynamic time warping distance; trajectory: 6
Calculating dynamic time warping distance; trajectory: 7
Calculating dynamic time warping distance; trajectory: 8
Calculating dynamic time warping distance; trajectory: 9
Calculating Frechet distance; trajectory: 1
Calculating Frechet distance; trajectory: 2
Calculating Frechet distance; trajectory: 3
Calculating Frechet distance; trajectory: 4
Calculating Frechet distance; trajectory: 5
Calculating Frechet distance; trajectory: 6
Calculating Frechet distance; trajectory: 7
Calculating Frechet distance; trajectory: 8
Calculating Frechet distance; trajectory: 9
Saving image to ./results/1st_order_R3S3_sweep_16may/5/images/primitive_0_iter_7000.pdf...
Metrics sum: 0.16045132654020122 ; Number of unsuccessful trajectories: 45
7000 Total cost: 5.710454388463404e-06
7010 Total cost: 7.624472800671356e-06
7020 Total cost: 9.43289342103526e-06
7030 Total cost: 1.0061600733024534e-05
7040 Total cost: 8.653482836962212e-06
7050 Total cost: 5.706332558474969e-06
7060 Total cost: 1.1541175808815751e-05
7070 Total cost: 1.2152184353908524e-05
7080 Total cost: 4.31235412179376e-06
7090 Total cost: 5.633805812976789e-06
7100 Total cost: 4.5853107621951494e-06
7110 Total cost: 7.316515166166937e-06
7120 Total cost: 7.766787348373327e-06
7130 Total cost: 1.0156270036532078e-05
7140 Total cost: 1.089885518013034e-05
7150 Total cost: 4.532098046183819e-06
7160 Total cost: 3.973515958932694e-06
7170 Total cost: 2.8898025448143017e-06
7180 Total cost: 4.77407093057991e-06
7190 Total cost: 8.410635928157717e-06
7200 Total cost: 6.806472356402082e-06
7210 Total cost: 3.0517780942318495e-06
7220 Total cost: 1.1898034244950395e-05
7230 Total cost: 1.1135568456666078e-05
7240 Total cost: 1.583683115313761e-05
7250 Total cost: 8.271328624687158e-06
7260 Total cost: 1.2446524124243297e-05
7270 Total cost: 6.21301342107472e-06
7280 Total cost: 5.437234904093202e-06
7290 Total cost: 5.98054657530156e-06
7300 Total cost: 7.81370636104839e-06
7310 Total cost: 1.2422006875567604e-05
7320 Total cost: 1.1075480870204046e-05
7330 Total cost: 6.4649984778952785e-06
7340 Total cost: 1.4177076991472859e-05
7350 Total cost: 5.325550318957539e-06
7360 Total cost: 3.211785497114761e-06
7370 Total cost: 1.2688594324572477e-05
7380 Total cost: 1.1685652680171188e-05
7390 Total cost: 6.821433089498896e-06
7400 Total cost: 1.0020078661909793e-05
7410 Total cost: 4.391432412376162e-06
7420 Total cost: 6.017758096277248e-06
7430 Total cost: 9.51619767874945e-06
7440 Total cost: 5.6853909882192966e-06
7450 Total cost: 5.870242603123188e-06
7460 Total cost: 6.569768629560713e-06
7470 Total cost: 3.876065420627128e-06
7480 /home/khw/Projects/pumafabrics/pumafabrics/puma_adapted/evaluation/evaluate_nd.py:20: VisibleDeprecationWarning: Creating an ndarray from ragged nested sequences (which is a list-or-tuple of lists-or-tuples-or ndarrays with different lengths or shapes) is deprecated. If you meant to do this, you must specify 'dtype=object' when creating the ndarray.
  delta_t_history = np.array(self.delta_t_eval)
Total cost: 2.570404376456281e-06
7490 Total cost: 4.101552804058883e-06
7500 Total cost: 4.5827350731997285e-06
7510 Total cost: 3.98094698539353e-06
7520 Total cost: 5.874167072761338e-06
7530 Total cost: 3.533742756189895e-06
7540 Total cost: 2.88885007648787e-06
7550 Total cost: 1.2820966730942018e-05
7560 Total cost: 5.030186912335921e-06
7570 Total cost: 4.4295679799688514e-06
7580 Total cost: 4.087252818862908e-06
7590 Total cost: 1.4132123396848328e-05
7600 Total cost: 3.989541255577933e-06
7610 Total cost: 5.338033133739373e-06
7620 Total cost: 9.327774932899047e-06
7630 Total cost: 1.1592375813052058e-05
7640 Total cost: 1.2641604371310677e-05
7650 Total cost: 6.548974852194078e-06
7660 Total cost: 4.673282546718838e-06
7670 Total cost: 1.4836924492556136e-05
7680 Total cost: 7.970746992214117e-06
7690 Total cost: 6.7270584622747265e-06
7700 Total cost: 8.111187526083086e-06
7710 Total cost: 5.556891210289905e-06
7720 Total cost: 4.677547622122802e-06
7730 Total cost: 9.663525815994944e-06
7740 Total cost: 6.9214202085277066e-06
7750 Total cost: 8.577356311434414e-06
7760 Total cost: 9.290547495766077e-06
7770 Total cost: 8.76293324836297e-06
7780 Total cost: 4.190264917269815e-06
7790 Total cost: 4.800239366886672e-06
7800 Total cost: 8.419710866292007e-06
7810 Total cost: 3.7573856843664544e-06
7820 Total cost: 1.0926293725788128e-05
7830 Total cost: 3.800808599407901e-06
7840 Total cost: 3.459683512119227e-06
7850 Total cost: 7.922742042865139e-06
7860 Total cost: 8.028645424928982e-06
7870 Total cost: 1.7103246136684902e-05
7880 Total cost: 1.900475035654381e-05
7890 Total cost: 9.04049193195533e-06
7900 Total cost: 1.1545532288437244e-05
7910 Total cost: 4.080659891769756e-06
7920 Total cost: 9.026789484778419e-06
7930 Total cost: 1.0402010957477614e-05
7940 Total cost: 5.523695563169895e-06
7950 Total cost: 1.0504830243007746e-05
7960 Total cost: 7.547449968114961e-06
7970 Total cost: 7.395145075861365e-06
7980 Total cost: 9.684225005912594e-06
7990 Total cost: 1.3282819963933434e-05
Calculating RMSE; trajectory: 1
Calculating RMSE; trajectory: 2
Calculating RMSE; trajectory: 3
Calculating RMSE; trajectory: 4
Calculating RMSE; trajectory: 5
Calculating RMSE; trajectory: 6
Calculating RMSE; trajectory: 7
Calculating RMSE; trajectory: 8
Calculating RMSE; trajectory: 9
Calculating dynamic time warping distance; trajectory: 1
Calculating dynamic time warping distance; trajectory: 2
Calculating dynamic time warping distance; trajectory: 3
Calculating dynamic time warping distance; trajectory: 4
Calculating dynamic time warping distance; trajectory: 5
Calculating dynamic time warping distance; trajectory: 6
Calculating dynamic time warping distance; trajectory: 7
Calculating dynamic time warping distance; trajectory: 8
Calculating dynamic time warping distance; trajectory: 9
Calculating Frechet distance; trajectory: 1
Calculating Frechet distance; trajectory: 2
Calculating Frechet distance; trajectory: 3
Calculating Frechet distance; trajectory: 4
Calculating Frechet distance; trajectory: 5
Calculating Frechet distance; trajectory: 6
Calculating Frechet distance; trajectory: 7
Calculating Frechet distance; trajectory: 8
Calculating Frechet distance; trajectory: 9
Saving image to ./results/1st_order_R3S3_sweep_16may/5/images/primitive_0_iter_8000.pdf...
Metrics sum: 0.16614522021663364 ; Number of unsuccessful trajectories: 36
8000 Total cost: 6.933001714060083e-06
8010 Total cost: 9.138833775068633e-06
8020 Total cost: 8.993025403469801e-06
8030 Total cost: 3.9530509639007505e-06
8040 Total cost: 4.862707555730594e-06
8050 Total cost: 5.4928514146013185e-06
8060 Total cost: 1.0247327736578882e-05
8070 Total cost: 4.345846264186548e-06
8080 Total cost: 4.992669346393086e-06
8090 Total cost: 5.075541139376583e-06
8100 Total cost: 3.8043988297431497e-06
8110 Total cost: 6.190744898049161e-06
8120 Total cost: 3.3466981221863534e-06
8130 Total cost: 4.938342044624733e-06
8140 Total cost: 4.619002083927626e-06
8150 Total cost: 6.873700385767734e-06
8160 Total cost: 7.992533028300386e-06
8170 Total cost: 6.039326763129793e-06
8180 Total cost: 8.628968316770624e-06
8190 Total cost: 7.5317707342037465e-06
8200 Total cost: 3.877114977512974e-06
8210 Total cost: 4.8874599087866955e-06
8220 Total cost: 6.307782314252108e-06
8230 Total cost: 4.720853667095071e-06
8240 Total cost: 6.447425221267622e-06
8250 Total cost: 3.0972403237683466e-06
8260 Total cost: 4.924979748466285e-06
8270 Total cost: 3.6200578961143037e-06
8280 Total cost: 7.3178789534722455e-06
8290 Total cost: 5.341946234693751e-06
8300 Total cost: 3.534883717293269e-06
8310 Total cost: 3.447173185122665e-06
8320 Total cost: 5.464534751808969e-06
8330 Total cost: 4.019437710667262e-06
8340 Total cost: 3.4146073630836327e-06
8350 Total cost: 2.608077693366795e-06
8360 Total cost: 3.383490138730849e-06
8370 Total cost: 4.143894784647273e-06
8380 Total cost: 8.504604920744896e-06
8390 Total cost: 3.0591975246352376e-06
8400 Total cost: 5.072432031738572e-06
8410 Total cost: 4.628105216397671e-06
8420 Total cost: 5.606862032436766e-06
8430 Total cost: 5.413576218415983e-06
8440 Total cost: 9.888625754683744e-06
8450 Total cost: 8.894645361579023e-06
8460 Total cost: 6.338565981423017e-06
8470 Total cost: 7.11913844497758e-06
8480 Total cost: 4.10680422646692e-06
8490 Total cost: 1.2947308277944103e-05
8500 Total cost: 1.132422130467603e-05
8510 Total cost: 4.386452474136604e-06
8520 Total cost: 5.982945822324837e-06
8530 Total cost: 1.3707437574339565e-05
8540 Total cost: 8.080062798399013e-06
8550 Total cost: 6.600412689294899e-06
8560 Total cost: 4.605143658409361e-06
8570 Total cost: 5.333582976163598e-06
8580 Total cost: 3.6011556403536815e-06
8590 Total cost: 3.5508937799022533e-06
8600 Total cost: 3.9054357330314815e-06
8610 Total cost: 4.489365437621018e-06
8620 Total cost: 6.453912192228017e-06
8630 Total cost: 5.981994036119431e-06
8640 Total cost: 5.55017368242261e-06
8650 Total cost: 1.1538332728378009e-05
8660 Total cost: 6.82597510603955e-06
8670 Total cost: 4.99386669616797e-06
8680 Total cost: 5.467625669552945e-06
8690 Total cost: 6.522307558043394e-06
8700 Total cost: 1.0798470611916855e-05
8710 Total cost: 7.932158041512594e-06
8720 Total cost: 3.0681603675475344e-06
8730 Total cost: 6.327426035568351e-06
8740 Total cost: 8.94012555363588e-06
8750 Total cost: 4.59944885733421e-06
8760 Total cost: 6.877676696603885e-06
8770 Total cost: 1.8376518710283563e-05
8780 Total cost: 8.508553946739994e-06
8790 Total cost: 4.5587471504404675e-06
8800 Total cost: 5.090023023512913e-06
8810 Total cost: 4.978612196282484e-06
8820 Total cost: 1.244838313141372e-05
8830 Total cost: 7.368260412476957e-06
8840 Total cost: 6.611006938328501e-06
8850 Total cost: 5.02759075970971e-06
8860 Total cost: 3.21467314279289e-06
8870 Total cost: 5.240483915258665e-06
8880 Total cost: 3.847675998258637e-06
8890 Total cost: 8.746765161049552e-06
8900 Total cost: 6.365653007378569e-06
8910 Total cost: 5.367358880903339e-06
8920 Total cost: 1.4675048078061081e-05
8930 Total cost: 7.800053936080076e-06
8940 Total cost: 5.941522886132589e-06
8950 Total cost: 3.314607283755322e-06
8960 Total cost: 7.158912467275513e-06
8970 Total cost: 7.63786920288112e-06
8980 Total cost: 3.3348876513628056e-06
8990 Total cost: 1.1847324458358344e-05
Calculating RMSE; trajectory: 1
Calculating RMSE; trajectory: 2
Calculating RMSE; trajectory: 3
Calculating RMSE; trajectory: 4
Calculating RMSE; trajectory: 5
Calculating RMSE; trajectory: 6
Calculating RMSE; trajectory: 7
Calculating RMSE; trajectory: 8
Calculating RMSE; trajectory: 9
Calculating dynamic time warping distance; trajectory: 1
Calculating dynamic time warping distance; trajectory: 2
Calculating dynamic time warping distance; trajectory: 3
Calculating dynamic time warping distance; trajectory: 4
Calculating dynamic time warping distance; trajectory: 5
Calculating dynamic time warping distance; trajectory: 6
Calculating dynamic time warping distance; trajectory: 7
Calculating dynamic time warping distance; trajectory: 8
Calculating dynamic time warping distance; trajectory: 9
Calculating Frechet distance; trajectory: 1
/home/khw/Projects/pumafabrics/pumafabrics/puma_adapted/evaluation/evaluate_nd.py:20: VisibleDeprecationWarning: Creating an ndarray from ragged nested sequences (which is a list-or-tuple of lists-or-tuples-or ndarrays with different lengths or shapes) is deprecated. If you meant to do this, you must specify 'dtype=object' when creating the ndarray.
  delta_t_history = np.array(self.delta_t_eval)
/home/khw/Projects/pumafabrics/pumafabrics/puma_adapted/evaluation/evaluate_nd.py:20: VisibleDeprecationWarning: Creating an ndarray from ragged nested sequences (which is a list-or-tuple of lists-or-tuples-or ndarrays with different lengths or shapes) is deprecated. If you meant to do this, you must specify 'dtype=object' when creating the ndarray.
  delta_t_history = np.array(self.delta_t_eval)
Calculating Frechet distance; trajectory: 2
Calculating Frechet distance; trajectory: 3
Calculating Frechet distance; trajectory: 4
Calculating Frechet distance; trajectory: 5
Calculating Frechet distance; trajectory: 6
Calculating Frechet distance; trajectory: 7
Calculating Frechet distance; trajectory: 8
Calculating Frechet distance; trajectory: 9
Saving image to ./results/1st_order_R3S3_sweep_16may/5/images/primitive_0_iter_9000.pdf...
Metrics sum: 0.13413508785900297 ; Number of unsuccessful trajectories: 20
9000 Total cost: 6.91834929966717e-06
9010 Total cost: 7.751827979518566e-06
9020 Total cost: 8.882000656740274e-06
9030 Total cost: 3.118736458418425e-06
9040 Total cost: 3.5677835512615275e-06
9050 Total cost: 1.6245334336417727e-05
9060 Total cost: 1.0799923984450288e-05
9070 Total cost: 1.4724736502103042e-05
9080 Total cost: 9.62817830441054e-06
9090 Total cost: 3.3512849313410698e-06
9100 Total cost: 6.064763965696329e-06
9110 Total cost: 5.965236596239265e-06
9120 Total cost: 8.420790436503012e-06
9130 Total cost: 1.4945004295441322e-05
9140 Total cost: 4.5146766751713585e-06
9150 Total cost: 3.4653794500627555e-06
9160 Total cost: 3.158537765557412e-06
9170 Total cost: 2.779490387183614e-06
9180 Total cost: 6.064416083972901e-06
9190 Total cost: 5.047623744758312e-06
9200 Total cost: 3.1481786209042184e-06
9210 Total cost: 4.59075909020612e-06
9220 Total cost: 3.371966840859386e-06
9230 Total cost: 3.906335223291535e-06
9240 Total cost: 5.328167844709242e-06
9250 Total cost: 3.1953056804923108e-06
9260 Total cost: 3.29491263073578e-06
9270 Total cost: 5.307968422130216e-06
9280 Total cost: 9.6469848358538e-06
9290 Total cost: 6.383865638781572e-06
9300 Total cost: 5.488479473569896e-06
9310 Total cost: 5.3570952331938315e-06
9320 Total cost: 1.0887275493587367e-05
9330 Total cost: 7.093958174664294e-06
9340 Total cost: 4.381481176096713e-06
9350 Total cost: 5.6780377235554624e-06
9360 Total cost: 3.5870734791387804e-06
9370 Total cost: 3.1187064450932667e-06
9380 Total cost: 4.826374151889468e-06
9390 Total cost: 6.154475613584509e-06
9400 Total cost: 4.413893748278497e-06
9410 Total cost: 4.261175490682945e-06
9420 Total cost: 3.7513509596465155e-06
9430 Total cost: 3.407196345506236e-06
9440 Total cost: 3.496558292681584e-06
9450 Total cost: 6.7544870034907945e-06
9460 Total cost: 6.7850751293008216e-06
9470 Total cost: 4.050711140735075e-06
9480 Total cost: 4.016173534182599e-06
9490 Total cost: 5.4999131862132344e-06
9500 Total cost: 5.0494750212237705e-06
9510 Total cost: 7.87207954999758e-06
9520 Total cost: 4.125407031096984e-06
9530 Total cost: 7.80618120188592e-06
9540 Total cost: 4.253613042237703e-06
9550 Total cost: 8.363123015442397e-06
9560 Total cost: 7.1832723733677994e-06
9570 Total cost: 1.3641994883073494e-05
9580 Total cost: 4.748052560898941e-06
9590 Total cost: 8.125761269184295e-06
9600 Total cost: 8.274950232589617e-06
9610 Total cost: 6.863489034003578e-06
9620 Total cost: 7.501414074795321e-06
9630 Total cost: 1.2756294381688349e-05
9640 Total cost: 9.194248377752956e-06
9650 Total cost: 5.246677119430387e-06
9660 Total cost: 7.683423973503523e-06
9670 Total cost: 6.727032541675726e-06
9680 Total cost: 2.189801489294041e-05
9690 Total cost: 9.387696081830654e-06
9700 Total cost: 9.386814781464636e-06
9710 Total cost: 5.2216314543329645e-06
9720 Total cost: 6.8343010752869304e-06
9730 Total cost: 4.19515117755509e-06
9740 Total cost: 3.3997223454207415e-06
9750 Total cost: 3.888539595209295e-06
9760 Total cost: 5.085623797640437e-06
9770 Total cost: 3.962158189096954e-06
9780 Total cost: 3.118050926786964e-06
9790 Total cost: 7.031355380604509e-06
9800 Total cost: 6.280701200012118e-06
9810 Total cost: 3.055150727959699e-06
9820 Total cost: 2.7166036034032004e-06
9830 Total cost: 3.327415015519364e-06
9840 Total cost: 4.295823146094335e-06
9850 Total cost: 4.531220383796608e-06
9860 Total cost: 9.276497621613089e-06
9870 Total cost: 5.26926532984362e-06
9880 Total cost: 6.402795406756923e-06
9890 Total cost: 1.3971231965115294e-05
9900 Total cost: 4.123662165511632e-06
9910 Total cost: 4.620690560841467e-06
9920 Total cost: 6.717120868415805e-06
9930 Total cost: 3.349297230670345e-06
9940 Total cost: 3.1219740321830614e-06
9950 Total cost: 4.597010956786107e-06
9960 Total cost: 2.5591311896278057e-06
9970 Total cost: 3.514980789987021e-06
9980 Total cost: 4.736242317449069e-06
9990 Total cost: 6.054430741642136e-06
Calculating RMSE; trajectory: 1
Calculating RMSE; trajectory: 2
Calculating RMSE; trajectory: 3
Calculating RMSE; trajectory: 4
Calculating RMSE; trajectory: 5
Calculating RMSE; trajectory: 6
Calculating RMSE; trajectory: 7
Calculating RMSE; trajectory: 8
Calculating RMSE; trajectory: 9
Calculating dynamic time warping distance; trajectory: 1
Calculating dynamic time warping distance; trajectory: 2
Calculating dynamic time warping distance; trajectory: 3
Calculating dynamic time warping distance; trajectory: 4
Calculating dynamic time warping distance; trajectory: 5
Calculating dynamic time warping distance; trajectory: 6
Calculating dynamic time warping distance; trajectory: 7
Calculating dynamic time warping distance; trajectory: 8
Calculating dynamic time warping distance; trajectory: 9
Calculating Frechet distance; trajectory: 1
Calculating Frechet distance; trajectory: 2
Calculating Frechet distance; trajectory: 3
Calculating Frechet distance; trajectory: 4
Calculating Frechet distance; trajectory: 5
Calculating Frechet distance; trajectory: 6
Calculating Frechet distance; trajectory: 7
Calculating Frechet distance; trajectory: 8
Calculating Frechet distance; trajectory: 9
Saving image to ./results/1st_order_R3S3_sweep_16may/5/images/primitive_0_iter_10000.pdf...
Metrics sum: 0.13270719679114779 ; Number of unsuccessful trajectories: 0
10000 Total cost: 3.5813764043268748e-06
10010 Total cost: 8.018541848286986e-06
10020 Total cost: 8.886962859833147e-06
10030 Total cost: 3.7543309190368745e-06
10040 Total cost: 3.5354862575331936e-06
10050 Total cost: 6.421167654480087e-06
10060 Total cost: 7.260717666213168e-06
10070 Total cost: 1.1424684089433867e-05
10080 Total cost: 9.963773663912434e-06
10090 Total cost: 8.971948773250915e-06
10100 Total cost: 5.687052180292085e-06
10110 Total cost: 6.611294793401612e-06
10120 Total cost: 5.22354275744874e-06
10130 Total cost: 9.05553315533325e-06
10140 Total cost: 4.226372766424902e-06
10150 Total cost: 2.8451615889935056e-06
10160 Total cost: 7.445834398822626e-06
10170 Total cost: 3.4749132282740902e-06
10180 Total cost: 3.307111001049634e-06
10190 Total cost: 5.723040430893889e-06
10200 Total cost: 1.1076816008426249e-05
10210 Total cost: 9.29246743908152e-06
10220 Total cost: 1.5127218830457423e-05
10230 Total cost: 5.5115842769737355e-06
10240 Total cost: 3.5088871754851425e-06
10250 Total cost: 5.6493236115784384e-06
10260 Total cost: 8.575540960009675e-06
10270 Total cost: 3.728947376657743e-06
10280 Total cost: 4.253376118867891e-06
10290 Total cost: 2.4337446120625827e-06
10300 Total cost: 5.151168807060458e-06
10310 Total cost: 6.776411282771733e-06
10320 Total cost: 3.33312004840991e-06
10330 Total cost: 5.399374003900448e-06
10340 Total cost: 4.407781943882583e-06
10350 Total cost: 4.614354566001566e-06
10360 Total cost: 5.516184955922654e-06
10370 Total cost: 2.1022742657805793e-06
10380 Total cost: 4.11814653489273e-06
10390 Total cost: 5.915208021178842e-06
10400 Total cost: 2.9779787382722134e-06
10410 Total cost: 1.1820064173662104e-05
10420 Total cost: 3.978785571234766e-06
10430 Total cost: 5.014958333049435e-06
10440 Total cost: 6.056693564460147e-06
10450 Total cost: 3.418725327719585e-06
10460 Total cost: 3.143832373098121e-06
10470 Total cost: 5.235931894276291e-06
10480 Total cost: 5.757121925853426e-06
10490 Total cost: 3.890958851116011e-06
10500 Total cost: 4.662712854042184e-06
10510 Total cost: 5.662262992700562e-06
10520 Total cost: 8.9449576989864e-06
10530 Total cost: 4.4120201891928446e-06
10540 Total cost: 1.1924407772312406e-05
10550 Total cost: 3.832639777101576e-06
10560 Total cost: 6.672475137747824e-06
10570 Total cost: 6.526398465211969e-06
10580 Total cost: 2.550142198742833e-06
10590 Total cost: /home/khw/Projects/pumafabrics/pumafabrics/puma_adapted/evaluation/evaluate_nd.py:20: VisibleDeprecationWarning: Creating an ndarray from ragged nested sequences (which is a list-or-tuple of lists-or-tuples-or ndarrays with different lengths or shapes) is deprecated. If you meant to do this, you must specify 'dtype=object' when creating the ndarray.
  delta_t_history = np.array(self.delta_t_eval)
7.177345651143696e-06
10600 Total cost: 6.8841873144265264e-06
10610 Total cost: 2.238900833617663e-06
10620 Total cost: 4.057053956785239e-06
10630 Total cost: 9.947239959728904e-06
10640 Total cost: 6.191938609845238e-06
10650 Total cost: 7.3745700319705065e-06
10660 Total cost: 6.502409632958006e-06
10670 Total cost: 4.51614960184088e-06
10680 Total cost: 3.4016645713563776e-06
10690 Total cost: 3.986845058534527e-06
10700 Total cost: 7.484594334528083e-06
10710 Total cost: 3.03779165733431e-06
10720 Total cost: 6.080702405597549e-06
10730 Total cost: 2.8813863082177704e-06
10740 Total cost: 2.2658093712379923e-06
10750 Total cost: 2.8435460990294814e-06
10760 Total cost: 8.181808880181052e-06
10770 Total cost: 3.1374181617138674e-06
10780 Total cost: 2.320312887604814e-06
10790 Total cost: 4.992288268113043e-06
10800 Total cost: 4.228353645885363e-06
10810 Total cost: 5.920061994402204e-06
10820 Total cost: 4.845797775487881e-06
10830 Total cost: 2.9347486361075426e-06
10840 Total cost: 3.48874846167746e-06
10850 Total cost: 2.5214001198037295e-06
10860 Total cost: 4.952423296344932e-06
10870 Total cost: 3.548279437382007e-06
10880 Total cost: 3.5691261928150197e-06
10890 Total cost: 9.484006113780197e-06
10900 Total cost: 7.183065008575795e-06
10910 Total cost: 1.1147884833917487e-05
10920 Total cost: 4.612057182384888e-06
10930 Total cost: 5.9381227401900105e-06
10940 Total cost: 3.7475106182682794e-06
10950 Total cost: 6.65133256916306e-06
10960 Total cost: 8.953147698775865e-06
10970 Total cost: 5.7829888646665495e-06
10980 Total cost: 1.604285353096202e-05
10990 Total cost: 4.1164598769682925e-06
Calculating RMSE; trajectory: 1
Calculating RMSE; trajectory: 2
Calculating RMSE; trajectory: 3
Calculating RMSE; trajectory: 4
Calculating RMSE; trajectory: 5
Calculating RMSE; trajectory: 6
Calculating RMSE; trajectory: 7
Calculating RMSE; trajectory: 8
Calculating RMSE; trajectory: 9
Calculating dynamic time warping distance; trajectory: 1
Calculating dynamic time warping distance; trajectory: 2
Calculating dynamic time warping distance; trajectory: 3
Calculating dynamic time warping distance; trajectory: 4
Calculating dynamic time warping distance; trajectory: 5
Calculating dynamic time warping distance; trajectory: 6
Calculating dynamic time warping distance; trajectory: 7
Calculating dynamic time warping distance; trajectory: 8
Calculating dynamic time warping distance; trajectory: 9
Calculating Frechet distance; trajectory: 1
Calculating Frechet distance; trajectory: 2
Calculating Frechet distance; trajectory: 3
Calculating Frechet distance; trajectory: 4
Calculating Frechet distance; trajectory: 5
Calculating Frechet distance; trajectory: 6
Calculating Frechet distance; trajectory: 7
Calculating Frechet distance; trajectory: 8
Calculating Frechet distance; trajectory: 9
Saving image to ./results/1st_order_R3S3_sweep_16may/5/images/primitive_0_iter_11000.pdf...
Metrics sum: 0.3761719528975073 ; Number of unsuccessful trajectories: 1
11000 Total cost: 5.9278063417878e-06
11010 Total cost: 2.9927709874755237e-06
11020 Total cost: 3.897699571098201e-06
11030 Total cost: 6.826926437497605e-06
11040 Total cost: 1.291457283514319e-05
11050 Total cost: 8.950056326284539e-06
11060 Total cost: 1.0020661648013629e-05
11070 Total cost: 5.666244305757573e-06
11080 Total cost: 5.258865712676197e-06
11090 Total cost: 8.87936130311573e-06
11100 Total cost: 7.003699920460349e-06
11110 Total cost: 1.5486102711292915e-05
11120 Total cost: 6.626575213886099e-06
11130 Total cost: 4.095654730917886e-06
11140 Total cost: 2.94842629955383e-06
11150 Total cost: 5.601624707196606e-06
11160 Total cost: 9.300078090745956e-06
11170 Total cost: 1.5646995962015353e-05
11180 Total cost: 8.422517566941679e-06
11190 Total cost: 9.431121725356206e-06
11200 Total cost: 3.6871599604637595e-06
11210 Total cost: 4.087239631189732e-06
11220 Total cost: 7.971802915562876e-06
11230 Total cost: 7.19435320206685e-06
11240 Total cost: 6.401312930393033e-06
11250 Total cost: 3.1669874260842334e-06
11260 Total cost: 3.3120220450655324e-06
11270 Total cost: 6.21042272541672e-06
11280 Total cost: 3.4167073863500264e-06
11290 Total cost: 6.155734808999114e-06
11300 Total cost: 8.449150300293695e-06
11310 Total cost: 2.377217924731667e-06
11320 Total cost: 7.933162123663351e-06
11330 Total cost: 2.971463118228712e-06
11340 Total cost: 4.153021109232213e-06
11350 Total cost: 4.02451541958726e-06
11360 Total cost: 5.916775990044698e-06
11370 Total cost: 9.231589501723647e-06
11380 Total cost: 7.996994099812582e-06
11390 Total cost: 5.526177119463682e-06
11400 Total cost: 5.722770765714813e-06
11410 Total cost: 5.993701051920652e-06
11420 Total cost: 3.6399612781679025e-06
11430 Total cost: 3.646277036750689e-06
11440 Total cost: 4.291566710890038e-06
11450 Total cost: 6.150083663669648e-06
11460 Total cost: 1.1407492820580956e-05
11470 Total cost: 5.375193723011762e-06
11480 Total cost: 2.591623115222319e-06
11490 Total cost: 3.9100495996535756e-06
11500 Total cost: 4.9485406634630635e-06
11510 Total cost: 3.228310561098624e-06
11520 Total cost: 7.804561391822062e-06
11530 Total cost: 4.091215487278532e-06
11540 Total cost: 8.44578244141303e-06
11550 Total cost: 8.591449841333088e-06
11560 Total cost: 3.928450951207196e-06
11570 Total cost: 2.6949610401061364e-06
11580 Total cost: 4.2492160901019815e-06
11590 Total cost: 6.178257990541169e-06
11600 Total cost: 2.275495035064523e-06
11610 Total cost: 4.275510036677588e-06
11620 Total cost: 4.924184850096935e-06
11630 Total cost: 6.5578337853366975e-06
11640 Total cost: 7.603610811202088e-06
11650 Total cost: 6.0982952163612936e-06
11660 Total cost: 9.94177480606595e-06
11670 Total cost: 2.8693752938124817e-06
11680 Total cost: 4.116406216780888e-06
11690 Total cost: 4.850339337281184e-06
11700 Total cost: 8.139468263834715e-06
11710 Total cost: 9.25535823625978e-06
11720 Total cost: 3.01659997603565e-06
11730 Total cost: 3.2205800835072296e-06
11740 Total cost: 3.794935309997527e-06
11750 Total cost: 2.8168096832814626e-06
11760 Total cost: 5.595446964434814e-06
11770 Total cost: 4.24978452429059e-06
11780 Total cost: 2.5744614049472148e-06
11790 Total cost: 1.0785738595586736e-05
11800 Total cost: 6.880071850901004e-06
11810 Total cost: 5.582547146332217e-06
11820 Total cost: 5.875456281501101e-06
11830 Total cost: 5.296695690049091e-06
11840 Total cost: 8.356305443157908e-06
11850 Total cost: 3.938869213016005e-06
11860 Total cost: 6.3880097513902e-06
11870 Total cost: 5.5791419981687795e-06
11880 Total cost: 4.240655471221544e-06
11890 Total cost: 8.058231287577655e-06
11900 Total cost: 5.483429504238302e-06
11910 Total cost: 3.0042381240491522e-06
11920 Total cost: 2.5331987671961542e-06
11930 Total cost: 4.379229721962474e-06
11940 Total cost: 9.830468115978874e-06
11950 Total cost: 4.7529892981401645e-06
11960 Total cost: 2.2981826077739242e-06
11970 Total cost: 6.725138518959284e-06
11980 Total cost: 2.8523306809802307e-06
11990 Total cost: 2.560680968599627e-06
Calculating RMSE; trajectory: 1
Calculating RMSE; trajectory: 2
Calculating RMSE; trajectory: 3
Calculating RMSE; trajectory: 4
Calculating RMSE; trajectory: 5
Calculating RMSE; trajectory: 6
Calculating RMSE; trajectory: 7
Calculating RMSE; trajectory: 8
Calculating RMSE; trajectory: 9
Calculating dynamic time warping distance; trajectory: 1
Calculating dynamic time warping distance; trajectory: 2
Calculating dynamic time warping distance; trajectory: 3
Calculating dynamic time warping distance; trajectory: 4
Calculating dynamic time warping distance; trajectory: 5
Calculating dynamic time warping distance; trajectory: 6
Calculating dynamic time warping distance; trajectory: 7
Calculating dynamic time warping distance; trajectory: 8
Calculating dynamic time warping distance; trajectory: 9
Calculating Frechet distance; trajectory: 1
Calculating Frechet distance; trajectory: 2
Calculating Frechet distance; trajectory: 3
Calculating Frechet distance; trajectory: 4
Calculating Frechet distance; trajectory: 5
Calculating Frechet distance; trajectory: 6
Calculating Frechet distance; trajectory: 7
Calculating Frechet distance; trajectory: 8
/home/khw/Projects/pumafabrics/pumafabrics/puma_adapted/evaluation/evaluate_nd.py:20: VisibleDeprecationWarning: Creating an ndarray from ragged nested sequences (which is a list-or-tuple of lists-or-tuples-or ndarrays with different lengths or shapes) is deprecated. If you meant to do this, you must specify 'dtype=object' when creating the ndarray.
  delta_t_history = np.array(self.delta_t_eval)
/home/khw/Projects/pumafabrics/pumafabrics/puma_adapted/evaluation/evaluate_nd.py:20: VisibleDeprecationWarning: Creating an ndarray from ragged nested sequences (which is a list-or-tuple of lists-or-tuples-or ndarrays with different lengths or shapes) is deprecated. If you meant to do this, you must specify 'dtype=object' when creating the ndarray.
  delta_t_history = np.array(self.delta_t_eval)
Calculating Frechet distance; trajectory: 9
Saving image to ./results/1st_order_R3S3_sweep_16may/5/images/primitive_0_iter_12000.pdf...
Metrics sum: 0.12536362826778066 ; Number of unsuccessful trajectories: 0
12000 Total cost: 5.575312115979614e-06
12010 Total cost: 2.406516159680905e-06
12020 Total cost: 3.4904066978924675e-06
12030 Total cost: 6.042843324394198e-06
12040 Total cost: 4.455624548427295e-06
12050 Total cost: 4.606916263583116e-06
12060 Total cost: 9.779903848539107e-06
12070 Total cost: 6.466642389568733e-06
12080 Total cost: 8.47352475830121e-06
12090 Total cost: 7.310364253498847e-06
12100 Total cost: 4.475438345252769e-06
12110 Total cost: 3.0368571515282383e-06
12120 Total cost: 8.308908036269713e-06
12130 Total cost: 2.3843911094445502e-06
12140 Total cost: 6.3234424487745855e-06
12150 Total cost: 3.058290303670219e-06
12160 Total cost: 1.010727555694757e-05
12170 Total cost: 2.6418608740641503e-06
12180 Total cost: 2.374267069171765e-06
12190 Total cost: 1.797223262656189e-06
12200 Total cost: 4.024340341857169e-06
12210 Total cost: 2.6519576294958824e-06
12220 Total cost: 3.989229753642576e-06
12230 Total cost: 4.9771711019275244e-06
12240 Total cost: 6.433569524233462e-06
12250 Total cost: 2.2917661226529162e-06
12260 Total cost: 9.853784831648227e-06
12270 Total cost: 8.475743015878834e-06
12280 Total cost: 6.065973138902336e-06
12290 Total cost: 1.665327545197215e-05
12300 Total cost: 3.161008862662129e-06
12310 Total cost: 1.0042506801255513e-05
12320 Total cost: 4.4191938286530785e-06
12330 Total cost: 3.952889983338537e-06
12340 Total cost: 7.79648053139681e-06
12350 Total cost: 8.312669706356246e-06
12360 Total cost: 3.89362594432896e-06
12370 Total cost: 4.30907084592036e-06
12380 Total cost: 8.54683094075881e-06
12390 Total cost: 9.22021808946738e-06
12400 Total cost: 7.047305643936852e-06
12410 Total cost: 3.968838427681476e-06
12420 Total cost: 3.093285386057687e-06
12430 Total cost: 2.12831650969747e-06
12440 Total cost: 4.261297817720333e-06
12450 Total cost: 3.1856834539212286e-06
12460 Total cost: 3.9150327211245894e-06
12470 Total cost: 3.0489566142932745e-06
12480 Total cost: 9.373708053317387e-06
12490 Total cost: 8.280292604467832e-06
12500 Total cost: 6.007107003824785e-06
12510 Total cost: 2.4592304725956637e-06
12520 Total cost: 8.053877536440268e-06
12530 Total cost: 9.461845365876798e-06
12540 Total cost: 3.8919661164982244e-06
12550 Total cost: 5.9951948969683144e-06
12560 Total cost: 2.84081625068211e-06
12570 Total cost: 6.499056325992569e-06
12580 Total cost: 6.078401384002063e-06
12590 Total cost: 4.3295349314576015e-06
12600 Total cost: 4.782501491717994e-06
12610 Total cost: 1.6456658613606123e-06
12620 Total cost: 3.987839590990916e-06
12630 Total cost: 5.284921371639939e-06
12640 Total cost: 7.891731911513489e-06
12650 Total cost: 4.315758815209847e-06
12660 Total cost: 5.347725618776167e-06
12670 Total cost: 7.249931513797492e-06
12680 Total cost: 1.1267256013525184e-05
12690 Total cost: 4.359535068942932e-06
12700 Total cost: 6.255251264519757e-06
12710 Total cost: 1.1920569704670925e-05
12720 Total cost: 1.1350742170179728e-05
12730 Total cost: 6.172865141707007e-06
12740 Total cost: 6.3385746216226835e-06
12750 Total cost: 3.1455701900995336e-06
12760 Total cost: 6.183390723890625e-06
12770 Total cost: 5.3762564675707836e-06
12780 Total cost: 4.532131242740434e-06
12790 Total cost: 4.9377608775103e-06
12800 Total cost: 3.978598670073552e-06
12810 Total cost: 4.778688889928162e-06
12820 Total cost: 1.0005008334701415e-05
12830 Total cost: 3.441898115852382e-06
12840 Total cost: 3.5416210266703274e-06
12850 Total cost: 2.2738531697541475e-06
12860 Total cost: 6.216387646418298e-06
12870 Total cost: 4.950783477397636e-06
12880 Total cost: 4.255916337569943e-06
12890 Total cost: 1.9710705601028167e-05
12900 Total cost: 3.2341497444576817e-06
12910 Total cost: 3.2611580991215305e-06
12920 Total cost: 6.579701221198775e-06
12930 Total cost: 2.8014183044433594e-06
12940 Total cost: 5.009831511415541e-06
12950 Total cost: 6.830760412412928e-06
12960 Total cost: 4.564289611153072e-06
12970 Total cost: 2.9729253583354875e-06
12980 Total cost: 2.1443863715830958e-06
12990 Total cost: 2.9866384920751443e-06
Calculating RMSE; trajectory: 1
Calculating RMSE; trajectory: 2
Calculating RMSE; trajectory: 3
Calculating RMSE; trajectory: 4
Calculating RMSE; trajectory: 5
Calculating RMSE; trajectory: 6
Calculating RMSE; trajectory: 7
Calculating RMSE; trajectory: 8
Calculating RMSE; trajectory: 9
Calculating dynamic time warping distance; trajectory: 1
Calculating dynamic time warping distance; trajectory: 2
Calculating dynamic time warping distance; trajectory: 3
Calculating dynamic time warping distance; trajectory: 4
Calculating dynamic time warping distance; trajectory: 5
Calculating dynamic time warping distance; trajectory: 6
Calculating dynamic time warping distance; trajectory: 7
Calculating dynamic time warping distance; trajectory: 8
Calculating dynamic time warping distance; trajectory: 9
Calculating Frechet distance; trajectory: 1
Calculating Frechet distance; trajectory: 2
Calculating Frechet distance; trajectory: 3
Calculating Frechet distance; trajectory: 4
Calculating Frechet distance; trajectory: 5
Calculating Frechet distance; trajectory: 6
Calculating Frechet distance; trajectory: 7
Calculating Frechet distance; trajectory: 8
Calculating Frechet distance; trajectory: 9
Saving image to ./results/1st_order_R3S3_sweep_16may/5/images/primitive_0_iter_13000.pdf...
Metrics sum: 0.16998497759056883 ; Number of unsuccessful trajectories: 0
13000 Total cost: 4.623954282578779e-06
13010 Total cost: 2.1463724806380924e-06
13020 Total cost: 3.0942314879212063e-06
13030 Total cost: 8.945451554609463e-06
13040 Total cost: 9.797113307286054e-06
13050 Total cost: 7.465077032975387e-06
13060 Total cost: 2.102365442624432e-06
13070 Total cost: 2.576213319116505e-06
13080 Total cost: 7.741738045297097e-06
13090 Total cost: 7.427598575304728e-06
13100 Total cost: 6.147593467176193e-06
13110 Total cost: 4.354873908596346e-06
13120 Total cost: 4.368292593426304e-06
13130 Total cost: 4.2755514186865184e-06
13140 Total cost: 6.721239060425432e-06
13150 Total cost: 4.74802618555259e-06
13160 Total cost: 9.42712722462602e-06
13170 Total cost: 4.355451437731972e-06
13180 Total cost: 4.4217690629011486e-06
13190 Total cost: 4.997432370146271e-06
13200 Total cost: 7.615170943608973e-06
13210 Total cost: 3.5499731438903837e-06
13220 Total cost: 4.273497324902564e-06
13230 Total cost: 8.341738976014312e-06
13240 Total cost: 2.4819803456921363e-06
13250 Total cost: 5.5590953706996515e-06
13260 Total cost: 3.561862286005635e-06
13270 Total cost: 2.802120889100479e-06
13280 Total cost: 1.9459728264337173e-06
13290 Total cost: 1.3521123946702573e-05
13300 Total cost: 3.715560296768672e-06
13310 Total cost: 3.1619802030036226e-06
13320 Total cost: 2.9579387046396732e-06
13330 Total cost: 4.286548119125655e-06
13340 Total cost: 8.688807611179072e-06
13350 Total cost: 4.834631454286864e-06
13360 Total cost: 3.115338813586277e-06
13370 Total cost: 5.838262950419448e-06
13380 Total cost: 2.403347934887279e-06
13390 Total cost: 5.559209512284724e-06
13400 Total cost: 3.849573204206536e-06
13410 Total cost: 3.3935166356968693e-06
13420 Total cost: 2.263582928208052e-06
13430 Total cost: 9.9929457064718e-06
13440 Total cost: 6.012350240780506e-06
13450 Total cost: 2.557469315433991e-06
13460 Total cost: 1.1532953067217022e-05
13470 Total cost: 4.126106432522647e-06
13480 Total cost: 5.4204397201829124e-06
13490 Total cost: 7.50450726627605e-06
13500 Total cost: 3.587034370866604e-06
13510 Total cost: 5.005033926863689e-06
13520 Total cost: 9.599237273505423e-06
13530 Total cost: 3.7828992844879394e-06
13540 Total cost: 4.032588094560197e-06
13550 Total cost: 8.723226528672967e-06
13560 Total cost: 3.989112883573398e-06
13570 Total cost: 2.9917309802840464e-06
13580 Total cost: 8.348726623808034e-06
13590 Total cost: 9.033899004862178e-06
13600 Total cost: 9.693793799669947e-06
13610 Total cost: 6.952403055038303e-06
13620 Total cost: 9.161913112620823e-06
13630 Total cost: 4.706266736320686e-06
13640 Total cost: /home/khw/Projects/pumafabrics/pumafabrics/puma_adapted/evaluation/evaluate_nd.py:20: VisibleDeprecationWarning: Creating an ndarray from ragged nested sequences (which is a list-or-tuple of lists-or-tuples-or ndarrays with different lengths or shapes) is deprecated. If you meant to do this, you must specify 'dtype=object' when creating the ndarray.
  delta_t_history = np.array(self.delta_t_eval)
/home/khw/Projects/pumafabrics/pumafabrics/puma_adapted/evaluation/evaluate_nd.py:20: VisibleDeprecationWarning: Creating an ndarray from ragged nested sequences (which is a list-or-tuple of lists-or-tuples-or ndarrays with different lengths or shapes) is deprecated. If you meant to do this, you must specify 'dtype=object' when creating the ndarray.
  delta_t_history = np.array(self.delta_t_eval)
4.482687018025899e-06
13650 Total cost: 3.3685416838125093e-06
13660 Total cost: 5.471528311318252e-06
13670 Total cost: 3.936662778869504e-06
13680 Total cost: 3.0506300845445367e-06
13690 Total cost: 4.192608230368933e-06
13700 Total cost: 2.8888744054711424e-06
13710 Total cost: 6.828942787251435e-06
13720 Total cost: 2.807819100780762e-06
13730 Total cost: 5.358764610718936e-06
13740 Total cost: 6.3940601648937445e-06
13750 Total cost: 2.9864067982998677e-06
13760 Total cost: 1.495681431151752e-06
13770 Total cost: 3.4098241030733334e-06
13780 Total cost: 8.881042958819307e-06
13790 Total cost: 4.555812211037846e-06
13800 Total cost: 4.4074181460018735e-06
13810 Total cost: 6.1816863308195025e-06
13820 Total cost: 3.3784260722313775e-06
13830 Total cost: 2.287698407599237e-06
13840 Total cost: 1.955289008037653e-06
13850 Total cost: 8.084779437922407e-06
13860 Total cost: 1.1736314263544045e-05
13870 Total cost: 3.4896847864729352e-06
13880 Total cost: 5.730493739974918e-06
13890 Total cost: 5.0831913540605456e-06
13900 Total cost: 4.0860072658688296e-06
13910 Total cost: 4.719764547189698e-06
13920 Total cost: 1.2821206837543286e-05
13930 Total cost: 4.7804578571231104e-06
13940 Total cost: 1.0932741133728996e-05
13950 Total cost: 2.1125931652932195e-06
13960 Total cost: 1.5599536709487438e-05
13970 Total cost: 1.2425767636159435e-05
13980 Total cost: 1.3546168702305295e-05
13990 Total cost: 5.547869932343019e-06
Calculating RMSE; trajectory: 1
Calculating RMSE; trajectory: 2
Calculating RMSE; trajectory: 3
Calculating RMSE; trajectory: 4
Calculating RMSE; trajectory: 5
Calculating RMSE; trajectory: 6
Calculating RMSE; trajectory: 7
Calculating RMSE; trajectory: 8
Calculating RMSE; trajectory: 9
Calculating dynamic time warping distance; trajectory: 1
Calculating dynamic time warping distance; trajectory: 2
Calculating dynamic time warping distance; trajectory: 3
Calculating dynamic time warping distance; trajectory: 4
Calculating dynamic time warping distance; trajectory: 5
Calculating dynamic time warping distance; trajectory: 6
Calculating dynamic time warping distance; trajectory: 7
Calculating dynamic time warping distance; trajectory: 8
Calculating dynamic time warping distance; trajectory: 9
Calculating Frechet distance; trajectory: 1
Calculating Frechet distance; trajectory: 2
Calculating Frechet distance; trajectory: 3
Calculating Frechet distance; trajectory: 4
Calculating Frechet distance; trajectory: 5
Calculating Frechet distance; trajectory: 6
Calculating Frechet distance; trajectory: 7
Calculating Frechet distance; trajectory: 8
Calculating Frechet distance; trajectory: 9
Saving image to ./results/1st_order_R3S3_sweep_16may/5/images/primitive_0_iter_14000.pdf...
Metrics sum: 0.1229891987168164 ; Number of unsuccessful trajectories: 0
14000 Total cost: 5.980303740216186e-06
14010 Total cost: 4.446415914571844e-06
14020 Total cost: 8.575952051614877e-06
14030 Total cost: 9.28790177567862e-06
14040 Total cost: 5.450770458992338e-06
14050 Total cost: 9.817083082452882e-06
14060 Total cost: 2.2559872832061956e-06
14070 Total cost: 1.258262727787951e-05
14080 Total cost: 4.582564542943146e-06
14090 Total cost: 1.3525747817766387e-05
14100 Total cost: 2.7790858894150006e-06
14110 Total cost: 7.300477136595873e-06
14120 Total cost: 6.804054464737419e-06
14130 Total cost: 2.6664126835385105e-06
14140 Total cost: 3.361674544066773e-06
14150 Total cost: 9.827557732933201e-06
14160 Total cost: 2.623048885652679e-06
14170 Total cost: 2.929707761722966e-06
14180 Total cost: 9.425927601114381e-06
14190 Total cost: 5.708112439606339e-06
14200 Total cost: 9.98093582893489e-06
14210 Total cost: 2.5129049845418194e-06
14220 Total cost: 4.658741090679541e-06
14230 Total cost: 3.5743094031204237e-06
14240 Total cost: 9.233461241819896e-06
14250 Total cost: 6.385299457178917e-06
14260 Total cost: 5.221258561505238e-06
14270 Total cost: 6.870659490232356e-06
14280 Total cost: 4.016849743493367e-06
14290 Total cost: 1.0668181857909076e-05
14300 Total cost: 6.559682333318051e-06
14310 Total cost: 5.5886907830426935e-06
14320 Total cost: 3.25925202560029e-06
14330 Total cost: 5.848485216120025e-06
14340 Total cost: 2.6782252007251373e-06
14350 Total cost: 6.672625659120968e-06
14360 Total cost: 6.403758106898749e-06
14370 Total cost: 5.820499609399121e-06
14380 Total cost: 7.438393367920071e-06
14390 Total cost: 5.080943992652465e-06
14400 Total cost: 3.7058055113448063e-06
14410 Total cost: 1.0134923286386766e-05
14420 Total cost: 4.802247531188186e-06
14430 Total cost: 3.4333181702095317e-06
14440 Total cost: 8.604913091403432e-06
14450 Total cost: 1.7813847080105916e-05
14460 Total cost: 9.071497515833471e-06
14470 Total cost: 3.483515001789783e-06
14480 Total cost: 2.046040208369959e-06
14490 Total cost: 3.5351852147869067e-06
14500 Total cost: 2.6768248062580824e-06
14510 Total cost: 5.6351163948420435e-06
14520 Total cost: 8.959172191680409e-06
14530 Total cost: 4.66785104435985e-06
14540 Total cost: 2.016339976762538e-06
14550 Total cost: 3.000418701049057e-06
14560 Total cost: 4.1607668208598625e-06
14570 Total cost: 6.4092005231941584e-06
14580 Total cost: 3.01191653306887e-06
14590 Total cost: 3.841220404865453e-06
14600 Total cost: 1.3330562978808302e-05
14610 Total cost: 3.092194674536586e-06
14620 Total cost: 1.8637025505086058e-06
14630 Total cost: 1.919820988405263e-06
14640 Total cost: 3.6163514778309036e-06
14650 Total cost: 3.6905935303366277e-06
14660 Total cost: 2.436122940707719e-06
14670 Total cost: 1.0120839760929812e-05
14680 Total cost: 7.263282896019518e-06
14690 Total cost: 4.6013237806619145e-06
14700 Total cost: 1.3643243619299028e-05
14710 Total cost: 2.7194625999982236e-06
14720 Total cost: 7.73918964114273e-06
14730 Total cost: 2.768158310573199e-06
14740 Total cost: 3.5320090319146402e-06
14750 Total cost: 1.4217041098163463e-05
14760 Total cost: 7.772685421514325e-06
14770 Total cost: 3.63624849342159e-06
14780 Total cost: 1.31746637634933e-05
14790 Total cost: 2.1579626263701357e-06
14800 Total cost: 1.7031030438374728e-05
14810 Total cost: 1.1931294466194231e-05
14820 Total cost: 1.05346625787206e-05
14830 Total cost: 3.1896236123429844e-06
14840 Total cost: 6.28004590907949e-06
14850 Total cost: 5.888592113478808e-06
14860 Total cost: 2.3119164325180463e-06
14870 Total cost: 1.4376638318935875e-05
14880 Total cost: 3.922139967471594e-06
14890 Total cost: 1.6448165069959941e-06
14900 Total cost: 7.460505457856925e-06
14910 Total cost: 5.565819265029859e-06
14920 Total cost: 4.577732852339977e-06
14930 Total cost: 4.455819180293474e-06
14940 Total cost: 6.896772447362309e-06
14950 Total cost: 7.380712759186281e-06
14960 Total cost: 3.3401288419554476e-06
14970 Total cost: 4.702678779722191e-06
14980 Total cost: 2.7918756586586824e-06
14990 Total cost: 7.695720341871493e-06
Calculating RMSE; trajectory: 1
Calculating RMSE; trajectory: 2
Calculating RMSE; trajectory: 3
Calculating RMSE; trajectory: 4
Calculating RMSE; trajectory: 5
Calculating RMSE; trajectory: 6
Calculating RMSE; trajectory: 7
Calculating RMSE; trajectory: 8
Calculating RMSE; trajectory: 9
Calculating dynamic time warping distance; trajectory: 1
Calculating dynamic time warping distance; trajectory: 2
Calculating dynamic time warping distance; trajectory: 3
Calculating dynamic time warping distance; trajectory: 4
Calculating dynamic time warping distance; trajectory: 5
Calculating dynamic time warping distance; trajectory: 6
Calculating dynamic time warping distance; trajectory: 7
Calculating dynamic time warping distance; trajectory: 8
Calculating dynamic time warping distance; trajectory: 9
Calculating Frechet distance; trajectory: 1
Calculating Frechet distance; trajectory: 2
Calculating Frechet distance; trajectory: 3
Calculating Frechet distance; trajectory: 4
Calculating Frechet distance; trajectory: 5
Calculating Frechet distance; trajectory: 6
Calculating Frechet distance; trajectory: 7
Calculating Frechet distance; trajectory: 8
Calculating Frechet distance; trajectory: 9
Saving image to ./results/1st_order_R3S3_sweep_16may/5/images/primitive_0_iter_15000.pdf...
Metrics sum: 0.11778448092859761 ; Number of unsuccessful trajectories: /home/khw/Projects/pumafabrics/pumafabrics/puma_adapted/evaluation/evaluate_nd.py:20: VisibleDeprecationWarning: Creating an ndarray from ragged nested sequences (which is a list-or-tuple of lists-or-tuples-or ndarrays with different lengths or shapes) is deprecated. If you meant to do this, you must specify 'dtype=object' when creating the ndarray.
  delta_t_history = np.array(self.delta_t_eval)
0
15000 Total cost: 2.3293423510040157e-06
15010 Total cost: 9.75330749497516e-06
15020 Total cost: 2.8853794447059045e-06
15030 Total cost: 1.0266009667248e-05
15040 Total cost: 4.325620466261171e-06
15050 Total cost: 5.3623220992449205e-06
15060 Total cost: 2.085919049932272e-06
15070 Total cost: 2.1002972516726004e-06
15080 Total cost: 3.6927001474396093e-06
15090 Total cost: 5.6543899518146645e-06
15100 Total cost: 6.635993031522958e-06
15110 Total cost: 1.2136429177189711e-05
15120 Total cost: 4.879611879005097e-06
15130 Total cost: 6.4080104493768886e-06
15140 Total cost: 1.1812481716333423e-05
15150 Total cost: 5.721406068914803e-06
15160 Total cost: 1.947223381648655e-06
15170 Total cost: 2.11159817808948e-06
15180 Total cost: 3.1684960504207993e-06
15190 Total cost: 4.10041229770286e-06
15200 Total cost: 1.6370153161915368e-06
15210 Total cost: 5.102303020976251e-06
15220 Total cost: 2.2994247501628706e-06
15230 Total cost: 2.915172217399231e-06
15240 Total cost: 6.092814146541059e-06
15250 Total cost: 5.790593604615424e-06
15260 Total cost: 6.3456718635279685e-06
15270 Total cost: 4.275857463653665e-06
15280 Total cost: 1.2732258255709894e-05
15290 Total cost: 3.6241312955098692e-06
15300 Total cost: 5.69033272768138e-06
15310 Total cost: 4.633924163499614e-06
15320 Total cost: 1.5966543287504464e-06
15330 Total cost: 2.750111889326945e-06
15340 Total cost: 6.507772013719659e-06
15350 Total cost: 6.011597633914789e-06
15360 Total cost: 2.743847289821133e-06
15370 Total cost: 6.411609319911804e-06
15380 Total cost: 1.3604078958451282e-05
15390 Total cost: 2.2515555428981315e-06
15400 Total cost: 9.037483323481865e-06
15410 Total cost: 7.926572834549006e-06
15420 Total cost: 4.409823759488063e-06
15430 Total cost: 4.411002464621561e-06
15440 Total cost: 4.151987923250999e-06
15450 Total cost: 4.543080194707727e-06
15460 Total cost: 9.154313374892808e-06
15470 Total cost: 8.41836845211219e-06
15480 Total cost: 4.046657977596624e-06
15490 Total cost: 1.2839692317356821e-05
15500 Total cost: 5.22270647707046e-06
15510 Total cost: 1.8679756976780482e-06
15520 Total cost: 4.61864510725718e-06
15530 Total cost: 2.9112347874615807e-06
15540 Total cost: 2.7703142677637516e-06
15550 Total cost: 2.215182121290127e-06
15560 Total cost: 2.845687049557455e-06
15570 Total cost: 2.4844428025971865e-06
15580 Total cost: 3.966077656514244e-06
15590 Total cost: 2.8841016046499135e-06
15600 Total cost: 4.089863068656996e-06
15610 Total cost: 5.717716703657061e-06
15620 Total cost: 5.161659373698058e-06
15630 Total cost: 3.0582934869016754e-06
15640 Total cost: 6.9685070229752455e-06
15650 Total cost: 3.4968811633007135e-06
15660 Total cost: 3.5344171465112595e-06
15670 Total cost: 6.990841939114034e-06
15680 Total cost: 5.151433015271323e-06
15690 Total cost: 2.642785148054827e-06
15700 Total cost: 6.091226623539114e-06
15710 Total cost: 1.2847825018980075e-05
15720 Total cost: 3.716460241776076e-06
15730 Total cost: 6.10783490628819e-06
15740 Total cost: 1.6987548860925017e-06
15750 Total cost: 2.472232381478534e-06
15760 Total cost: 5.971797236270504e-06
15770 Total cost: 1.0232191925751977e-05
15780 Total cost: 7.955685759952758e-06
15790 Total cost: 1.8119875676347874e-05
15800 Total cost: 9.063869583769701e-06
15810 Total cost: 1.3913372640672605e-05
15820 Total cost: 5.259709269012092e-06
15830 Total cost: 6.5861995608429424e-06
15840 Total cost: 3.855324393953197e-06
15850 Total cost: 2.799880121528986e-06
15860 Total cost: 4.158770934736822e-06
15870 Total cost: 5.969156518403906e-06
15880 Total cost: 3.5303035019751405e-06
15890 Total cost: 3.4085710467479657e-06
15900 Total cost: 2.2794761207478587e-06
15910 Total cost: 3.6375588479131693e-06
15920 Total cost: 2.2911492578714387e-06
15930 Total cost: 4.424163307703566e-06
15940 Total cost: 4.125572559132706e-06
15950 Total cost: 2.246210442535812e-06
15960 Total cost: 8.53789515531389e-06
15970 Total cost: 6.089366706873989e-06
15980 Total cost: 4.826603344554314e-06
15990 Total cost: 4.900239218841307e-06
Calculating RMSE; trajectory: 1
Calculating RMSE; trajectory: 2
Calculating RMSE; trajectory: 3
Calculating RMSE; trajectory: 4
Calculating RMSE; trajectory: 5
Calculating RMSE; trajectory: 6
Calculating RMSE; trajectory: 7
Calculating RMSE; trajectory: 8
Calculating RMSE; trajectory: 9
Calculating dynamic time warping distance; trajectory: 1
Calculating dynamic time warping distance; trajectory: 2
Calculating dynamic time warping distance; trajectory: 3
Calculating dynamic time warping distance; trajectory: 4
Calculating dynamic time warping distance; trajectory: 5
Calculating dynamic time warping distance; trajectory: 6
Calculating dynamic time warping distance; trajectory: 7
Calculating dynamic time warping distance; trajectory: 8
Calculating dynamic time warping distance; trajectory: 9
Calculating Frechet distance; trajectory: 1
Calculating Frechet distance; trajectory: 2
Calculating Frechet distance; trajectory: 3
Calculating Frechet distance; trajectory: 4
Calculating Frechet distance; trajectory: 5
Calculating Frechet distance; trajectory: 6
Calculating Frechet distance; trajectory: 7
Calculating Frechet distance; trajectory: 8
Calculating Frechet distance; trajectory: 9
Saving image to ./results/1st_order_R3S3_sweep_16may/5/images/primitive_0_iter_16000.pdf...
Metrics sum: 0.12081677232695108 ; Number of unsuccessful trajectories: 1
16000 Total cost: 2.309754563611932e-06
16010 Total cost: 7.455761078745127e-06
16020 Total cost: 5.800368398922728e-06
16030 Total cost: 5.7341521824127994e-06
16040 Total cost: 9.413271072844509e-06
16050 Total cost: 8.974497177405283e-06
16060 Total cost: 2.9149773581593763e-06
16070 Total cost: 5.789662736788159e-06
16080 Total cost: 5.899208645132603e-06
16090 Total cost: 5.612148925138172e-06
16100 Total cost: 5.5336977311526425e-06
16110 Total cost: 2.640162165334914e-06
16120 Total cost: 8.749346307013184e-06
16130 Total cost: 1.4596443179470953e-05
16140 Total cost: 2.816029109453666e-06
16150 Total cost: 3.715539378390531e-06
16160 Total cost: 7.11838447386981e-06
16170 Total cost: 2.887896926040412e-06
16180 Total cost: 4.795307177118957e-06
16190 Total cost: 3.493528538456303e-06
16200 Total cost: 3.3785793220886262e-06
16210 Total cost: 4.0177051232603844e-06
16220 Total cost: 2.8470053621276747e-06
16230 Total cost: 3.858910986309638e-06
16240 Total cost: 2.901336301874835e-06
16250 Total cost: 6.387638222804526e-06
16260 Total cost: 4.365102995507186e-06
16270 Total cost: 9.453060556552373e-06
16280 Total cost: 2.652842795214383e-06
16290 Total cost: 4.440659267856972e-06
16300 Total cost: 3.5890238905267324e-06
16310 Total cost: 2.9943093977635726e-06
16320 Total cost: 4.210537554172333e-06
16330 Total cost: 1.9550107026589103e-06
16340 Total cost: 8.053116289374884e-06
16350 Total cost: 3.2738078061811393e-06
16360 Total cost: 2.64021923612745e-06
16370 Total cost: 4.8491406232642476e-06
16380 Total cost: 2.017054612224456e-06
16390 Total cost: 4.796040684595937e-06
16400 Total cost: 4.505547622102313e-06
16410 Total cost: 2.8892357022414217e-06
16420 Total cost: 1.9116332623525523e-06
16430 Total cost: 2.6604429876897484e-06
16440 Total cost: 3.467602027740213e-06
16450 Total cost: 3.042374146389193e-06
16460 Total cost: 5.4474194257636555e-06
16470 Total cost: 2.2127107968117343e-06
16480 Total cost: 2.5270528567489237e-06
16490 Total cost: 2.881974978663493e-06
16500 Total cost: 1.6497447177243885e-06
16510 Total cost: 2.418989197394694e-06
16520 Total cost: 3.4876836707553593e-06
16530 Total cost: 4.365189397503855e-06
16540 Total cost: 7.587882919324329e-06
16550 Total cost: 2.8995650609431323e-06
16560 Total cost: 3.0835117286187597e-06
16570 Total cost: 5.746280749008292e-06
16580 Total cost: 9.029140528582502e-06
16590 Total cost: 4.36755681221257e-06
16600 Total cost: 4.779325081472052e-06
16610 Total cost: 5.412592599896016e-06
16620 Total cost: 2.4230148483184166e-06
16630 Total cost: 2.9263869691931177e-06
16640 Total cost: 4.265483767085243e-06
16650 Total cost: 3.6153214750811458e-06
16660 Total cost: 5.877867806702852e-06
16670 Total cost: 2.914705873990897e-06
16680 Total cost: 8.773922672844492e-06
16690 Total cost:/home/khw/Projects/pumafabrics/pumafabrics/puma_adapted/evaluation/evaluate_nd.py:20: VisibleDeprecationWarning: Creating an ndarray from ragged nested sequences (which is a list-or-tuple of lists-or-tuples-or ndarrays with different lengths or shapes) is deprecated. If you meant to do this, you must specify 'dtype=object' when creating the ndarray.
  delta_t_history = np.array(self.delta_t_eval)
/home/khw/Projects/pumafabrics/pumafabrics/puma_adapted/evaluation/evaluate_nd.py:20: VisibleDeprecationWarning: Creating an ndarray from ragged nested sequences (which is a list-or-tuple of lists-or-tuples-or ndarrays with different lengths or shapes) is deprecated. If you meant to do this, you must specify 'dtype=object' when creating the ndarray.
  delta_t_history = np.array(self.delta_t_eval)
 6.440671768359607e-06
16700 Total cost: 1.8638399978954112e-06
16710 Total cost: 3.6070646274311002e-06
16720 Total cost: 3.128187699985574e-06
16730 Total cost: 1.3666411859958316e-06
16740 Total cost: 2.752794898697175e-06
16750 Total cost: 4.710481334768701e-06
16760 Total cost: 2.6741922738438006e-06
16770 Total cost: 4.826223175768973e-06
16780 Total cost: 5.91054413234815e-06
16790 Total cost: 3.946585366065847e-06
16800 Total cost: 6.1291807469388004e-06
16810 Total cost: 1.9116191651846748e-06
16820 Total cost: 1.1262973202974536e-06
16830 Total cost: 1.590272290741268e-06
16840 Total cost: 4.7924054342729505e-06
16850 Total cost: 3.270977458669222e-06
16860 Total cost: 2.1399114302766975e-06
16870 Total cost: 5.2388904805411585e-06
16880 Total cost: 2.940378408311517e-06
16890 Total cost: 1.3978804418002255e-05
16900 Total cost: 1.8640910639078356e-05
16910 Total cost: 4.688120498030912e-06
16920 Total cost: 5.132386377226794e-06
16930 Total cost: 5.274931936583016e-06
16940 Total cost: 8.994197742140386e-06
16950 Total cost: 8.322390385728795e-06
16960 Total cost: 1.2466362022678368e-05
16970 Total cost: 2.5924853161995998e-06
16980 Total cost: 4.7938110583345406e-06
16990 Total cost: 2.093916918965988e-06
Calculating RMSE; trajectory: 1
Calculating RMSE; trajectory: 2
Calculating RMSE; trajectory: 3
Calculating RMSE; trajectory: 4
Calculating RMSE; trajectory: 5
Calculating RMSE; trajectory: 6
Calculating RMSE; trajectory: 7
Calculating RMSE; trajectory: 8
Calculating RMSE; trajectory: 9
Calculating dynamic time warping distance; trajectory: 1
Calculating dynamic time warping distance; trajectory: 2
Calculating dynamic time warping distance; trajectory: 3
Calculating dynamic time warping distance; trajectory: 4
Calculating dynamic time warping distance; trajectory: 5
Calculating dynamic time warping distance; trajectory: 6
Calculating dynamic time warping distance; trajectory: 7
Calculating dynamic time warping distance; trajectory: 8
Calculating dynamic time warping distance; trajectory: 9
Calculating Frechet distance; trajectory: 1
Calculating Frechet distance; trajectory: 2
Calculating Frechet distance; trajectory: 3
Calculating Frechet distance; trajectory: 4
Calculating Frechet distance; trajectory: 5
Calculating Frechet distance; trajectory: 6
Calculating Frechet distance; trajectory: 7
Calculating Frechet distance; trajectory: 8
Calculating Frechet distance; trajectory: 9
Saving image to ./results/1st_order_R3S3_sweep_16may/5/images/primitive_0_iter_17000.pdf...
Metrics sum: 0.12018224984043799 ; Number of unsuccessful trajectories: 0
17000 Total cost: 3.6887508940708358e-06
17010 Total cost: 1.4061329238757025e-06
17020 Total cost: 1.077374236047035e-05
17030 Total cost: 2.182610387535533e-06
17040 Total cost: 6.0151428442623e-06
17050 Total cost: 2.5955857836379437e-06
17060 Total cost: 4.787860689248191e-06
17070 Total cost: 5.804338798043318e-06
17080 Total cost: 2.967145292132045e-06
17090 Total cost: 4.8253614295390435e-06
17100 Total cost: 2.7469507131172577e-06
17110 Total cost: 1.1862084647873417e-05
17120 Total cost: 5.990766112518031e-06
17130 Total cost: 1.0622272384352982e-05
17140 Total cost: 5.434677404991817e-06
17150 Total cost: 1.2274666914890986e-05
17160 Total cost: 5.374935881263809e-06
17170 Total cost: 4.782766609423561e-06
17180 Total cost: 2.0452916942304e-06
17190 Total cost: 2.2983829239819897e-06
17200 Total cost: 3.7310996958694886e-06
17210 Total cost: 1.9085662643192336e-05
17220 Total cost: 8.967650501290336e-06
17230 Total cost: 6.729831966367783e-06
17240 Total cost: 5.058786427980522e-06
17250 Total cost: 5.496363428392215e-06
17260 Total cost: 5.858434178662719e-06
17270 Total cost: 1.54259723785799e-05
17280 Total cost: 3.0313970000861445e-06
17290 Total cost: 2.5603180802136194e-06
17300 Total cost: 2.61758600572648e-06
17310 Total cost: 4.27575741923647e-06
17320 Total cost: 2.3552586299047107e-06
17330 Total cost: 1.8501172007745481e-06
17340 Total cost: 4.4559346861205995e-06
17350 Total cost: 2.1959212972433306e-06
17360 Total cost: 4.69590167995193e-06
17370 Total cost: 2.3359582428383874e-06
17380 Total cost: 2.25610233428597e-06
17390 Total cost: 6.019533429935109e-06
17400 Total cost: 2.0262687030481175e-06
17410 Total cost: 3.868056865030667e-06
17420 Total cost: 2.620119630591944e-06
17430 Total cost: 3.4102790777978953e-06
17440 Total cost: 4.400171292218147e-06
17450 Total cost: 9.617760952096432e-06
17460 Total cost: 2.378870249231113e-06
17470 Total cost: 5.102812338009244e-06
17480 Total cost: 5.926796802668832e-06
17490 Total cost: 2.7306130050419597e-06
17500 Total cost: 4.380628979561152e-06
17510 Total cost: 1.5699808955105254e-06
17520 Total cost: 3.330030267534312e-06
17530 Total cost: 2.4937241960287793e-06
17540 Total cost: 7.700240530539304e-06
17550 Total cost: 4.080586677446263e-06
17560 Total cost: 5.1443566917441785e-06
17570 Total cost: 2.6830857677850872e-06
17580 Total cost: 2.0977786334697157e-06
17590 Total cost: 5.969153789919801e-06
17600 Total cost: 1.1261887266300619e-05
17610 Total cost: 5.448926913231844e-06
17620 Total cost: 1.05382541732979e-05
17630 Total cost: 2.715526534302626e-06
17640 Total cost: 5.854338724020636e-06
17650 Total cost: 4.911609266855521e-06
17660 Total cost: 7.16420481694513e-06
17670 Total cost: 5.332794444257161e-06
17680 Total cost: 3.7303814224287635e-06
17690 Total cost: 3.0390574465855025e-06
17700 Total cost: 2.6310549401387107e-06
17710 Total cost: 1.4091293678575312e-06
17720 Total cost: 3.915322395187104e-06
17730 Total cost: 4.9727727855497506e-06
17740 Total cost: 3.4413808407407487e-06
17750 Total cost: 4.351489224063698e-06
17760 Total cost: 1.3232117453298997e-05
17770 Total cost: 1.1831075426016469e-05
17780 Total cost: 4.288317086320603e-06
17790 Total cost: 1.6477464441777556e-06
17800 Total cost: 2.138870286216843e-06
17810 Total cost: 8.131054528348614e-06
17820 Total cost: 1.5224099115584977e-05
17830 Total cost: 2.467429112584796e-06
17840 Total cost: 8.996633368951734e-06
17850 Total cost: 6.654797743976815e-06
17860 Total cost: 3.2681598440831294e-06
17870 Total cost: 2.974547669509775e-06
17880 Total cost: 2.546987388996058e-06
17890 Total cost: 9.743066584633198e-06
17900 Total cost: 2.120170393027365e-06
17910 Total cost: 5.288541615300346e-06
17920 Total cost: 7.349161023739725e-06
17930 Total cost: 4.046121375722578e-06
17940 Total cost: 4.261575668351725e-06
17950 Total cost: 6.219021088327281e-06
17960 Total cost: 2.759781182248844e-06
17970 Total cost: 1.2323903320066165e-05
17980 Total cost: 8.327278919750825e-06
17990 Total cost: 5.242205588729121e-06
Calculating RMSE; trajectory: 1
Calculating RMSE; trajectory: 2
Calculating RMSE; trajectory: 3
Calculating RMSE; trajectory: 4
Calculating RMSE; trajectory: 5
Calculating RMSE; trajectory: 6
Calculating RMSE; trajectory: 7
Calculating RMSE; trajectory: 8
Calculating RMSE; trajectory: 9
Calculating dynamic time warping distance; trajectory: 1
Calculating dynamic time warping distance; trajectory: 2
Calculating dynamic time warping distance; trajectory: 3
Calculating dynamic time warping distance; trajectory: 4
Calculating dynamic time warping distance; trajectory: 5
Calculating dynamic time warping distance; trajectory: 6
Calculating dynamic time warping distance; trajectory: 7
Calculating dynamic time warping distance; trajectory: 8
Calculating dynamic time warping distance; trajectory: 9
Calculating Frechet distance; trajectory: 1
Calculating Frechet distance; trajectory: 2
Calculating Frechet distance; trajectory: 3
Calculating Frechet distance; trajectory: 4
Calculating Frechet distance; trajectory: 5
Calculating Frechet distance; trajectory: 6
Calculating Frechet distance; trajectory: 7
Calculating Frechet distance; trajectory: 8
Calculating Frechet distance; trajectory: 9
Saving image to ./results/1st_order_R3S3_sweep_16may/5/images/primitive_0_iter_18000.pdf...
Metrics sum: 0.1087122919643347 ; Number of unsuccessful trajectories: 0
18000 Total cost: 3.2489560908288695e-06
18010 Total cost: 2.269604920002166e-06
18020 Total cost: 5.2657219384855125e-06
18030 Total cost: 7.428927801811369e-06
18040 Total cost: 5.028040050092386e-06
/home/khw/Projects/pumafabrics/pumafabrics/puma_adapted/evaluation/evaluate_nd.py:20: VisibleDeprecationWarning: Creating an ndarray from ragged nested sequences (which is a list-or-tuple of lists-or-tuples-or ndarrays with different lengths or shapes) is deprecated. If you meant to do this, you must specify 'dtype=object' when creating the ndarray.
  delta_t_history = np.array(self.delta_t_eval)
18050 Total cost: 7.04252352079493e-06
18060 Total cost: 3.7068120946059935e-06
18070 Total cost: 6.920501164131565e-06
18080 Total cost: 3.413387730688555e-06
18090 Total cost: 7.168157026171684e-06
18100 Total cost: 7.45136640034616e-06
18110 Total cost: 1.2810489806724945e-06
18120 Total cost: 7.506775091314921e-06
18130 Total cost: 1.1940490367123857e-05
18140 Total cost: 9.922215213009622e-06
18150 Total cost: 2.325183231732808e-06
18160 Total cost: 4.672716386266984e-06
18170 Total cost: 5.262420472718077e-06
18180 Total cost: 1.7989721527555957e-05
18190 Total cost: 6.030475560692139e-06
18200 Total cost: 3.8139803564263275e-06
18210 Total cost: 3.921074494428467e-06
18220 Total cost: 9.73367514234269e-06
18230 Total cost: 2.6719110337580787e-06
18240 Total cost: 6.832030976511305e-06
18250 Total cost: 3.020551048393827e-06
18260 Total cost: 9.096343092096504e-06
18270 Total cost: 2.3678201159782475e-06
18280 Total cost: 2.3072220756148454e-06
18290 Total cost: 2.8017636850563576e-06
18300 Total cost: 1.0772707810247084e-06
18310 Total cost: 1.6634287476335885e-06
18320 Total cost: 7.577840733574703e-06
18330 Total cost: 2.625321485538734e-06
18340 Total cost: 3.4925685667985817e-06
18350 Total cost: 8.063371751632076e-06
18360 Total cost: 1.9838746538880514e-06
18370 Total cost: 6.175116595841246e-06
18380 Total cost: 5.3949015637044795e-06
18390 Total cost: 5.423320544650778e-06
18400 Total cost: 5.954601419944083e-06
18410 Total cost: 2.988328105857363e-06
18420 Total cost: 4.244391675456427e-06
18430 Total cost: 3.2326734071830288e-06
18440 Total cost: 5.644810698868241e-06
18450 Total cost: 2.5873505364870653e-06
18460 Total cost: 2.693646592888399e-06
18470 Total cost: 3.793421001319075e-06
18480 Total cost: 6.218160251592053e-06
18490 Total cost: 6.182534889376257e-06
18500 Total cost: 3.0672738375869812e-06
18510 Total cost: 1.180869912786875e-05
18520 Total cost: 2.0356867480586516e-06
18530 Total cost: 1.0745661711553112e-05
18540 Total cost: 2.3378995592793217e-06
18550 Total cost: 4.796309440280311e-06
18560 Total cost: 1.1703686141117942e-05
18570 Total cost: 3.5389709864830365e-06
18580 Total cost: 5.788162980024936e-06
18590 Total cost: 4.26722635893384e-06
18600 Total cost: 3.965138603234664e-06
18610 Total cost: 2.9834657198080095e-06
18620 Total cost: 7.580811143270694e-06
18630 Total cost: 7.981489943631459e-06
18640 Total cost: 4.918952981824987e-06
18650 Total cost: 4.110970621695742e-06
18660 Total cost: 1.7364069435643614e-06
18670 Total cost: 5.120254627399845e-06
18680 Total cost: 4.497710506257135e-06
18690 Total cost: 1.157773112936411e-06
18700 Total cost: 6.555592790391529e-06
18710 Total cost: 3.122212319794926e-06
18720 Total cost: 7.531174560426734e-06
18730 Total cost: 4.7727794481033925e-06
18740 Total cost: 4.0747318053036e-06
18750 Total cost: 1.900751271932677e-06
18760 Total cost: 2.984454113175161e-06
18770 Total cost: 1.1334207556501497e-05
18780 Total cost: 6.995489457040094e-06
18790 Total cost: 5.928249265707564e-06
18800 Total cost: 1.3989094441058114e-05
18810 Total cost: 3.3742846881068544e-06
18820 Total cost: 7.949812243168708e-06
18830 Total cost: 2.4464634407195263e-06
18840 Total cost: 2.1213161289779237e-06
18850 Total cost: 5.016418072045781e-06
18860 Total cost: 3.3560042993485695e-06
18870 Total cost: 6.792636668251362e-06
18880 Total cost: 4.820854883291759e-06
18890 Total cost: 2.0112036054342752e-06
18900 Total cost: 1.9367028016858967e-06
18910 Total cost: 4.567049018078251e-06
18920 Total cost: 6.286230473051546e-06
18930 Total cost: 1.4514998838421889e-05
18940 Total cost: 4.5723495532001834e-06
18950 Total cost: 8.916859769669827e-06
18960 Total cost: 2.152848765035742e-06
18970 Total cost: 5.785316261608386e-06
18980 Total cost: 2.882927219616249e-06
18990 Total cost: 3.7747602164017735e-06
Calculating RMSE; trajectory: 1
Calculating RMSE; trajectory: 2
Calculating RMSE; trajectory: 3
Calculating RMSE; trajectory: 4
Calculating RMSE; trajectory: 5
Calculating RMSE; trajectory: 6
Calculating RMSE; trajectory: 7
Calculating RMSE; trajectory: 8
Calculating RMSE; trajectory: 9
Calculating dynamic time warping distance; trajectory: 1
Calculating dynamic time warping distance; trajectory: 2
Calculating dynamic time warping distance; trajectory: 3
Calculating dynamic time warping distance; trajectory: 4
Calculating dynamic time warping distance; trajectory: 5
Calculating dynamic time warping distance; trajectory: 6
Calculating dynamic time warping distance; trajectory: 7
Calculating dynamic time warping distance; trajectory: 8
Calculating dynamic time warping distance; trajectory: 9
Calculating Frechet distance; trajectory: 1
Calculating Frechet distance; trajectory: 2
Calculating Frechet distance; trajectory: 3
Calculating Frechet distance; trajectory: 4
Calculating Frechet distance; trajectory: 5
Calculating Frechet distance; trajectory: 6
Calculating Frechet distance; trajectory: 7
Calculating Frechet distance; trajectory: 8
Calculating Frechet distance; trajectory: 9
Saving image to ./results/1st_order_R3S3_sweep_16may/5/images/primitive_0_iter_19000.pdf...
Metrics sum: 0.10930640429483356 ; Number of unsuccessful trajectories: 0
19000 Total cost: 2.2422293568524765e-06
19010 Total cost: 4.567890300677391e-06
19020 Total cost: 1.9160625015501864e-06
19030 Total cost: 1.6296571629936807e-06
19040 Total cost: 3.0541070827894146e-06
19050 Total cost: 1.9117437659588177e-06
19060 Total cost: 4.414995146362344e-06
19070 Total cost: 7.85998872743221e-06
19080 Total cost: 5.948526450083591e-06
19090 Total cost: 4.3364398152334616e-06
19100 Total cost: 5.6163798944908194e-06
19110 Total cost: 9.266352208214812e-06
19120 Total cost: 2.036217438217136e-06
19130 Total cost: 6.18249578110408e-06
19140 Total cost: 4.445549620868405e-06
19150 Total cost: 1.6030812730605248e-06
19160 Total cost: 9.37260665523354e-06
19170 Total cost: 7.494070814573206e-06
19180 Total cost: 2.5930567062459886e-06
19190 Total cost: 2.1993794234731467e-06
19200 Total cost: 2.5680490125523647e-06
19210 Total cost: 5.9273006627336144e-06
19220 Total cost: 1.8588879129310953e-06
19230 Total cost: 9.589696674083825e-06
19240 Total cost: 7.553324849141063e-06
19250 Total cost: 5.817765668325592e-06
19260 Total cost: 2.6320699362258893e-06
19270 Total cost: 4.556375188258244e-06
19280 Total cost: 2.6810550934897037e-06
19290 Total cost: 3.503750349409529e-06
19300 Total cost: 7.384343462035758e-06
19310 Total cost: 4.5332012632570695e-06
19320 Total cost: 4.1973794395744335e-06
19330 Total cost: 1.8893227888838737e-06
19340 Total cost: 7.85738757258514e-06
19350 Total cost: 9.644282727094833e-06
19360 Total cost: 1.1959070434386376e-05
19370 Total cost: 2.0084346488147276e-06
19380 Total cost: 1.4723029835295165e-06
19390 Total cost: 3.850503617286449e-06
19400 Total cost: 4.551809524855344e-06
19410 Total cost: 4.525699750956846e-06
19420 Total cost: 4.293779056752101e-06
19430 Total cost: 2.0304753434174927e-06
19440 Total cost: 6.703857252432499e-06
19450 Total cost: 2.410483148196363e-06
19460 Total cost: 7.216910034912871e-06
19470 Total cost: 9.379094990435988e-06
19480 Total cost: 1.8821708636096446e-06
19490 Total cost: 1.6904159565456212e-06
19500 Total cost: 5.3107578423805535e-06
19510 Total cost: 1.0901870155066717e-05
19520 Total cost: 1.915705752253416e-06
19530 Total cost: 1.0949102943413891e-05
19540 Total cost: 5.984042218187824e-06
19550 Total cost: 1.3680214578926098e-06
19560 Total cost: 1.5582885453113704e-06
19570 Total cost: 2.5375188670295756e-06
19580 Total cost: 5.430683359008981e-06
19590 Total cost: 1.996908395085484e-06
19600 Total cost: 1.506074681856262e-06
19610 Total cost: 7.316582923522219e-06
19620 Total cost: 1.0782147001009434e-05
19630 Total cost: 3.5903524349123472e-06
19640 Total cost: 2.1860291781194974e-06
19650 Total cost: 3.6035357879882213e-06
19660 Total cost: 5.880027401872212e-06
19670 Total cost: 4.887182058155304e-06
19680 Total cost: 2.472757159921457e-06
19690 Total cost: 2.915439381467877e-06
19700 Total cost: 5.240277005214011e-06
19710 Total cost: 2.893629698519362e-06
19720 Total cost: 5.561783837038092e-06
19730 Total cost: 2.4805567591101862e-06
19740 /home/khw/Projects/pumafabrics/pumafabrics/puma_adapted/evaluation/evaluate_nd.py:20: VisibleDeprecationWarning: Creating an ndarray from ragged nested sequences (which is a list-or-tuple of lists-or-tuples-or ndarrays with different lengths or shapes) is deprecated. If you meant to do this, you must specify 'dtype=object' when creating the ndarray.
  delta_t_history = np.array(self.delta_t_eval)
/home/khw/Projects/pumafabrics/pumafabrics/puma_adapted/evaluation/evaluate_nd.py:63: RuntimeWarning: More than 20 figures have been opened. Figures created through the pyplot interface (`matplotlib.pyplot.figure`) are retained until explicitly closed and may consume too much memory. (To control this warning, see the rcParam `figure.max_open_warning`). Consider using `matplotlib.pyplot.close()`.
  fig, axs = plt.subplots(n_joints, figsize=(10, 25))
/home/khw/Projects/pumafabrics/pumafabrics/puma_adapted/evaluation/evaluate_nd.py:20: VisibleDeprecationWarning: Creating an ndarray from ragged nested sequences (which is a list-or-tuple of lists-or-tuples-or ndarrays with different lengths or shapes) is deprecated. If you meant to do this, you must specify 'dtype=object' when creating the ndarray.
  delta_t_history = np.array(self.delta_t_eval)
Total cost: 4.9115637921204325e-06
19750 Total cost: 1.8699557813306456e-06
19760 Total cost: 3.0892258564563235e-06
19770 Total cost: 2.58815316556138e-06
19780 Total cost: 1.8891505533247255e-06
19790 Total cost: 1.4189778312356793e-06
19800 Total cost: 1.1670534831864643e-06
19810 Total cost: 5.016101113142213e-06
19820 Total cost: 1.8100221268468886e-06
19830 Total cost: 7.135016858228482e-06
19840 Total cost: 7.130872745619854e-06
19850 Total cost: 3.401977210160112e-06
19860 Total cost: 3.749718416656833e-06
19870 Total cost: 6.234196916921064e-06
19880 Total cost: 3.992604888480855e-06
19890 Total cost: 1.793388946680352e-06
19900 Total cost: 1.4211539109965088e-06
19910 Total cost: 1.7555399836055585e-06
19920 Total cost: 1.8800693624143605e-06
19930 Total cost: 1.7792003745853435e-06
19940 Total cost: 1.6365497685910668e-06
19950 Total cost: 6.227719950402388e-06
19960 Total cost: 6.3888210206641816e-06
19970 Total cost: 2.827082425937988e-06
19980 Total cost: 1.857072493294254e-05
19990 Total cost: 7.634752364538144e-06
Calculating RMSE; trajectory: 1
Calculating RMSE; trajectory: 2
Calculating RMSE; trajectory: 3
Calculating RMSE; trajectory: 4
Calculating RMSE; trajectory: 5
Calculating RMSE; trajectory: 6
Calculating RMSE; trajectory: 7
Calculating RMSE; trajectory: 8
Calculating RMSE; trajectory: 9
Calculating dynamic time warping distance; trajectory: 1
Calculating dynamic time warping distance; trajectory: 2
Calculating dynamic time warping distance; trajectory: 3
Calculating dynamic time warping distance; trajectory: 4
Calculating dynamic time warping distance; trajectory: 5
Calculating dynamic time warping distance; trajectory: 6
Calculating dynamic time warping distance; trajectory: 7
Calculating dynamic time warping distance; trajectory: 8
Calculating dynamic time warping distance; trajectory: 9
Calculating Frechet distance; trajectory: 1
Calculating Frechet distance; trajectory: 2
Calculating Frechet distance; trajectory: 3
Calculating Frechet distance; trajectory: 4
Calculating Frechet distance; trajectory: 5
Calculating Frechet distance; trajectory: 6
Calculating Frechet distance; trajectory: 7
Calculating Frechet distance; trajectory: 8
Calculating Frechet distance; trajectory: 9
Saving image to ./results/1st_order_R3S3_sweep_16may/5/images/primitive_0_iter_20000.pdf...
Metrics sum: 0.10957064993229541 ; Number of unsuccessful trajectories: 0
20000 Total cost: 9.538096492178738e-06
20010 Total cost: 2.0492275325523224e-06
20020 Total cost: 2.0214265532558784e-06
20030 Total cost: 8.77167440194171e-06
20040 Total cost: 3.7135157526790863e-06
20050 Total cost: 1.0955148354696576e-05
20060 Total cost: 1.3034337825956754e-05
20070 Total cost: 2.4065461730060633e-06
20080 Total cost: 3.196569878127775e-06
20090 Total cost: 2.7867454264196567e-06
20100 Total cost: 5.299584245221922e-06
20110 Total cost: 9.957309885066934e-06
20120 Total cost: 5.87786144023994e-06
20130 Total cost: 2.849594011422596e-06
20140 Total cost: 5.81545646127779e-06
20150 Total cost: 2.56075963989133e-06
20160 Total cost: 1.1427227946114726e-06
20170 Total cost: 5.163029982213629e-06
20180 Total cost: 7.761928827676456e-06
20190 Total cost: 2.0006175418529892e-06
20200 Total cost: 3.4521519864938455e-06
20210 Total cost: 3.100363073826884e-06
20220 Total cost: 6.414298695744947e-06
20230 Total cost: 6.953718639124418e-06
20240 Total cost: 1.9477888599794824e-06
20250 Total cost: 1.8773665715343668e-06
20260 Total cost: 2.530223355279304e-06
20270 Total cost: 2.820992222041241e-06
20280 Total cost: 3.6710473523271503e-06
20290 Total cost: 6.247496003197739e-06
20300 Total cost: 6.685729204036761e-06
20310 Total cost: 1.8477344383427408e-06
20320 Total cost: 6.522327112179482e-06
20330 Total cost: 1.6840526768646669e-06
20340 Total cost: 6.2877229538571555e-06
20350 Total cost: 2.5498327431705547e-06
20360 Total cost: 2.6516477191762533e-06
20370 Total cost: 6.193804438225925e-06
20380 Total cost: 7.389514848910039e-06
20390 Total cost: 4.316248123359401e-06
20400 Total cost: 8.168531167029869e-06
20410 Total cost: 3.2954883408820024e-06
20420 Total cost: 2.0135184968239628e-06
20430 Total cost: 3.486466084723361e-06
20440 Total cost: 9.371778446620738e-07
20450 Total cost: 2.5319272936030757e-06
20460 Total cost: 2.0177542410237947e-06
20470 Total cost: 5.6523431339883246e-06
20480 Total cost: 8.770185559114907e-06
20490 Total cost: 1.8159934143113787e-06
20500 Total cost: 4.737847575597698e-06
20510 Total cost: 4.5332735680858605e-06
20520 Total cost: 4.738707048090873e-06
20530 Total cost: 7.849302164686378e-06
20540 Total cost: 6.130608653620584e-06
20550 Total cost: 7.16048543836223e-06
20560 Total cost: 5.555855750571936e-06
20570 Total cost: 4.184714271104895e-06
20580 Total cost: 8.669544513395522e-06
20590 Total cost: 1.8486400676920312e-06
20600 Total cost: 4.889672709396109e-06
20610 Total cost: 1.759396582201589e-06
20620 Total cost: 7.721429028606508e-06
20630 Total cost: 1.0850806575035676e-05
20640 Total cost: 9.818752914725337e-06
20650 Total cost: 3.7099566725373734e-06
20660 Total cost: 5.210783456277568e-06
20670 Total cost: 7.456079856638098e-06
20680 Total cost: 1.9418002921156585e-06
20690 Total cost: 1.8111329609382665e-06
20700 Total cost: 3.1533161291008582e-06
20710 Total cost: 6.428292181226425e-06
20720 Total cost: 5.170908480067737e-06
20730 Total cost: 3.342576064824243e-06
20740 Total cost: 3.004357949976111e-06
20750 Total cost: 1.9783508378168335e-06
20760 Total cost: 2.829950517480029e-06
20770 Total cost: 3.34481615027471e-06
20780 Total cost: 5.90342369832797e-06
20790 Total cost: 2.4190683234337484e-06
20800 Total cost: 2.3768102437315974e-06
20810 Total cost: 2.1021153315814445e-06
20820 Total cost: 1.6923746670727269e-06
20830 Total cost: 5.655431777995545e-06
20840 Total cost: 3.056578862015158e-06
20850 Total cost: 4.658477337216027e-06
20860 Total cost: 7.3943169809354e-06
20870 Total cost: 3.7877209706493886e-06
20880 Total cost: 2.3452091681974707e-06
20890 Total cost: 3.2688335522834677e-06
20900 Total cost: 9.751276593306102e-06
20910 Total cost: 2.644755568326218e-06
20920 Total cost: 1.8958753571496345e-06
20930 Total cost: 4.193711447442183e-06
20940 Total cost: 1.4212178029993083e-06
20950 Total cost: 6.0372221923898906e-06
20960 Total cost: 4.785390046890825e-06
20970 Total cost: 1.339028358415817e-06
20980 Total cost: 5.8582368183124345e-06
20990 Total cost: 3.513307319735759e-06
Calculating RMSE; trajectory: 1
Calculating RMSE; trajectory: 2
Calculating RMSE; trajectory: 3
Calculating RMSE; trajectory: 4
Calculating RMSE; trajectory: 5
Calculating RMSE; trajectory: 6
Calculating RMSE; trajectory: 7
Calculating RMSE; trajectory: 8
Calculating RMSE; trajectory: 9
Calculating dynamic time warping distance; trajectory: 1
Calculating dynamic time warping distance; trajectory: 2
Calculating dynamic time warping distance; trajectory: 3
Calculating dynamic time warping distance; trajectory: 4
Calculating dynamic time warping distance; trajectory: 5
Calculating dynamic time warping distance; trajectory: 6
Calculating dynamic time warping distance; trajectory: 7
Calculating dynamic time warping distance; trajectory: 8
Calculating dynamic time warping distance; trajectory: 9
Calculating Frechet distance; trajectory: 1
Calculating Frechet distance; trajectory: 2
Calculating Frechet distance; trajectory: 3
Calculating Frechet distance; trajectory: 4
Calculating Frechet distance; trajectory: 5
Calculating Frechet distance; trajectory: 6
Calculating Frechet distance; trajectory: 7
Calculating Frechet distance; trajectory: 8
Calculating Frechet distance; trajectory: 9
Saving image to ./results/1st_order_R3S3_sweep_16may/5/images/primitive_0_iter_21000.pdf...
Metrics sum: 0.11624543203848135 ; Number of unsuccessful trajectories: 0
21000 Total cost: 5.789821443613619e-06
21010 Total cost: 3.7928837173240026e-06
21020 Total cost: 1.7584244460522314e-06
21030 Total cost: 1.5789006511113257e-06
21040 Total cost: 2.2024162262823666e-06
21050 Total cost: 1.2504069673013873e-06
21060 Total cost: 3.5270252283226e-06
21070 Total cost: 4.589342552208109e-06
21080 Total cost: 1.6691921018718858e-06
21090 Total cost: /home/khw/Projects/pumafabrics/pumafabrics/puma_adapted/evaluation/evaluate_nd.py:20: VisibleDeprecationWarning: Creating an ndarray from ragged nested sequences (which is a list-or-tuple of lists-or-tuples-or ndarrays with different lengths or shapes) is deprecated. If you meant to do this, you must specify 'dtype=object' when creating the ndarray.
  delta_t_history = np.array(self.delta_t_eval)
4.68917096441146e-06
21100 Total cost: 2.780003796942765e-06
21110 Total cost: 7.093731710483553e-06
21120 Total cost: 3.4339532248850446e-06
21130 Total cost: 3.2779257708170917e-06
21140 Total cost: 4.7845151129877195e-06
21150 Total cost: 6.495771685877116e-06
21160 Total cost: 1.2226541912241373e-06
21170 Total cost: 6.052533990441589e-06
21180 Total cost: 3.7868755953240907e-06
21190 Total cost: 2.7912115001527127e-06
21200 Total cost: 2.477143652868108e-06
21210 Total cost: 2.928715503003332e-06
21220 Total cost: 9.751927791512571e-06
21230 Total cost: 4.944328793499153e-06
21240 Total cost: 5.689148565579671e-06
21250 Total cost: 4.200831426715013e-06
21260 Total cost: 4.522648396232398e-06
21270 Total cost: 6.9280772549973335e-06
21280 Total cost: 2.8199804091855185e-06
21290 Total cost: 5.071516625321237e-06
21300 Total cost: 2.5169490527332528e-06
21310 Total cost: 1.6046348036979907e-06
21320 Total cost: 7.089152859407477e-06
21330 Total cost: 2.9543198252213188e-06
21340 Total cost: 1.8320763501833426e-06
21350 Total cost: 3.875465154123958e-06
21360 Total cost: 5.942045845586108e-06
21370 Total cost: 3.721999974004575e-06
21380 Total cost: 6.505815690616146e-06
21390 Total cost: 7.066453690640628e-06
21400 Total cost: 9.487828720011748e-06
21410 Total cost: 4.735524271382019e-06
21420 Total cost: 2.697957143027452e-06
21430 Total cost: 3.010194859598414e-06
21440 Total cost: 1.6911216107473592e-06
21450 Total cost: 1.6628226831016946e-06
21460 Total cost: 3.1052243230078602e-06
21470 Total cost: 1.9057162035096553e-06
21480 Total cost: 4.085272848897148e-06
21490 Total cost: 2.2951023765926948e-06
21500 Total cost: 1.0115911209140904e-05
21510 Total cost: 1.306099306930264e-06
21520 Total cost: 1.7798965927795507e-05
21530 Total cost: 5.3484864110942e-06
21540 Total cost: 3.671730610221857e-06
21550 Total cost: 4.944135980622377e-06
21560 Total cost: 2.7282633254799293e-06
21570 Total cost: 5.406774562288774e-06
21580 Total cost: 1.64986090567254e-06
21590 Total cost: 1.8629594933372573e-06
21600 Total cost: 2.1360403934522765e-06
21610 Total cost: 3.437502755332389e-06
21620 Total cost: 7.343205652432516e-06
21630 Total cost: 2.5260519578296226e-06
21640 Total cost: 3.6223468669049907e-06
21650 Total cost: 9.273422620026395e-06
21660 Total cost: 4.855355200561462e-06
21670 Total cost: 2.3633344881091034e-06
21680 Total cost: 4.51852474725456e-06
21690 Total cost: 2.5766262297111098e-06
21700 Total cost: 1.1814003300969489e-05
21710 Total cost: 5.804150532640051e-06
21720 Total cost: 6.045058398740366e-06
21730 Total cost: 4.804476247954881e-06
21740 Total cost: 4.0146846913557965e-06
21750 Total cost: 2.7248026981396833e-06
21760 Total cost: 2.366333774261875e-06
21770 Total cost: 2.6826492103282362e-06
21780 Total cost: 4.562885351333534e-06
21790 Total cost: 1.8947849866890465e-06
21800 Total cost: 1.055944539984921e-05
21810 Total cost: 1.179950686491793e-06
21820 Total cost: 1.6679294958521496e-06
21830 Total cost: 1.9880556010321015e-06
21840 Total cost: 8.488173079967964e-06
21850 Total cost: 6.237885372684104e-06
21860 Total cost: 6.35400374449091e-06
21870 Total cost: 5.354182576411404e-06
21880 Total cost: 3.5293780911160866e-06
21890 Total cost: 3.961122274631634e-06
21900 Total cost: 2.5503804863546975e-06
21910 Total cost: 5.373849944589892e-06
21920 Total cost: 2.658752009665477e-06
21930 Total cost: 8.430687557847705e-06
21940 Total cost: 1.4591671970265452e-05
21950 Total cost: 1.1153681043651886e-05
21960 Total cost: 1.006577440421097e-05
21970 Total cost: 1.0953395758406259e-05
21980 Total cost: 1.9634489945019595e-06
21990 Total cost: 2.225194748461945e-06
Calculating RMSE; trajectory: 1
Calculating RMSE; trajectory: 2
Calculating RMSE; trajectory: 3
Calculating RMSE; trajectory: 4
Calculating RMSE; trajectory: 5
Calculating RMSE; trajectory: 6
Calculating RMSE; trajectory: 7
Calculating RMSE; trajectory: 8
Calculating RMSE; trajectory: 9
Calculating dynamic time warping distance; trajectory: 1
Calculating dynamic time warping distance; trajectory: 2
Calculating dynamic time warping distance; trajectory: 3
Calculating dynamic time warping distance; trajectory: 4
Calculating dynamic time warping distance; trajectory: 5
Calculating dynamic time warping distance; trajectory: 6
Calculating dynamic time warping distance; trajectory: 7
Calculating dynamic time warping distance; trajectory: 8
Calculating dynamic time warping distance; trajectory: 9
Calculating Frechet distance; trajectory: 1
Calculating Frechet distance; trajectory: 2
Calculating Frechet distance; trajectory: 3
Calculating Frechet distance; trajectory: 4
Calculating Frechet distance; trajectory: 5
Calculating Frechet distance; trajectory: 6
Calculating Frechet distance; trajectory: 7
Calculating Frechet distance; trajectory: 8
Calculating Frechet distance; trajectory: 9
Saving image to ./results/1st_order_R3S3_sweep_16may/5/images/primitive_0_iter_22000.pdf...
Metrics sum: 0.10678214893295435 ; Number of unsuccessful trajectories: 0
22000 Total cost: 8.861378546498599e-07
22010 Total cost: 6.797449714213144e-06
22020 Total cost: 5.282079200696899e-06
22030 Total cost: 3.065999408136122e-06
22040 Total cost: 4.010043539892649e-06
22050 Total cost: 6.034861598891439e-06
22060 Total cost: 2.5233530323021114e-06
22070 Total cost: 1.3930137356510386e-05
22080 Total cost: 3.176297468598932e-06
22090 Total cost: 7.030686447251355e-06
22100 Total cost: 1.092102138500195e-06
22110 Total cost: 4.124497536395211e-06
22120 Total cost: 6.208635113580385e-06
22130 Total cost: 1.4999646964497515e-06
22140 Total cost: 6.100364771555178e-06
22150 Total cost: 2.531898189772619e-06
22160 Total cost: 2.466054866090417e-06
22170 Total cost: 3.0066210001677973e-06
22180 Total cost: 5.449038326332811e-06
22190 Total cost: 9.58432337938575e-06
22200 Total cost: 1.9565738966775825e-06
22210 Total cost: 2.808435738188564e-06
22220 Total cost: 4.264945800969144e-06
22230 Total cost: 1.9244062059442513e-06
22240 Total cost: 1.8730414694800857e-06
22250 Total cost: 3.9415717765223235e-06
22260 Total cost: 1.959075007107458e-06
22270 Total cost: 6.342739652609453e-06
22280 Total cost: 6.22722836851608e-06
22290 Total cost: 3.2342090889869723e-06
22300 Total cost: 1.5235472346830647e-05
22310 Total cost: 1.9554618120309897e-06
22320 Total cost: 4.518493369687349e-06
22330 Total cost: 2.3366271761915414e-06
22340 Total cost: 2.7117021090816706e-06
22350 Total cost: 7.253708645293955e-06
22360 Total cost: 2.542182073739241e-06
22370 Total cost: 4.014577370980987e-06
22380 Total cost: 6.297562322288286e-06
22390 Total cost: 3.2864106742636068e-06
22400 Total cost: 2.17596812035481e-06
22410 Total cost: 3.6371932310430566e-06
22420 Total cost: 5.711146968678804e-06
22430 Total cost: 2.857285835489165e-06
22440 Total cost: 1.8451422647558502e-06
22450 Total cost: 2.282657760588336e-06
22460 Total cost: 7.88664874562528e-06
22470 Total cost: 9.39098754315637e-06
22480 Total cost: 3.560958930393099e-06
22490 Total cost: 5.116733518661931e-06
22500 Total cost: 6.257369022932835e-06
22510 Total cost: 4.013915258838097e-06
22520 Total cost: 1.999464302571141e-06
22530 Total cost: 5.053925178799545e-06
22540 Total cost: 3.824001851171488e-06
22550 Total cost: 4.61457193523529e-06
22560 Total cost: 2.242261416540714e-06
22570 Total cost: 6.549773843289586e-06
22580 Total cost: 2.585359425211209e-06
22590 Total cost: 9.01214389159577e-06
22600 Total cost: 4.563526999845635e-06
22610 Total cost: 4.675940544984769e-06
22620 Total cost: 1.7130020069089369e-06
22630 Total cost: 3.0964185953052947e-06
22640 Total cost: 1.933872226800304e-06
22650 Total cost: 1.2931325727549847e-05
22660 Total cost: 6.6094503381464165e-06
22670 Total cost: 3.795486236413126e-06
22680 Total cost: 7.56551708036568e-06
22690 Total cost: 7.3194046308344696e-06
22700 Total cost: 7.934786481200717e-06
22710 Total cost: 3.0139726732159033e-06
22720 Total cost: 2.8385829864419065e-06
22730 Total cost: 1.4226409348339075e-06
22740 Total cost: 6.362697149597807e-06
22750 Total cost: 2.13929206438479e-06
22760 Total cost: 1.3034372386755422e-05
22770 Total cost: 2.3836664695409127e-06
22780 Total cost: /home/khw/Projects/pumafabrics/pumafabrics/puma_adapted/evaluation/evaluate_nd.py:20: VisibleDeprecationWarning: Creating an ndarray from ragged nested sequences (which is a list-or-tuple of lists-or-tuples-or ndarrays with different lengths or shapes) is deprecated. If you meant to do this, you must specify 'dtype=object' when creating the ndarray.
  delta_t_history = np.array(self.delta_t_eval)
/home/khw/Projects/pumafabrics/pumafabrics/puma_adapted/evaluation/evaluate_nd.py:20: VisibleDeprecationWarning: Creating an ndarray from ragged nested sequences (which is a list-or-tuple of lists-or-tuples-or ndarrays with different lengths or shapes) is deprecated. If you meant to do this, you must specify 'dtype=object' when creating the ndarray.
  delta_t_history = np.array(self.delta_t_eval)
3.280572400399251e-06
22790 Total cost: 2.584010417194804e-06
22800 Total cost: 1.50512721575069e-06
22810 Total cost: 4.097815690329298e-06
22820 Total cost: 3.712146508405567e-06
22830 Total cost: 2.314048288099002e-06
22840 Total cost: 1.1473997574285022e-06
22850 Total cost: 6.448262411140604e-06
22860 Total cost: 9.790580406843219e-06
22870 Total cost: 6.931915777386166e-06
22880 Total cost: 3.6580113373929635e-06
22890 Total cost: 4.307107701606583e-06
22900 Total cost: 3.598157491069287e-06
22910 Total cost: 5.330211024556775e-06
22920 Total cost: 3.6582196116796695e-06
22930 Total cost: 1.5649270608264487e-06
22940 Total cost: 4.19210937252501e-06
22950 Total cost: 4.641594387067016e-06
22960 Total cost: 2.2128556338429917e-06
22970 Total cost: 4.1097828216152266e-06
22980 Total cost: 1.4691240721731447e-06
22990 Total cost: 3.6460648971115006e-06
Calculating RMSE; trajectory: 1
Calculating RMSE; trajectory: 2
Calculating RMSE; trajectory: 3
Calculating RMSE; trajectory: 4
Calculating RMSE; trajectory: 5
Calculating RMSE; trajectory: 6
Calculating RMSE; trajectory: 7
Calculating RMSE; trajectory: 8
Calculating RMSE; trajectory: 9
Calculating dynamic time warping distance; trajectory: 1
Calculating dynamic time warping distance; trajectory: 2
Calculating dynamic time warping distance; trajectory: 3
Calculating dynamic time warping distance; trajectory: 4
Calculating dynamic time warping distance; trajectory: 5
Calculating dynamic time warping distance; trajectory: 6
Calculating dynamic time warping distance; trajectory: 7
Calculating dynamic time warping distance; trajectory: 8
Calculating dynamic time warping distance; trajectory: 9
Calculating Frechet distance; trajectory: 1
Calculating Frechet distance; trajectory: 2
Calculating Frechet distance; trajectory: 3
Calculating Frechet distance; trajectory: 4
Calculating Frechet distance; trajectory: 5
Calculating Frechet distance; trajectory: 6
Calculating Frechet distance; trajectory: 7
Calculating Frechet distance; trajectory: 8
Calculating Frechet distance; trajectory: 9
Saving image to ./results/1st_order_R3S3_sweep_16may/5/images/primitive_0_iter_23000.pdf...
Metrics sum: 0.11438910079674995 ; Number of unsuccessful trajectories: 1
23000 Total cost: 4.259792149241548e-06
23010 Total cost: 3.020382337126648e-06
23020 Total cost: 2.242443997602095e-06
23030 Total cost: 1.8800510588334873e-06
23040 Total cost: 3.0721012080903165e-06
23050 Total cost: 3.414565526327351e-06
23060 Total cost: 5.113925453770207e-06
23070 Total cost: 5.346474154066527e-06
23080 Total cost: 3.413699459997588e-06
23090 Total cost: 1.859803205661592e-06
23100 Total cost: 5.8708938013296574e-06
23110 Total cost: 4.315853402658831e-06
23120 Total cost: 3.3395738228136906e-06
23130 Total cost: 1.5610642094543437e-06
23140 Total cost: 1.038504433381604e-05
23150 Total cost: 6.2395311033469625e-06
23160 Total cost: 1.541158326290315e-06
23170 Total cost: 2.5405645374121377e-06
23180 Total cost: 1.2968594091944396e-06
23190 Total cost: 7.174430720624514e-06
23200 Total cost: 1.0060846761916764e-05
23210 Total cost: 6.824493993917713e-06
23220 Total cost: 8.082215572358109e-06
23230 Total cost: 2.931220933533041e-06
23240 Total cost: 3.767635007534409e-06
23250 Total cost: 6.219963324838318e-06
23260 Total cost: 2.18831837628386e-06
23270 Total cost: 2.068536787191988e-06
23280 Total cost: 6.571729954885086e-06
23290 Total cost: 3.3937551506824093e-06
23300 Total cost: 2.3384350242849905e-06
23310 Total cost: 4.5970582505105995e-06
23320 Total cost: 1.879005367300124e-06
23330 Total cost: 3.1068450425664196e-06
23340 Total cost: 2.1072148683742853e-06
23350 Total cost: 3.8143539313750807e-06
23360 Total cost: 4.777843514602864e-06
23370 Total cost: 3.6043536510987906e-06
23380 Total cost: 6.942225809325464e-06
23390 Total cost: 1.667552896833513e-05
23400 Total cost: 1.0127740097232163e-05
23410 Total cost: 3.860673132294323e-06
23420 Total cost: 1.7462076584706665e-06
23430 Total cost: 3.4180936836492037e-06
23440 Total cost: 3.1271213174477452e-06
23450 Total cost: 1.7038078112818766e-06
23460 Total cost: 1.67160396813415e-06
23470 Total cost: 1.784198389032099e-06
23480 Total cost: 2.956821845145896e-06
23490 Total cost: 1.433989268662117e-06
23500 Total cost: 8.590376637584995e-06
23510 Total cost: 7.90352623880608e-06
23520 Total cost: 2.320292878721375e-06
23530 Total cost: 3.5796515476249624e-06
23540 Total cost: 9.230473551724572e-06
23550 Total cost: 8.825573786452878e-06
23560 Total cost: 4.339633960626088e-06
23570 Total cost: 4.328158411226468e-06
23580 Total cost: 4.008437372249318e-06
23590 Total cost: 2.6092918687936617e-06
23600 Total cost: 1.6499916455359198e-06
23610 Total cost: 2.947149823739892e-06
23620 Total cost: 2.168500714105903e-06
23630 Total cost: 5.059481736680027e-06
23640 Total cost: 4.3774743971880525e-06
23650 Total cost: 2.1073333300591912e-06
23660 Total cost: 1.6109872831293615e-06
23670 Total cost: 8.480194992444012e-06
23680 Total cost: 3.4479933219699888e-06
23690 Total cost: 3.5220884910813766e-06
23700 Total cost: 2.243871222162852e-06
23710 Total cost: 4.081994575244607e-06
23720 Total cost: 1.7149526456705644e-06
23730 Total cost: 4.209380222164327e-06
23740 Total cost: 1.5824639376660343e-06
23750 Total cost: 6.7461514845490456e-06
23760 Total cost: 1.210893242387101e-05
23770 Total cost: 3.148999212498893e-06
23780 Total cost: 1.143057488661725e-05
23790 Total cost: 3.872575234709075e-06
23800 Total cost: 4.254738541931147e-06
23810 Total cost: 2.1418597953015706e-06
23820 Total cost: 9.0728972281795e-06
23830 Total cost: 7.5983271017321385e-06
23840 Total cost: 7.55205610403209e-06
23850 Total cost: 4.386590262583923e-06
23860 Total cost: 1.1028262633772101e-05
23870 Total cost: 8.292936399811879e-06
23880 Total cost: 1.0182237929257099e-05
23890 Total cost: 3.484692797428579e-06
23900 Total cost: 2.6639247607818106e-06
23910 Total cost: 2.943556410173187e-06
23920 Total cost: 3.3786973290261813e-06
23930 Total cost: 1.7393177813573857e-06
23940 Total cost: 4.47359207100817e-06
23950 Total cost: 2.8584099709405564e-06
23960 Total cost: 1.1535233170434367e-05
23970 Total cost: 2.4452015168208163e-06
23980 Total cost: 9.412781764694955e-06
23990 Total cost: 1.7347248331134324e-06
Calculating RMSE; trajectory: 1
Calculating RMSE; trajectory: 2
Calculating RMSE; trajectory: 3
Calculating RMSE; trajectory: 4
Calculating RMSE; trajectory: 5
Calculating RMSE; trajectory: 6
Calculating RMSE; trajectory: 7
Calculating RMSE; trajectory: 8
Calculating RMSE; trajectory: 9
Calculating dynamic time warping distance; trajectory: 1
Calculating dynamic time warping distance; trajectory: 2
Calculating dynamic time warping distance; trajectory: 3
Calculating dynamic time warping distance; trajectory: 4
Calculating dynamic time warping distance; trajectory: 5
Calculating dynamic time warping distance; trajectory: 6
Calculating dynamic time warping distance; trajectory: 7
Calculating dynamic time warping distance; trajectory: 8
Calculating dynamic time warping distance; trajectory: 9
Calculating Frechet distance; trajectory: 1
Calculating Frechet distance; trajectory: 2
Calculating Frechet distance; trajectory: 3
Calculating Frechet distance; trajectory: 4
Calculating Frechet distance; trajectory: 5
Calculating Frechet distance; trajectory: 6
Calculating Frechet distance; trajectory: 7
Calculating Frechet distance; trajectory: 8
Calculating Frechet distance; trajectory: 9
Saving image to ./results/1st_order_R3S3_sweep_16may/5/images/primitive_0_iter_24000.pdf...
Metrics sum: 0.10710349452870882 ; Number of unsuccessful trajectories: 0
24000 Total cost: 2.0195761862851214e-06
24010 Total cost: 5.29325279785553e-06
24020 Total cost: 2.6720108508015983e-06
24030 Total cost: 1.497251219007012e-06
24040 Total cost: 5.4709184951207135e-06
24050 Total cost: 3.144848506053677e-06
24060 Total cost: 4.814166914002271e-06
24070 Total cost: 4.494279892242048e-06
24080 Total cost: 6.08451455264003e-06
24090 Total cost: 5.82064785703551e-06
24100 Total cost: 2.9968507533340016e-06
24110 Total cost: 1.122098183259368e-06
24120 Total cost: 2.7774628961196868e-06
24130 Total cost: 4.470226485864259e-06
/home/khw/Projects/pumafabrics/pumafabrics/puma_adapted/evaluation/evaluate_nd.py:20: VisibleDeprecationWarning: Creating an ndarray from ragged nested sequences (which is a list-or-tuple of lists-or-tuples-or ndarrays with different lengths or shapes) is deprecated. If you meant to do this, you must specify 'dtype=object' when creating the ndarray.
  delta_t_history = np.array(self.delta_t_eval)
24140 Total cost: 4.934428034175653e-06
24150 Total cost: 8.699833415448666e-06
24160 Total cost: 3.7197662550170207e-06
24170 Total cost: 4.268192697054474e-06
24180 Total cost: 8.070112926361617e-06
24190 Total cost: 2.4622704586363398e-06
24200 Total cost: 3.3992796488746535e-06
24210 Total cost: 2.9629379696416436e-06
24220 Total cost: 1.9948454337281873e-06
24230 Total cost: 2.6053626243083272e-06
24240 Total cost: 3.854725491692079e-06
24250 Total cost: 9.661777767178137e-06
24260 Total cost: 2.8479410048021236e-06
24270 Total cost: 2.9532491225836566e-06
24280 Total cost: 3.250987219871604e-06
24290 Total cost: 2.277967041663942e-06
24300 Total cost: 1.7945775425687316e-06
24310 Total cost: 8.885853276296984e-06
24320 Total cost: 2.748188762780046e-06
24330 Total cost: 1.7794923223846126e-06
24340 Total cost: 3.0326614250952844e-06
24350 Total cost: 2.172341964978841e-06
24360 Total cost: 6.467887033068109e-06
24370 Total cost: 5.625328412861563e-06
24380 Total cost: 1.2654862075578421e-05
24390 Total cost: 1.1306679880362935e-05
24400 Total cost: 2.1582322915492114e-06
24410 Total cost: 2.139347998308949e-06
24420 Total cost: 1.2387873766783741e-06
24430 Total cost: 5.713441623811377e-06
24440 Total cost: 1.738148853291932e-06
24450 Total cost: 3.559004426278989e-06
24460 Total cost: 1.425376922270516e-06
24470 Total cost: 3.844641923933523e-06
24480 Total cost: 3.5925836527894717e-06
24490 Total cost: 7.986514901858754e-06
24500 Total cost: 1.6922928125495673e-06
24510 Total cost: 5.43603846381302e-06
24520 Total cost: 1.8353283621763694e-06
24530 Total cost: 3.2428324630018324e-06
24540 Total cost: 7.0370301727962214e-06
24550 Total cost: 2.4379403384955367e-06
24560 Total cost: 2.5345705125801032e-06
24570 Total cost: 8.690200047567487e-06
24580 Total cost: 7.507808277296135e-06
24590 Total cost: 4.441003511601593e-06
24600 Total cost: 2.0919806047459133e-06
24610 Total cost: 1.8779720676320721e-06
24620 Total cost: 3.6819094475504244e-06
24630 Total cost: 1.850454168561555e-06
24640 Total cost: 3.2099098916660296e-06
24650 Total cost: 2.1963326162222074e-06
24660 Total cost: 9.345665603177622e-06
24670 Total cost: 7.076416295603849e-06
24680 Total cost: 4.9964846766670235e-06
24690 Total cost: 2.8119336548115825e-06
24700 Total cost: 2.1488651782419765e-06
24710 Total cost: 4.116214313398814e-06
24720 Total cost: 4.09031144954497e-06
24730 Total cost: 9.540993914924911e-07
24740 Total cost: 1.146366230386775e-06
24750 Total cost: 1.0962028227368137e-06
24760 Total cost: 2.7879652861884097e-06
24770 Total cost: 2.8224146717548138e-06
24780 Total cost: 4.8882448027143255e-06
24790 Total cost: 3.040134515686077e-06
24800 Total cost: 5.933907686994644e-06
24810 Total cost: 1.5374628219433362e-06
24820 Total cost: 2.898511183957453e-06
24830 Total cost: 3.4395939110254403e-06
24840 Total cost: 3.190036295563914e-06
24850 Total cost: 2.5431056656088913e-06
24860 Total cost: 1.8880998595705023e-06
24870 Total cost: 5.965770469629206e-06
24880 Total cost: 2.103520273522008e-06
24890 Total cost: 1.7558201079737046e-06
24900 Total cost: 1.8875126670536702e-06
24910 Total cost: 1.5628921801180695e-06
24920 Total cost: 2.851402769010747e-06
24930 Total cost: 5.841493930347497e-06
24940 Total cost: 1.0669878975022584e-05
24950 Total cost: 8.343316949321888e-06
24960 Total cost: 1.2272870662854984e-05
24970 Total cost: 4.6241461859608535e-06
24980 Total cost: 4.041092324769124e-06
24990 Total cost: 6.625164587603649e-06
Calculating RMSE; trajectory: 1
Calculating RMSE; trajectory: 2
Calculating RMSE; trajectory: 3
Calculating RMSE; trajectory: 4
Calculating RMSE; trajectory: 5
Calculating RMSE; trajectory: 6
Calculating RMSE; trajectory: 7
Calculating RMSE; trajectory: 8
Calculating RMSE; trajectory: 9
Calculating dynamic time warping distance; trajectory: 1
Calculating dynamic time warping distance; trajectory: 2
Calculating dynamic time warping distance; trajectory: 3
Calculating dynamic time warping distance; trajectory: 4
Calculating dynamic time warping distance; trajectory: 5
Calculating dynamic time warping distance; trajectory: 6
Calculating dynamic time warping distance; trajectory: 7
Calculating dynamic time warping distance; trajectory: 8
Calculating dynamic time warping distance; trajectory: 9
Calculating Frechet distance; trajectory: 1
Calculating Frechet distance; trajectory: 2
Calculating Frechet distance; trajectory: 3
Calculating Frechet distance; trajectory: 4
Calculating Frechet distance; trajectory: 5
Calculating Frechet distance; trajectory: 6
Calculating Frechet distance; trajectory: 7
Calculating Frechet distance; trajectory: 8
Calculating Frechet distance; trajectory: 9
Saving image to ./results/1st_order_R3S3_sweep_16may/5/images/primitive_0_iter_25000.pdf...
Metrics sum: 0.09892429170272646 ; Number of unsuccessful trajectories: 0
25000 Total cost: 2.8423389721865533e-06
25010 Total cost: 1.5552602690149797e-06
25020 Total cost: 5.642620635626372e-06
25030 Total cost: 5.734513251809403e-06
25040 Total cost: 2.783969875963521e-06
25050 Total cost: 2.1241226022539195e-06
25060 Total cost: 1.5696563195888302e-06
25070 Total cost: 9.390988452651072e-06
25080 Total cost: 1.1544117114681285e-05
25090 Total cost: 8.013168553588912e-06
25100 Total cost: 2.4992596081574447e-06
25110 Total cost: 4.902480668533826e-06
25120 Total cost: 3.973122147726826e-06
25130 Total cost: 6.9312573032220826e-06
25140 Total cost: 2.7135934033140074e-06
25150 Total cost: 1.626991092962271e-06
25160 Total cost: 4.479143626667792e-06
25170 Total cost: 4.383940904517658e-06
25180 Total cost: 2.2880117285239976e-06
25190 Total cost: 2.3641564439458307e-06
25200 Total cost: 5.7676365941006225e-06
25210 Total cost: 5.170139502297388e-06
25220 Total cost: 2.8910264973092126e-06
25230 Total cost: 9.570003385306336e-06
25240 Total cost: 3.1660085824114503e-06
25250 Total cost: 2.5895258204400307e-06
25260 Total cost: 5.145170689502265e-06
25270 Total cost: 1.1606655334617244e-06
25280 Total cost: 2.98146278510103e-06
25290 Total cost: 2.8360989290376892e-06
25300 Total cost: 3.778046220759279e-06
25310 Total cost: 6.788584869354963e-06
25320 Total cost: 3.222743998776423e-06
25330 Total cost: 4.427666226547444e-06
25340 Total cost: 9.621418939786963e-06
25350 Total cost: 4.439990789251169e-06
25360 Total cost: 5.083262749394635e-06
25370 Total cost: 1.9862436602124944e-06
25380 Total cost: 3.588895879147458e-06
25390 Total cost: 2.8059507712896448e-06
25400 Total cost: 2.7555770429898985e-06
25410 Total cost: 2.332008989469614e-06
25420 Total cost: 3.602799097279785e-06
25430 Total cost: 3.6294502478995128e-06
25440 Total cost: 3.111863861704478e-06
25450 Total cost: 2.011679953284329e-06
25460 Total cost: 3.2607183584332233e-06
25470 Total cost: 1.040192637447035e-05
25480 Total cost: 3.063582198592485e-06
25490 Total cost: 3.848703727271641e-06
25500 Total cost: 3.905477569787763e-06
25510 Total cost: 1.351584842268494e-06
25520 Total cost: 1.3747429647992249e-06
25530 Total cost: 3.2460598049510736e-06
25540 Total cost: 1.4112946701061446e-05
25550 Total cost: 5.1329457164683845e-06
25560 Total cost: 2.2046529011277016e-06
25570 Total cost: 1.0540446965023875e-05
25580 Total cost: 4.593350240611471e-06
25590 Total cost: 8.023992450034712e-06
25600 Total cost: 4.058525519212708e-06
25610 Total cost: 3.460284688117099e-06
25620 Total cost: 1.382179561915109e-06
25630 Total cost: 2.416236384306103e-06
25640 Total cost: 3.985330749856075e-06
25650 Total cost: 1.3205726645537652e-06
25660 Total cost: 1.3445923059407505e-06
25670 Total cost: 2.206595354437013e-06
25680 Total cost: 6.396176104317419e-06
25690 Total cost: 1.1386217920517083e-05
25700 Total cost: 4.506354798650136e-06
25710 Total cost: 1.3563624634116422e-05
25720 Total cost: 1.7488702042101067e-06
25730 Total cost: 6.912643129908247e-06
25740 Total cost: 1.3804368563796743e-06
25750 Total cost: 7.345964604610344e-06
25760 Total cost: 3.1486058560403762e-06
25770 Total cost: 4.10237180403783e-06
25780 Total cost: 3.784020918828901e-06
25790 Total cost: 1.8222824564873008e-06
25800 Total cost: 3.4528297874203417e-06
25810 Total cost: 4.418556727614487e-06
25820 Total cost: /home/khw/Projects/pumafabrics/pumafabrics/puma_adapted/evaluation/evaluate_nd.py:20: VisibleDeprecationWarning: Creating an ndarray from ragged nested sequences (which is a list-or-tuple of lists-or-tuples-or ndarrays with different lengths or shapes) is deprecated. If you meant to do this, you must specify 'dtype=object' when creating the ndarray.
  delta_t_history = np.array(self.delta_t_eval)
/home/khw/Projects/pumafabrics/pumafabrics/puma_adapted/evaluation/evaluate_nd.py:20: VisibleDeprecationWarning: Creating an ndarray from ragged nested sequences (which is a list-or-tuple of lists-or-tuples-or ndarrays with different lengths or shapes) is deprecated. If you meant to do this, you must specify 'dtype=object' when creating the ndarray.
  delta_t_history = np.array(self.delta_t_eval)
5.406434866017662e-06
25830 Total cost: 6.427220796467736e-06
25840 Total cost: 1.2670454452745616e-05
25850 Total cost: 2.734022928052582e-06
25860 Total cost: 5.48485968465684e-06
25870 Total cost: 7.609620297444053e-06
25880 Total cost: 1.5545949736406328e-06
25890 Total cost: 2.708281726881978e-06
25900 Total cost: 1.4908258663126617e-06
25910 Total cost: 1.8925497897726018e-06
25920 Total cost: 6.513355856441194e-06
25930 Total cost: 3.858509899146156e-06
25940 Total cost: 1.3247778042568825e-05
25950 Total cost: 2.83171334558574e-06
25960 Total cost: 6.6606103246158455e-06
25970 Total cost: 1.681301341704966e-06
25980 Total cost: 2.3902630346128717e-06
25990 Total cost: 4.817916760657681e-06
Calculating RMSE; trajectory: 1
Calculating RMSE; trajectory: 2
Calculating RMSE; trajectory: 3
Calculating RMSE; trajectory: 4
Calculating RMSE; trajectory: 5
Calculating RMSE; trajectory: 6
Calculating RMSE; trajectory: 7
Calculating RMSE; trajectory: 8
Calculating RMSE; trajectory: 9
Calculating dynamic time warping distance; trajectory: 1
Calculating dynamic time warping distance; trajectory: 2
Calculating dynamic time warping distance; trajectory: 3
Calculating dynamic time warping distance; trajectory: 4
Calculating dynamic time warping distance; trajectory: 5
Calculating dynamic time warping distance; trajectory: 6
Calculating dynamic time warping distance; trajectory: 7
Calculating dynamic time warping distance; trajectory: 8
Calculating dynamic time warping distance; trajectory: 9
Calculating Frechet distance; trajectory: 1
Calculating Frechet distance; trajectory: 2
Calculating Frechet distance; trajectory: 3
Calculating Frechet distance; trajectory: 4
Calculating Frechet distance; trajectory: 5
Calculating Frechet distance; trajectory: 6
Calculating Frechet distance; trajectory: 7
Calculating Frechet distance; trajectory: 8
Calculating Frechet distance; trajectory: 9
Saving image to ./results/1st_order_R3S3_sweep_16may/5/images/primitive_0_iter_26000.pdf...
Metrics sum: 0.1093253918065573 ; Number of unsuccessful trajectories: 0
26000 Total cost: 1.8852279026759788e-06
26010 Total cost: 4.159703166806139e-06
26020 Total cost: 2.816980668285396e-06
26030 Total cost: 5.747561317548389e-06
26040 Total cost: 4.2030751501442865e-06
26050 Total cost: 1.9877022623404628e-06
26060 Total cost: 2.9188495318521746e-06
26070 Total cost: 1.6256412891380023e-06
26080 Total cost: 4.654092208511429e-06
26090 Total cost: 1.1692014822983765e-06
26100 Total cost: 4.276202162145637e-06
26110 Total cost: 1.0266977369610686e-05
26120 Total cost: 1.700250663816405e-06
26130 Total cost: 2.1438911517179804e-06
26140 Total cost: 8.800821888144128e-06
26150 Total cost: 4.814976364286849e-06
26160 Total cost: 1.8560909893494681e-06
26170 Total cost: 4.41989232058404e-06
26180 Total cost: 1.9272863482910907e-06
26190 Total cost: 8.27860912977485e-06
26200 Total cost: 6.165039394545602e-06
26210 Total cost: 6.783454409742262e-06
26220 Total cost: 5.099189365864731e-06
26230 Total cost: 1.5774663779666298e-06
26240 Total cost: 2.4383059553656494e-06
26250 Total cost: 7.233452379296068e-06
26260 Total cost: 4.109273959329585e-06
26270 Total cost: 3.577324832804152e-06
26280 Total cost: 8.264402822533157e-06
26290 Total cost: 4.827097654924728e-06
26300 Total cost: 2.834031874954235e-06
26310 Total cost: 1.6716018080842332e-06
26320 Total cost: 5.315873295330675e-06
26330 Total cost: 5.187183433008613e-06
26340 Total cost: 6.66159758111462e-06
26350 Total cost: 1.6096204262794345e-06
26360 Total cost: 5.067204256192781e-06
26370 Total cost: 6.611107892240398e-06
26380 Total cost: 1.3084370948490687e-05
26390 Total cost: 6.065816705813631e-06
26400 Total cost: 5.58806823391933e-06
26410 Total cost: 2.503582209101296e-06
26420 Total cost: 5.264321771392133e-06
26430 Total cost: 3.200035507688881e-06
26440 Total cost: 7.69503640185576e-06
26450 Total cost: 6.809170827182243e-06
26460 Total cost: 1.7750711549524567e-06
26470 Total cost: 5.423901711765211e-06
26480 Total cost: 3.767510406760266e-06
26490 Total cost: 7.184208698163275e-06
26500 Total cost: 2.672994696695241e-06
26510 Total cost: 2.218125246145064e-06
26520 Total cost: 4.704827006207779e-06
26530 Total cost: 3.8806670090707485e-06
26540 Total cost: 2.6375871584605193e-06
26550 Total cost: 1.4787581221753499e-06
26560 Total cost: 4.048903520015301e-06
26570 Total cost: 7.74204181652749e-06
26580 Total cost: 2.952082240881282e-06
26590 Total cost: 3.334367647767067e-06
26600 Total cost: 2.393643171672011e-06
26610 Total cost: 1.7167822079500183e-06
26620 Total cost: 4.013870238850359e-06
26630 Total cost: 5.920238436374348e-06
26640 Total cost: 1.6762069208198227e-06
26650 Total cost: 1.3175359754313831e-06
26660 Total cost: 1.5167973970164894e-06
26670 Total cost: 4.0374748095928226e-06
26680 Total cost: 1.1500119398988318e-05
26690 Total cost: 6.1025734794384334e-06
26700 Total cost: 3.171962589476607e-06
26710 Total cost: 4.4495541260403115e-06
26720 Total cost: 2.6012962734967005e-06
26730 Total cost: 2.867985813281848e-06
26740 Total cost: 1.1995849490631372e-05
26750 Total cost: 5.355101620807545e-06
26760 Total cost: 2.5072060907405103e-06
26770 Total cost: 8.25792540126713e-06
26780 Total cost: 2.152291244783555e-06
26790 Total cost: 2.606953785289079e-06
26800 Total cost: 2.4673581719980575e-06
26810 Total cost: 2.8510410174931167e-06
26820 Total cost: 3.431426875977195e-06
26830 Total cost: 5.408267952589085e-06
26840 Total cost: 6.443482561735436e-06
26850 Total cost: 8.785270438238513e-06
26860 Total cost: 4.13555699196877e-06
26870 Total cost: 2.455150251989835e-06
26880 Total cost: 2.327189577044919e-06
26890 Total cost: 2.3458999294234673e-06
26900 Total cost: 8.123330417220131e-07
26910 Total cost: 1.3781054803985171e-05
26920 Total cost: 1.4771319456485799e-06
26930 Total cost: 5.073055035609286e-06
26940 Total cost: 5.022777259000577e-06
26950 Total cost: 5.4893830565561075e-06
26960 Total cost: 7.631452717760112e-06
26970 Total cost: 2.892842758228653e-06
26980 Total cost: 4.4874445848108735e-06
26990 Total cost: 3.993091468146304e-06
Calculating RMSE; trajectory: 1
Calculating RMSE; trajectory: 2
Calculating RMSE; trajectory: 3
Calculating RMSE; trajectory: 4
Calculating RMSE; trajectory: 5
Calculating RMSE; trajectory: 6
Calculating RMSE; trajectory: 7
Calculating RMSE; trajectory: 8
Calculating RMSE; trajectory: 9
Calculating dynamic time warping distance; trajectory: 1
Calculating dynamic time warping distance; trajectory: 2
Calculating dynamic time warping distance; trajectory: 3
Calculating dynamic time warping distance; trajectory: 4
Calculating dynamic time warping distance; trajectory: 5
Calculating dynamic time warping distance; trajectory: 6
Calculating dynamic time warping distance; trajectory: 7
Calculating dynamic time warping distance; trajectory: 8
Calculating dynamic time warping distance; trajectory: 9
Calculating Frechet distance; trajectory: 1
Calculating Frechet distance; trajectory: 2
Calculating Frechet distance; trajectory: 3
Calculating Frechet distance; trajectory: 4
Calculating Frechet distance; trajectory: 5
Calculating Frechet distance; trajectory: 6
Calculating Frechet distance; trajectory: 7
Calculating Frechet distance; trajectory: 8
Calculating Frechet distance; trajectory: 9
Saving image to ./results/1st_order_R3S3_sweep_16may/5/images/primitive_0_iter_27000.pdf...
Metrics sum: 0.09940016513580267 ; Number of unsuccessful trajectories: 0
27000 Total cost: 2.4256305550807156e-06
27010 Total cost: 3.0455630621872842e-06
27020 Total cost: 1.0516937436477747e-05
27030 Total cost: 9.877048796624877e-06
27040 Total cost: 2.485586946932017e-06
27050 Total cost: 9.307137588621117e-06
27060 Total cost: 1.7324076679869904e-06
27070 Total cost: 7.5531384027272e-06
27080 Total cost: 2.9977195481478702e-06
27090 Total cost: 1.254038011211378e-06
27100 Total cost: 2.6333202640671516e-06
27110 Total cost: 6.105393822508631e-06
27120 Total cost: 5.2233094720577355e-06
27130 Total cost: 6.965965440031141e-06
27140 Total cost: 7.744967660983093e-06
27150 Total cost: 4.310094482207205e-06
27160 Total cost: 4.5357287490332965e-06
27170 Total cost: 7.12145720171975e-06
27180 /home/khw/Projects/pumafabrics/pumafabrics/puma_adapted/evaluation/evaluate_nd.py:20: VisibleDeprecationWarning: Creating an ndarray from ragged nested sequences (which is a list-or-tuple of lists-or-tuples-or ndarrays with different lengths or shapes) is deprecated. If you meant to do this, you must specify 'dtype=object' when creating the ndarray.
  delta_t_history = np.array(self.delta_t_eval)
Total cost: 4.0571731005911715e-06
27190 Total cost: 6.2394228734774515e-06
27200 Total cost: 6.06395906288526e-06
27210 Total cost: 2.2853573682368733e-06
27220 Total cost: 2.5127625121967867e-05
27230 Total cost: 3.680650934256846e-06
27240 Total cost: 2.3825491552997846e-06
27250 Total cost: 8.287261152872816e-06
27260 Total cost: 3.3133044325950323e-06
27270 Total cost: 2.1230848687991966e-06
27280 Total cost: 4.397166321723489e-06
27290 Total cost: 5.009792403143365e-06
27300 Total cost: 2.245876430606586e-06
27310 Total cost: 2.08936512535729e-06
27320 Total cost: 5.144574515725253e-06
27330 Total cost: 1.394038122271013e-06
27340 Total cost: 6.221815965545829e-06
27350 Total cost: 4.494897439144552e-06
27360 Total cost: 4.570360488287406e-06
27370 Total cost: 1.2937243809574284e-06
27380 Total cost: 4.125390660192352e-06
27390 Total cost: 5.376187345973449e-06
27400 Total cost: 2.8806086902477546e-06
27410 Total cost: 1.955093239303096e-06
27420 Total cost: 3.9023598219500855e-06
27430 Total cost: 2.537151203796384e-06
27440 Total cost: 5.687230441253632e-06
27450 Total cost: 3.421714609430637e-06
27460 Total cost: 3.047896598218358e-06
27470 Total cost: 2.2363392417901196e-06
27480 Total cost: 3.83294445782667e-06
27490 Total cost: 2.375698841206031e-06
27500 Total cost: 8.840091254569415e-07
27510 Total cost: 1.9403996702749282e-06
27520 Total cost: 4.770597570313839e-06
27530 Total cost: 3.4831821267289342e-06
27540 Total cost: 1.5219131910271244e-06
27550 Total cost: 2.234193061667611e-06
27560 Total cost: 2.123888407368213e-06
27570 Total cost: 3.839395048998995e-06
27580 Total cost: 1.4369885548148886e-06
27590 Total cost: 1.165984031104017e-06
27600 Total cost: 1.3951953405921813e-06
27610 Total cost: 1.7479709413237288e-06
27620 Total cost: 4.668826932174852e-06
27630 Total cost: 5.776213583885692e-06
27640 Total cost: 2.3619913918082602e-06
27650 Total cost: 5.322772722138325e-06
27660 Total cost: 2.8775680220860522e-06
27670 Total cost: 7.128830475267023e-06
27680 Total cost: 1.320669525739504e-05
27690 Total cost: 4.868665655521909e-06
27700 Total cost: 4.257447471900377e-06
27710 Total cost: 1.4085617294767871e-05
27720 Total cost: 2.5646445465099532e-06
27730 Total cost: 5.706350748369005e-06
27740 Total cost: 9.443298040423542e-06
27750 Total cost: 1.6307602663800935e-06
27760 Total cost: 5.024072379455902e-06
27770 Total cost: 6.668125934083946e-06
27780 Total cost: 2.4799501261441037e-06
27790 Total cost: 7.255961463670246e-06
27800 Total cost: 2.4762935026956256e-06
27810 Total cost: 7.151647878345102e-06
27820 Total cost: 6.552394097525394e-06
27830 Total cost: 2.1766711597592803e-06
27840 Total cost: 4.6049167394812685e-06
27850 Total cost: 5.378320565796457e-06
27860 Total cost: 3.609560280892765e-06
27870 Total cost: 2.058308382402174e-06
27880 Total cost: 1.3366051234697807e-06
27890 Total cost: 9.132592140304041e-07
27900 Total cost: 6.936310001037782e-06
27910 Total cost: 7.248358087963425e-06
27920 Total cost: 1.7377536778440117e-06
27930 Total cost: 1.8151102949559572e-06
27940 Total cost: 9.70948258327553e-06
27950 Total cost: 2.358832261961652e-06
27960 Total cost: 2.644727828737814e-06
27970 Total cost: 1.9058511497860309e-06
27980 Total cost: 4.473815806704806e-06
27990 Total cost: 3.5884979752154322e-06
Calculating RMSE; trajectory: 1
Calculating RMSE; trajectory: 2
Calculating RMSE; trajectory: 3
Calculating RMSE; trajectory: 4
Calculating RMSE; trajectory: 5
Calculating RMSE; trajectory: 6
Calculating RMSE; trajectory: 7
Calculating RMSE; trajectory: 8
Calculating RMSE; trajectory: 9
Calculating dynamic time warping distance; trajectory: 1
Calculating dynamic time warping distance; trajectory: 2
Calculating dynamic time warping distance; trajectory: 3
Calculating dynamic time warping distance; trajectory: 4
Calculating dynamic time warping distance; trajectory: 5
Calculating dynamic time warping distance; trajectory: 6
Calculating dynamic time warping distance; trajectory: 7
Calculating dynamic time warping distance; trajectory: 8
Calculating dynamic time warping distance; trajectory: 9
Calculating Frechet distance; trajectory: 1
Calculating Frechet distance; trajectory: 2
Calculating Frechet distance; trajectory: 3
Calculating Frechet distance; trajectory: 4
Calculating Frechet distance; trajectory: 5
Calculating Frechet distance; trajectory: 6
Calculating Frechet distance; trajectory: 7
Calculating Frechet distance; trajectory: 8
Calculating Frechet distance; trajectory: 9
Saving image to ./results/1st_order_R3S3_sweep_16may/5/images/primitive_0_iter_28000.pdf...
Metrics sum: 0.10046262682789667 ; Number of unsuccessful trajectories: 0
28000 Total cost: 3.334056373205385e-06
28010 Total cost: 2.5058586743398337e-06
28020 Total cost: 3.1457625482289586e-06
28030 Total cost: 8.093066753644962e-06
28040 Total cost: 2.7557130124478135e-06
28050 Total cost: 1.569210894558637e-06
28060 Total cost: 1.8605030618346063e-06
28070 Total cost: 2.6730538138508564e-06
28080 Total cost: 5.182750555832172e-06
28090 Total cost: 1.8603784610604635e-06
28100 Total cost: 2.7116095679957652e-06
28110 Total cost: 4.072718184033874e-06
28120 Total cost: 1.2798751640730188e-06
28130 Total cost: 2.1440298496600008e-06
28140 Total cost: 5.038077233621152e-06
28150 Total cost: 1.1594496527322917e-06
28160 Total cost: 3.829949946521083e-06
28170 Total cost: 2.950107727883733e-06
28180 Total cost: 3.3149563023471273e-06
28190 Total cost: 1.3908394294048776e-06
28200 Total cost: 7.142944923543837e-06
28210 Total cost: 1.3225090924606775e-06
28220 Total cost: 4.004148649983108e-06
28230 Total cost: 4.872219960816437e-06
28240 Total cost: 2.3721374873275636e-06
28250 Total cost: 4.13616271544015e-06
28260 Total cost: 1.37891747726826e-05
28270 Total cost: 6.9129850999161135e-06
28280 Total cost: 3.3624341995164286e-06
28290 Total cost: 3.180266503477469e-06
28300 Total cost: 3.0447542940237327e-06
28310 Total cost: 3.114105538770673e-06
28320 Total cost: 3.0635810617241077e-06
28330 Total cost: 1.4995881656432175e-06
28340 Total cost: 7.633768291270826e-06
28350 Total cost: 5.748744115408044e-06
28360 Total cost: 3.1008978567115264e-06
28370 Total cost: 2.081553475363762e-06
28380 Total cost: 2.270750428579049e-06
28390 Total cost: 9.338172276329715e-06
28400 Total cost: 4.150504082645057e-06
28410 Total cost: 9.846185093920212e-06
28420 Total cost: 5.86892019782681e-06
28430 Total cost: 1.8100935221809777e-06
28440 Total cost: 1.5258996199918329e-06
28450 Total cost: 2.025049525400391e-06
28460 Total cost: 6.7427072281134315e-06
28470 Total cost: 9.493984180153348e-06
28480 Total cost: 2.1790053779113805e-06
28490 Total cost: 1.8768746485875454e-06
28500 Total cost: 9.802874046727084e-06
28510 Total cost: 1.5076388990564737e-06
28520 Total cost: 9.670139661466237e-06
28530 Total cost: 1.9804315343208145e-06
28540 Total cost: 8.441553518423461e-07
28550 Total cost: 5.5698055803077295e-06
28560 Total cost: 5.013588179281214e-06
28570 Total cost: 1.896234152809484e-06
28580 Total cost: 2.1004336758778663e-06
28590 Total cost: 1.77467779849394e-06
28600 Total cost: 1.6549626025152975e-06
28610 Total cost: 4.129576154809911e-06
28620 Total cost: 3.7634072214132175e-06
28630 Total cost: 3.672814045785344e-06
28640 Total cost: 9.97069219010882e-06
28650 Total cost: 7.045612164802151e-06
28660 Total cost: 4.283424459572416e-06
28670 Total cost: 6.845397365395911e-06
28680 Total cost: 2.758183200057829e-06
28690 Total cost: 5.330736712494399e-06
28700 Total cost: 3.823460701823933e-06
28710 Total cost: 1.2871146282122936e-06
28720 Total cost: 4.438156793185044e-06
28730 Total cost: 1.424858623977343e-06
28740 Total cost: 1.287538339056482e-06
28750 Total cost: 2.7172402496944414e-06
28760 Total cost: 2.5367653506691568e-06
28770 Total cost: 3.461532742221607e-06
28780 Total cost: 4.65597031507059e-06
28790 Total cost: 7.929440471343696e-06
28800 Total cost: 1.929976178871584e-06
28810 Total cost: 2.2483052362076705e-06
28820 Total cost: 6.421643320209114e-06
28830 Total cost: 3.3113417430286063e-06
28840 Total cost: 4.570556484395638e-06
28850 Total cost: 3.34659898726386e-06
28860 Total cost: 2.471964990036213e-06
28870 Total cost: /home/khw/Projects/pumafabrics/pumafabrics/puma_adapted/evaluation/evaluate_nd.py:20: VisibleDeprecationWarning: Creating an ndarray from ragged nested sequences (which is a list-or-tuple of lists-or-tuples-or ndarrays with different lengths or shapes) is deprecated. If you meant to do this, you must specify 'dtype=object' when creating the ndarray.
  delta_t_history = np.array(self.delta_t_eval)
/home/khw/Projects/pumafabrics/pumafabrics/puma_adapted/evaluation/evaluate_nd.py:20: VisibleDeprecationWarning: Creating an ndarray from ragged nested sequences (which is a list-or-tuple of lists-or-tuples-or ndarrays with different lengths or shapes) is deprecated. If you meant to do this, you must specify 'dtype=object' when creating the ndarray.
  delta_t_history = np.array(self.delta_t_eval)
2.423704017928685e-06
28880 Total cost: 1.590770125403651e-06
28890 Total cost: 9.70392193266889e-06
28900 Total cost: 3.258077867940301e-06
28910 Total cost: 4.767962764162803e-06
28920 Total cost: 2.2839622033643536e-06
28930 Total cost: 2.113293248839909e-06
28940 Total cost: 3.636849214672111e-06
28950 Total cost: 3.527944500092417e-06
28960 Total cost: 4.720391189039219e-06
28970 Total cost: 2.3628590497537516e-06
28980 Total cost: 2.246222720714286e-06
28990 Total cost: 3.046743813683861e-06
Calculating RMSE; trajectory: 1
Calculating RMSE; trajectory: 2
Calculating RMSE; trajectory: 3
Calculating RMSE; trajectory: 4
Calculating RMSE; trajectory: 5
Calculating RMSE; trajectory: 6
Calculating RMSE; trajectory: 7
Calculating RMSE; trajectory: 8
Calculating RMSE; trajectory: 9
Calculating dynamic time warping distance; trajectory: 1
Calculating dynamic time warping distance; trajectory: 2
Calculating dynamic time warping distance; trajectory: 3
Calculating dynamic time warping distance; trajectory: 4
Calculating dynamic time warping distance; trajectory: 5
Calculating dynamic time warping distance; trajectory: 6
Calculating dynamic time warping distance; trajectory: 7
Calculating dynamic time warping distance; trajectory: 8
Calculating dynamic time warping distance; trajectory: 9
Calculating Frechet distance; trajectory: 1
Calculating Frechet distance; trajectory: 2
Calculating Frechet distance; trajectory: 3
Calculating Frechet distance; trajectory: 4
Calculating Frechet distance; trajectory: 5
Calculating Frechet distance; trajectory: 6
Calculating Frechet distance; trajectory: 7
Calculating Frechet distance; trajectory: 8
Calculating Frechet distance; trajectory: 9
Saving image to ./results/1st_order_R3S3_sweep_16may/5/images/primitive_0_iter_29000.pdf...
Metrics sum: 0.17628890666791933 ; Number of unsuccessful trajectories: 0
29000 Total cost: 2.406794237685972e-06
29010 Total cost: 1.6663813084960566e-06
29020 Total cost: 1.8394275684840977e-06
29030 Total cost: 1.441683934899629e-06
29040 Total cost: 1.3155228089090087e-06
29050 Total cost: 1.0658815199349192e-06
29060 Total cost: 2.8468170967244077e-06
29070 Total cost: 3.854578608297743e-06
29080 Total cost: 6.177073828439461e-06
29090 Total cost: 2.467315880494425e-06
29100 Total cost: 1.4840632502455264e-05
29110 Total cost: 2.6322343273932347e-06
29120 Total cost: 2.535428620831226e-06
29130 Total cost: 4.0407553569821175e-06
29140 Total cost: 1.8076339074468706e-06
29150 Total cost: 4.135129529458936e-06
29160 Total cost: 1.0919160558842123e-05
29170 Total cost: 3.401490857868339e-06
29180 Total cost: 2.4666344415891217e-06
29190 Total cost: 1.8831499346561031e-06
29200 Total cost: 2.1757039121439448e-06
29210 Total cost: 1.2542925560410367e-06
29220 Total cost: 1.4994302546256222e-06
29230 Total cost: 2.350432168896077e-06
29240 Total cost: 4.56603811471723e-06
29250 Total cost: 1.2073557627445552e-05
29260 Total cost: 5.574927854468115e-06
29270 Total cost: 4.894732228422072e-06
29280 Total cost: 1.387327188240306e-06
29290 Total cost: 2.9375999019976007e-06
29300 Total cost: 3.3121343676612014e-06
29310 Total cost: 9.058308933163062e-06
29320 Total cost: 9.269711881643161e-06
29330 Total cost: 5.786198016721755e-06
29340 Total cost: 2.9411758077912964e-06
29350 Total cost: 1.6959686035988852e-05
29360 Total cost: 5.089773367217276e-06
29370 Total cost: 4.372767307359027e-06
29380 Total cost: 1.8494698679205612e-06
29390 Total cost: 1.432463932360406e-06
29400 Total cost: 1.9652413811854785e-06
29410 Total cost: 4.664258540287847e-06
29420 Total cost: 2.759334392976598e-06
29430 Total cost: 2.4155144728865707e-06
29440 Total cost: 1.8938139874080662e-06
29450 Total cost: 1.0451333309902111e-06
29460 Total cost: 4.063795586262131e-06
29470 Total cost: 4.824997631658334e-06
29480 Total cost: 1.3977464732306544e-06
29490 Total cost: 7.933267625048757e-06
29500 Total cost: 1.988391431950731e-06
29510 Total cost: 1.8946201407743501e-06
29520 Total cost: 6.0574902818189e-06
29530 Total cost: 5.285440693114651e-06
29540 Total cost: 2.6409372821945e-06
29550 Total cost: 1.872183702289476e-06
29560 Total cost: 1.421032493453822e-06
29570 Total cost: 4.074655407748651e-06
29580 Total cost: 9.190806849801447e-06
29590 Total cost: 4.273784270480974e-06
29600 Total cost: 2.8066117465641582e-06
29610 Total cost: 1.1848777603518101e-06
29620 Total cost: 3.5891666811949108e-06
29630 Total cost: 2.4421483431069646e-06
29640 Total cost: 1.17947081434977e-06
29650 Total cost: 3.462411996224546e-06
29660 Total cost: 4.040781732328469e-06
29670 Total cost: 1.6567485090490663e-06
29680 Total cost: 3.2667953746567946e-06
29690 Total cost: 1.3210725455792272e-06
29700 Total cost: 1.1918882591999136e-06
29710 Total cost: 1.1968332955802907e-06
29720 Total cost: 4.2232900341332424e-06
29730 Total cost: 1.5136630509005045e-06
29740 Total cost: 3.88173475585063e-06
29750 Total cost: 1.5363275451818481e-06
29760 Total cost: 1.935073214553995e-06
29770 Total cost: 4.6507943807228e-06
29780 Total cost: 5.7419460972596426e-06
29790 Total cost: 1.2106872418371495e-05
29800 Total cost: 1.7091736026486615e-06
29810 Total cost: 1.827034338930389e-06
29820 Total cost: 3.5492598726705182e-06
29830 Total cost: 2.104776967826183e-06
29840 Total cost: 1.5978994269971736e-06
29850 Total cost: 2.324422439414775e-06
29860 Total cost: 3.100539061051677e-06
29870 Total cost: 1.9150925254507456e-06
29880 Total cost: 7.638232091267128e-06
29890 Total cost: 3.5968121210316895e-06
29900 Total cost: 2.4262885744974483e-06
29910 Total cost: 1.603668169991579e-05
29920 Total cost: 2.3230390979733784e-06
29930 Total cost: 1.2373192248560372e-06
29940 Total cost: 3.4527095067460323e-06
29950 Total cost: 3.0827391128696036e-06
29960 Total cost: 1.131735530179867e-06
29970 Total cost: 1.5069476830831263e-06
29980 Total cost: 3.0474325285467785e-06
29990 Total cost: 5.3621338338416535e-06
Calculating RMSE; trajectory: 1
Calculating RMSE; trajectory: 2
Calculating RMSE; trajectory: 3
Calculating RMSE; trajectory: 4
Calculating RMSE; trajectory: 5
Calculating RMSE; trajectory: 6
Calculating RMSE; trajectory: 7
Calculating RMSE; trajectory: 8
Calculating RMSE; trajectory: 9
Calculating dynamic time warping distance; trajectory: 1
Calculating dynamic time warping distance; trajectory: 2
Calculating dynamic time warping distance; trajectory: 3
Calculating dynamic time warping distance; trajectory: 4
Calculating dynamic time warping distance; trajectory: 5
Calculating dynamic time warping distance; trajectory: 6
Calculating dynamic time warping distance; trajectory: 7
Calculating dynamic time warping distance; trajectory: 8
Calculating dynamic time warping distance; trajectory: 9
Calculating Frechet distance; trajectory: 1
Calculating Frechet distance; trajectory: 2
Calculating Frechet distance; trajectory: 3
Calculating Frechet distance; trajectory: 4
Calculating Frechet distance; trajectory: 5
Calculating Frechet distance; trajectory: 6
Calculating Frechet distance; trajectory: 7
Calculating Frechet distance; trajectory: 8
Calculating Frechet distance; trajectory: 9
Saving image to ./results/1st_order_R3S3_sweep_16may/5/images/primitive_0_iter_30000.pdf...
Metrics sum: 0.10654230699379347 ; Number of unsuccessful trajectories: 0
30000 Total cost: 6.5354174694221e-06
30010 Total cost: 4.474553861655295e-06
30020 Total cost: 7.415477284666849e-06
30030 Total cost: 3.6895314678986324e-06
30040 Total cost: 3.3734463613654952e-06
30050 Total cost: 9.003168997878674e-06
30060 Total cost: 1.9030078419746133e-06
30070 Total cost: 1.02426304238179e-06
30080 Total cost: 2.2817146145825973e-06
30090 Total cost: 7.189165444287937e-06
30100 Total cost: 3.6724920846609166e-06
30110 Total cost: 6.264147032197798e-06
30120 Total cost: 2.0818717985093826e-06
30130 Total cost: 2.591093789305887e-06
30140 Total cost: 2.018021177718765e-06
30150 Total cost: 3.5864450182998553e-06
30160 Total cost: 1.1264171916991472e-05
30170 Total cost: 5.493399385159137e-06
30180 Total cost: 8.274185347545426e-06
30190 Total cost: 3.8283856156340335e-06
30200 Total cost: 7.834510142856743e-06
30210 Total cost: 3.002890935022151e-06
30220 Total cost: /home/khw/Projects/pumafabrics/pumafabrics/puma_adapted/evaluation/evaluate_nd.py:20: VisibleDeprecationWarning: Creating an ndarray from ragged nested sequences (which is a list-or-tuple of lists-or-tuples-or ndarrays with different lengths or shapes) is deprecated. If you meant to do this, you must specify 'dtype=object' when creating the ndarray.
  delta_t_history = np.array(self.delta_t_eval)
5.6181979743996635e-06
30230 Total cost: 7.235047633002978e-06
30240 Total cost: 8.828781574266031e-06
30250 Total cost: 1.2434214795575826e-06
30260 Total cost: 3.174805669914349e-06
30270 Total cost: 1.2242113371030428e-05
30280 Total cost: 1.540614789519168e-06
30290 Total cost: 2.0020422653033165e-06
30300 Total cost: 1.0882287142521818e-06
30310 Total cost: 3.308771056254045e-06
30320 Total cost: 3.1508805022895103e-06
30330 Total cost: 1.7670416809778544e-06
30340 Total cost: 2.8448127977753757e-06
30350 Total cost: 2.4731409666856052e-06
30360 Total cost: 3.974968876718776e-06
30370 Total cost: 1.5941687934173387e-06
30380 Total cost: 1.0321804438717663e-05
30390 Total cost: 3.1534202662442112e-06
30400 Total cost: 6.423036211344879e-06
30410 Total cost: 1.0244379154755734e-05
30420 Total cost: 5.495816367329098e-06
30430 Total cost: 2.441603328406927e-06
30440 Total cost: 2.604007704576361e-06
30450 Total cost: 3.5675348044605926e-06
30460 Total cost: 2.096297748721554e-06
30470 Total cost: 2.5461827135586645e-06
30480 Total cost: 2.183316837545135e-06
30490 Total cost: 1.8214699366581044e-06
30500 Total cost: 5.016892373532755e-06
30510 Total cost: 1.8271324506713427e-06
30520 Total cost: 4.351499228505418e-06
30530 Total cost: 1.1223759202039219e-06
30540 Total cost: 3.659978347059223e-06
30550 Total cost: 1.5100487189556588e-06
30560 Total cost: 3.5367249893170083e-06
30570 Total cost: 2.9463094506354537e-06
30580 Total cost: 2.605343979666941e-06
30590 Total cost: 4.872510999121005e-06
30600 Total cost: 1.976071871467866e-06
30610 Total cost: 7.913813533377834e-06
30620 Total cost: 3.922109044651734e-06
30630 Total cost: 6.010429387970362e-06
30640 Total cost: 3.7291722492227564e-06
30650 Total cost: 4.703298145614099e-06
30660 Total cost: 2.0771153685927857e-06
30670 Total cost: 3.860026936308714e-06
30680 Total cost: 4.8029673962446395e-06
30690 Total cost: 4.2246956581948325e-06
30700 Total cost: 3.149456688333885e-06
30710 Total cost: 4.888209332420956e-06
30720 Total cost: 4.567628820950631e-06
30730 Total cost: 1.009893458103761e-05
30740 Total cost: 4.334891855251044e-06
30750 Total cost: 5.448674983199453e-06
30760 Total cost: 4.787985744769685e-06
30770 Total cost: 1.4711359881403041e-06
30780 Total cost: 4.801193881576182e-06
30790 Total cost: 1.6686985873093363e-06
30800 Total cost: 3.1493518690695055e-06
30810 Total cost: 1.7958700482267886e-06
30820 Total cost: 8.420949598075822e-06
30830 Total cost: 6.747029601683607e-06
30840 Total cost: 1.605007128091529e-06
30850 Total cost: 4.7879675548756495e-06
30860 Total cost: 6.878917247377103e-06
30870 Total cost: 2.771056870187749e-06
30880 Total cost: 2.57093734035152e-06
30890 Total cost: 1.851070010161493e-06
30900 Total cost: 3.7334434637159575e-06
30910 Total cost: 3.5193675103073474e-06
30920 Total cost: 7.55781184125226e-06
30930 Total cost: 2.248783630420803e-06
30940 Total cost: 1.7439125485907425e-06
30950 Total cost: 2.4977744033094496e-06
30960 Total cost: 7.374757842626423e-06
30970 Total cost: 3.5381317502469756e-06
30980 Total cost: 1.7384980992574128e-06
30990 Total cost: 2.068454250547802e-06
Calculating RMSE; trajectory: 1
Calculating RMSE; trajectory: 2
Calculating RMSE; trajectory: 3
Calculating RMSE; trajectory: 4
Calculating RMSE; trajectory: 5
Calculating RMSE; trajectory: 6
Calculating RMSE; trajectory: 7
Calculating RMSE; trajectory: 8
Calculating RMSE; trajectory: 9
Calculating dynamic time warping distance; trajectory: 1
Calculating dynamic time warping distance; trajectory: 2
Calculating dynamic time warping distance; trajectory: 3
Calculating dynamic time warping distance; trajectory: 4
Calculating dynamic time warping distance; trajectory: 5
Calculating dynamic time warping distance; trajectory: 6
Calculating dynamic time warping distance; trajectory: 7
Calculating dynamic time warping distance; trajectory: 8
Calculating dynamic time warping distance; trajectory: 9
Calculating Frechet distance; trajectory: 1
Calculating Frechet distance; trajectory: 2
Calculating Frechet distance; trajectory: 3
Calculating Frechet distance; trajectory: 4
Calculating Frechet distance; trajectory: 5
Calculating Frechet distance; trajectory: 6
Calculating Frechet distance; trajectory: 7
Calculating Frechet distance; trajectory: 8
Calculating Frechet distance; trajectory: 9
Saving image to ./results/1st_order_R3S3_sweep_16may/5/images/primitive_0_iter_31000.pdf...
Metrics sum: 0.10792253738978515 ; Number of unsuccessful trajectories: 0
31000 Total cost: 4.61693707620725e-06
31010 Total cost: 1.9557760424504522e-06
31020 Total cost: 7.447854386555264e-07
31030 Total cost: 8.676435754750855e-06
31040 Total cost: 1.5940682942527928e-06
31050 Total cost: 1.9731312477233587e-06
31060 Total cost: 7.238260423036991e-06
31070 Total cost: 5.0824428399209864e-06
31080 Total cost: 2.88020873995265e-06
31090 Total cost: 4.328252543928102e-06
31100 Total cost: 5.398940174927702e-06
31110 Total cost: 1.191224100693944e-06
31120 Total cost: 2.333562861167593e-06
31130 Total cost: 2.689264647415257e-06
31140 Total cost: 3.8020532429072773e-06
31150 Total cost: 1.5486493794014677e-06
31160 Total cost: 5.277984200802166e-06
31170 Total cost: 2.4966579985630233e-06
31180 Total cost: 2.24420114136592e-06
31190 Total cost: 3.496227236610139e-06
31200 Total cost: 1.8495983340471867e-06
31210 Total cost: 8.664845154271461e-06
31220 Total cost: 3.530428330122959e-06
31230 Total cost: 3.851418114209082e-06
31240 Total cost: 6.394075171556324e-06
31250 Total cost: 1.013021119433688e-05
31260 Total cost: 2.929867150669452e-06
31270 Total cost: 1.7884245835375623e-06
31280 Total cost: 1.1956200296481256e-06
31290 Total cost: 3.871647550113266e-06
31300 Total cost: 3.76363414034131e-06
31310 Total cost: 1.0188759915763512e-05
31320 Total cost: 7.337938313867198e-06
31330 Total cost: 8.87173086994153e-07
31340 Total cost: 5.032642548030708e-06
31350 Total cost: 1.4386556586032384e-06
31360 Total cost: 2.1112080048624193e-06
31370 Total cost: 3.102297114310204e-06
31380 Total cost: 7.48332058719825e-06
31390 Total cost: 2.651488102856092e-06
31400 Total cost: 3.5928744637203636e-06
31410 Total cost: 5.144641818333184e-06
31420 Total cost: 6.317877250694437e-06
31430 Total cost: 4.634629021893488e-06
31440 Total cost: 1.5788333485033945e-06
31450 Total cost: 2.674162715265993e-06
31460 Total cost: 5.146597231941996e-06
31470 Total cost: 2.3359680199064314e-06
31480 Total cost: 1.5708031924077659e-06
31490 Total cost: 1.7379088603775017e-06
31500 Total cost: 6.4086116253747605e-06
31510 Total cost: 6.158500127639854e-06
31520 Total cost: 2.0325144305388676e-06
31530 Total cost: 5.601381417363882e-06
31540 Total cost: 4.176106358499965e-06
31550 Total cost: 2.395881892880425e-06
31560 Total cost: 3.5393768484937027e-06
31570 Total cost: 2.5867516342259478e-06
31580 Total cost: 6.9946895564498845e-06
31590 Total cost: 3.948509402107447e-06
31600 Total cost: 8.584066563344095e-06
31610 Total cost: 2.164360694223433e-06
31620 Total cost: 1.5867959746174165e-06
31630 Total cost: 2.64058598986594e-06
31640 Total cost: 6.2446415540762246e-06
31650 Total cost: 1.814185793591605e-06
31660 Total cost: 2.040907247646828e-06
31670 Total cost: 5.332110958988778e-06
31680 Total cost: 5.495009645528626e-06
31690 Total cost: 1.897394326988433e-06
31700 Total cost: 2.2321553387882886e-06
31710 Total cost: 2.695212742764852e-06
31720 Total cost: 8.464307938993443e-06
31730 Total cost: 5.390418664319441e-06
31740 Total cost: 1.0238961749564623e-06
31750 Total cost: 1.795964635675773e-06
31760 Total cost: 1.7419840787624707e-06
31770 Total cost: 1.2231558912390028e-06
31780 Total cost: 1.8557493604021147e-06
31790 Total cost: 1.1425573802625877e-06
31800 Total cost: 3.232330300306785e-06
31810 Total cost: 1.2416900290190824e-06
31820 Total cost: 2.056681069007027e-06
31830 Total cost: 4.9148043217428494e-06
31840 Total cost: 1.4441222901950823e-06
31850 Total cost: 3.729582431333256e-06
31860 Total cost: 8.596593033871613e-06
31870 Total cost: 2.253063485113671e-06
31880 Total cost: 6.714648407069035e-06
31890 Total cost: 3.4201254948129645e-06
31900 Total cost: 1.3389702644417412e-06
31910 Total cost: /home/khw/Projects/pumafabrics/pumafabrics/puma_adapted/evaluation/evaluate_nd.py:20: VisibleDeprecationWarning: Creating an ndarray from ragged nested sequences (which is a list-or-tuple of lists-or-tuples-or ndarrays with different lengths or shapes) is deprecated. If you meant to do this, you must specify 'dtype=object' when creating the ndarray.
  delta_t_history = np.array(self.delta_t_eval)
/home/khw/Projects/pumafabrics/pumafabrics/puma_adapted/evaluation/evaluate_nd.py:20: VisibleDeprecationWarning: Creating an ndarray from ragged nested sequences (which is a list-or-tuple of lists-or-tuples-or ndarrays with different lengths or shapes) is deprecated. If you meant to do this, you must specify 'dtype=object' when creating the ndarray.
  delta_t_history = np.array(self.delta_t_eval)
3.485418119453243e-06
31920 Total cost: 1.4163123296384583e-06
31930 Total cost: 6.233889052964514e-06
31940 Total cost: 2.5869121600408107e-06
31950 Total cost: 2.3287832391361007e-06
31960 Total cost: 1.518315116300073e-06
31970 Total cost: 5.39213669981109e-06
31980 Total cost: 3.3361977784807095e-06
31990 Total cost: 1.7980397615247057e-06
Calculating RMSE; trajectory: 1
Calculating RMSE; trajectory: 2
Calculating RMSE; trajectory: 3
Calculating RMSE; trajectory: 4
Calculating RMSE; trajectory: 5
Calculating RMSE; trajectory: 6
Calculating RMSE; trajectory: 7
Calculating RMSE; trajectory: 8
Calculating RMSE; trajectory: 9
Calculating dynamic time warping distance; trajectory: 1
Calculating dynamic time warping distance; trajectory: 2
Calculating dynamic time warping distance; trajectory: 3
Calculating dynamic time warping distance; trajectory: 4
Calculating dynamic time warping distance; trajectory: 5
Calculating dynamic time warping distance; trajectory: 6
Calculating dynamic time warping distance; trajectory: 7
Calculating dynamic time warping distance; trajectory: 8
Calculating dynamic time warping distance; trajectory: 9
Calculating Frechet distance; trajectory: 1
Calculating Frechet distance; trajectory: 2
Calculating Frechet distance; trajectory: 3
Calculating Frechet distance; trajectory: 4
Calculating Frechet distance; trajectory: 5
Calculating Frechet distance; trajectory: 6
Calculating Frechet distance; trajectory: 7
Calculating Frechet distance; trajectory: 8
Calculating Frechet distance; trajectory: 9
Saving image to ./results/1st_order_R3S3_sweep_16may/5/images/primitive_0_iter_32000.pdf...
Metrics sum: 0.09704470884810801 ; Number of unsuccessful trajectories: 0
32000 Total cost: 2.692470388865331e-06
32010 Total cost: 1.3610504083771957e-06
32020 Total cost: 2.1551245481532533e-06
32030 Total cost: 6.429665063478751e-06
32040 Total cost: 4.394923962536268e-06
32050 Total cost: 6.673854841210414e-06
32060 Total cost: 3.966303211200284e-06
32070 Total cost: 3.283610794824199e-06
32080 Total cost: 4.6755981202295516e-06
32090 Total cost: 1.628428663025261e-06
32100 Total cost: 1.1048821306758327e-06
32110 Total cost: 7.831138645997271e-06
32120 Total cost: 3.1392517030326417e-06
32130 Total cost: 2.5575752715667477e-06
32140 Total cost: 1.9326171241118573e-06
32150 Total cost: 2.4157445750461193e-06
32160 Total cost: 3.4556628634163644e-06
32170 Total cost: 3.0274434266175376e-06
32180 Total cost: 3.6780411392101087e-06
32190 Total cost: 4.118421202292666e-06
32200 Total cost: 2.955005811600131e-06
32210 Total cost: 2.004645921260817e-06
32220 Total cost: 1.1201753977729823e-06
32230 Total cost: 4.496186193136964e-06
32240 Total cost: 2.9957698188809445e-06
32250 Total cost: 1.7286524780502077e-06
32260 Total cost: 3.0042956495890394e-06
32270 Total cost: 6.2831650211592205e-06
32280 Total cost: 1.0642056622600649e-05
32290 Total cost: 7.378524060186464e-06
32300 Total cost: 2.180915544158779e-06
32310 Total cost: 2.8281481263547903e-06
32320 Total cost: 2.7014325496566016e-06
32330 Total cost: 1.5842766742935055e-06
32340 Total cost: 2.0885565845674137e-06
32350 Total cost: 1.7977096149479621e-06
32360 Total cost: 4.132218691665912e-06
32370 Total cost: 1.0227311122434912e-06
32380 Total cost: 1.2378075098240515e-06
32390 Total cost: 3.2810958146001212e-06
32400 Total cost: 4.124505267100176e-06
32410 Total cost: 3.949919573642546e-06
32420 Total cost: 1.9040035112993792e-06
32430 Total cost: 8.241327122959774e-06
32440 Total cost: 1.4912311598891392e-06
32450 Total cost: 1.7333800315100234e-06
32460 Total cost: 5.622634375868074e-07
32470 Total cost: 2.236221916973591e-06
32480 Total cost: 1.7907633491631714e-06
32490 Total cost: 3.590596406866098e-06
32500 Total cost: 5.2517075346258935e-06
32510 Total cost: 5.006427272746805e-06
32520 Total cost: 2.2907886432221858e-06
32530 Total cost: 9.61889872996835e-06
32540 Total cost: 7.926537364255637e-06
32550 Total cost: 3.7336769764806377e-06
32560 Total cost: 9.713719009596389e-06
32570 Total cost: 7.420102065225365e-06
32580 Total cost: 1.1428790458012372e-05
32590 Total cost: 3.06720653497905e-06
32600 Total cost: 2.4771711650828365e-06
32610 Total cost: 4.938276561006205e-06
32620 Total cost: 8.011943464225624e-06
32630 Total cost: 1.0623484740790445e-05
32640 Total cost: 2.6471677756489953e-06
32650 Total cost: 1.717659984024067e-06
32660 Total cost: 3.2739903872425202e-06
32670 Total cost: 2.77226035905187e-06
32680 Total cost: 4.833734237763565e-06
32690 Total cost: 2.0919947019137908e-06
32700 Total cost: 4.921549589198548e-06
32710 Total cost: 9.259572834707797e-06
32720 Total cost: 3.8086641325207893e-06
32730 Total cost: 3.981081135862041e-06
32740 Total cost: 4.497642748901853e-06
32750 Total cost: 1.1837720194307622e-05
32760 Total cost: 1.8504955505704856e-06
32770 Total cost: 3.884297711920226e-06
32780 Total cost: 1.238653453583538e-06
32790 Total cost: 5.36097286385484e-06
32800 Total cost: 5.105503078084439e-06
32810 Total cost: 1.5382397577923257e-06
32820 Total cost: 7.491894393751863e-06
32830 Total cost: 5.148724994796794e-06
32840 Total cost: 4.906954018224496e-06
32850 Total cost: 5.849143462910433e-07
32860 Total cost: 4.266722953616409e-06
32870 Total cost: 2.5215549612767063e-06
32880 Total cost: 1.8452415133651812e-06
32890 Total cost: 3.1153417694440577e-06
32900 Total cost: 3.651487304523471e-06
32910 Total cost: 4.9780078370531555e-06
32920 Total cost: 2.1615446712530684e-06
32930 Total cost: 1.5905932286841562e-06
32940 Total cost: 1.0110128414453357e-06
32950 Total cost: 5.867987511010142e-06
32960 Total cost: 3.898425347870216e-06
32970 Total cost: 3.858533091261052e-06
32980 Total cost: 1.5295022421923932e-06
32990 Total cost: 3.1222120924212504e-06
Calculating RMSE; trajectory: 1
Calculating RMSE; trajectory: 2
Calculating RMSE; trajectory: 3
Calculating RMSE; trajectory: 4
Calculating RMSE; trajectory: 5
Calculating RMSE; trajectory: 6
Calculating RMSE; trajectory: 7
Calculating RMSE; trajectory: 8
Calculating RMSE; trajectory: 9
Calculating dynamic time warping distance; trajectory: 1
Calculating dynamic time warping distance; trajectory: 2
Calculating dynamic time warping distance; trajectory: 3
Calculating dynamic time warping distance; trajectory: 4
Calculating dynamic time warping distance; trajectory: 5
Calculating dynamic time warping distance; trajectory: 6
Calculating dynamic time warping distance; trajectory: 7
Calculating dynamic time warping distance; trajectory: 8
Calculating dynamic time warping distance; trajectory: 9
Calculating Frechet distance; trajectory: 1
Calculating Frechet distance; trajectory: 2
Calculating Frechet distance; trajectory: 3
Calculating Frechet distance; trajectory: 4
Calculating Frechet distance; trajectory: 5
Calculating Frechet distance; trajectory: 6
Calculating Frechet distance; trajectory: 7
Calculating Frechet distance; trajectory: 8
Calculating Frechet distance; trajectory: 9
Saving image to ./results/1st_order_R3S3_sweep_16may/5/images/primitive_0_iter_33000.pdf...
Metrics sum: 0.10107986166232154 ; Number of unsuccessful trajectories: 0
33000 Total cost: 7.048646239127265e-06
33010 Total cost: 1.4453852372753317e-06
33020 Total cost: 1.4591613535230863e-06
33030 Total cost: 3.6943604300176958e-06
33040 Total cost: 1.2113284810766345e-06
33050 Total cost: 2.6979662379744695e-06
33060 Total cost: 1.8272513671035995e-06
33070 Total cost: 1.2393014685585513e-06
33080 Total cost: 9.159369369626802e-07
33090 Total cost: 3.8878806662978604e-06
33100 Total cost: 8.254310159827583e-06
33110 Total cost: 5.4279935284284875e-06
33120 Total cost: 2.082811306536314e-06
33130 Total cost: 7.030113920336589e-06
33140 Total cost: 4.6948439376137685e-06
33150 Total cost: 3.967324119003024e-06
33160 Total cost: 3.89683191315271e-06
33170 Total cost: 1.3971656471767346e-06
33180 Total cost: 3.426416469665128e-06
33190 Total cost: 2.685503432076075e-06
33200 Total cost: 2.8199515327287372e-06
33210 Total cost: 7.709956662438344e-06
33220 Total cost: 7.4170025072817225e-06
33230 Total cost: 1.790034002624452e-05
33240 Total cost: 4.7891130634525325e-06
33250 Total cost: 1.5422421029143152e-06
33260 Total cost: /home/khw/Projects/pumafabrics/pumafabrics/puma_adapted/evaluation/evaluate_nd.py:20: VisibleDeprecationWarning: Creating an ndarray from ragged nested sequences (which is a list-or-tuple of lists-or-tuples-or ndarrays with different lengths or shapes) is deprecated. If you meant to do this, you must specify 'dtype=object' when creating the ndarray.
  delta_t_history = np.array(self.delta_t_eval)
3.516317065077601e-06
33270 Total cost: 5.133287686476251e-06
33280 Total cost: 8.156586773111485e-06
33290 Total cost: 3.4158404105255613e-06
33300 Total cost: 1.2170387435617158e-06
33310 Total cost: 3.933670541300671e-06
33320 Total cost: 1.1120067711090087e-06
33330 Total cost: 2.229867504865979e-06
33340 Total cost: 3.25396831613034e-06
33350 Total cost: 1.05480003185221e-05
33360 Total cost: 6.11422183283139e-06
33370 Total cost: 7.100202765286667e-06
33380 Total cost: 2.345330813113833e-06
33390 Total cost: 6.07068432145752e-06
33400 Total cost: 8.813248314254452e-06
33410 Total cost: 8.091790732578374e-06
33420 Total cost: 5.913313088967698e-06
33430 Total cost: 5.763475655840011e-06
33440 Total cost: 3.151257942590746e-06
33450 Total cost: 5.183439952816116e-06
33460 Total cost: 1.7559474372319528e-06
33470 Total cost: 4.727829491457669e-06
33480 Total cost: 1.9793342289631255e-06
33490 Total cost: 2.4945568384282524e-06
33500 Total cost: 4.294663540349575e-06
33510 Total cost: 1.6600689605184016e-06
33520 Total cost: 2.8933948215126293e-06
33530 Total cost: 2.9109546630934346e-06
33540 Total cost: 3.56011560143088e-06
33550 Total cost: 2.9402217478491366e-06
33560 Total cost: 5.309261268848786e-06
33570 Total cost: 6.1991331676836126e-06
33580 Total cost: 2.1199837192398263e-06
33590 Total cost: 7.833537551960035e-07
33600 Total cost: 2.2892099877935834e-06
33610 Total cost: 3.864725385938073e-06
33620 Total cost: 5.210593826632248e-06
33630 Total cost: 8.77103320817696e-06
33640 Total cost: 3.945510343328351e-06
33650 Total cost: 2.578924068075139e-06
33660 Total cost: 1.0871953008972923e-06
33670 Total cost: 2.0391555608512135e-06
33680 Total cost: 5.387869805417722e-06
33690 Total cost: 2.3559048258903204e-06
33700 Total cost: 1.292678234676714e-06
33710 Total cost: 5.456341114040697e-06
33720 Total cost: 1.754567847456201e-06
33730 Total cost: 1.598602921148995e-06
33740 Total cost: 8.562460607208777e-06
33750 Total cost: 1.415317683495232e-06
33760 Total cost: 1.92465427062416e-06
33770 Total cost: 3.059115215364727e-06
33780 Total cost: 1.4075811805014382e-06
33790 Total cost: 2.0963288989150897e-06
33800 Total cost: 4.029714091302594e-06
33810 Total cost: 4.663993877329631e-06
33820 Total cost: 2.6864820483751828e-06
33830 Total cost: 1.104894545278512e-05
33840 Total cost: 7.883612852310762e-06
33850 Total cost: 3.959906280215364e-06
33860 Total cost: 3.4785105071932776e-06
33870 Total cost: 1.1741618436644785e-05
33880 Total cost: 5.695150775864022e-06
33890 Total cost: 2.661339522092021e-06
33900 Total cost: 4.243363946443424e-06
33910 Total cost: 3.953518444177462e-06
33920 Total cost: 1.995089405681938e-06
33930 Total cost: 3.5627438137453282e-06
33940 Total cost: 1.540395032861852e-06
33950 Total cost: 4.685947260441026e-06
33960 Total cost: 1.595480398464133e-06
33970 Total cost: 3.108977807642077e-06
33980 Total cost: 2.184463937737746e-06
33990 Total cost: 2.427145091132843e-06
Calculating RMSE; trajectory: 1
Calculating RMSE; trajectory: 2
Calculating RMSE; trajectory: 3
Calculating RMSE; trajectory: 4
Calculating RMSE; trajectory: 5
Calculating RMSE; trajectory: 6
Calculating RMSE; trajectory: 7
Calculating RMSE; trajectory: 8
Calculating RMSE; trajectory: 9
Calculating dynamic time warping distance; trajectory: 1
Calculating dynamic time warping distance; trajectory: 2
Calculating dynamic time warping distance; trajectory: 3
Calculating dynamic time warping distance; trajectory: 4
Calculating dynamic time warping distance; trajectory: 5
Calculating dynamic time warping distance; trajectory: 6
Calculating dynamic time warping distance; trajectory: 7
Calculating dynamic time warping distance; trajectory: 8
Calculating dynamic time warping distance; trajectory: 9
Calculating Frechet distance; trajectory: 1
Calculating Frechet distance; trajectory: 2
Calculating Frechet distance; trajectory: 3
Calculating Frechet distance; trajectory: 4
Calculating Frechet distance; trajectory: 5
Calculating Frechet distance; trajectory: 6
Calculating Frechet distance; trajectory: 7
Calculating Frechet distance; trajectory: 8
Calculating Frechet distance; trajectory: 9
Saving image to ./results/1st_order_R3S3_sweep_16may/5/images/primitive_0_iter_34000.pdf...
Metrics sum: 0.09825495447652437 ; Number of unsuccessful trajectories: 0
34000 Total cost: 4.661875209421851e-06
34010 Total cost: 3.172666538375779e-06
34020 Total cost: 2.2780684503231896e-06
34030 Total cost: 2.1711289264203515e-06
34040 Total cost: 3.2157734040083596e-06
34050 Total cost: 3.035008603546885e-06
34060 Total cost: 2.9041927973594284e-06
34070 Total cost: 3.414391585465637e-06
34080 Total cost: 7.206870577647351e-06
34090 Total cost: 1.3440411521514761e-06
34100 Total cost: 1.0406222372694174e-06
34110 Total cost: 5.916756890655961e-06
34120 Total cost: 5.299943950376473e-06
34130 Total cost: 4.274401362636127e-06
34140 Total cost: 3.4121305816370295e-06
34150 Total cost: 7.151428235374624e-06
34160 Total cost: 4.855704446526943e-06
34170 Total cost: 1.099625364986423e-06
34180 Total cost: 4.894871835858794e-06
34190 Total cost: 3.7163918022997677e-06
34200 Total cost: 3.4259171570738545e-06
34210 Total cost: 5.367358880903339e-06
34220 Total cost: 6.469981599366292e-06
34230 Total cost: 1.7356117041344987e-06
34240 Total cost: 9.64499395195162e-06
34250 Total cost: 2.5984343210438965e-06
34260 Total cost: 3.0752146358281607e-06
34270 Total cost: 1.0375349575042492e-06
34280 Total cost: 6.110555204941193e-06
34290 Total cost: 3.769034492506762e-06
34300 Total cost: 2.2707588414050406e-06
34310 Total cost: 4.3814961827592924e-06
34320 Total cost: 3.794005351664964e-06
34330 Total cost: 4.417037416715175e-06
34340 Total cost: 3.834468316199491e-06
34350 Total cost: 5.6902536016423255e-06
34360 Total cost: 3.7145998703635996e-06
34370 Total cost: 5.054791472502984e-06
34380 Total cost: 3.281134695498622e-06
34390 Total cost: 4.178397375653731e-06
34400 Total cost: 3.0049661745579215e-06
34410 Total cost: 3.08735934595461e-06
34420 Total cost: 2.9946972972538788e-06
34430 Total cost: 1.4580153901988524e-06
34440 Total cost: 8.051581062318292e-06
34450 Total cost: 4.219920811010525e-06
34460 Total cost: 9.61803198151756e-06
34470 Total cost: 7.861322046665009e-06
34480 Total cost: 2.4969397145468974e-06
34490 Total cost: 1.9423891899350565e-06
34500 Total cost: 1.285447069676593e-05
34510 Total cost: 6.5980593717540614e-06
34520 Total cost: 4.912933036393952e-06
34530 Total cost: 1.4510027313008322e-06
34540 Total cost: 3.781874511332717e-06
34550 Total cost: 2.851573071893654e-06
34560 Total cost: 4.7104035729717e-06
34570 Total cost: 6.17167643213179e-06
34580 Total cost: 2.358688561798772e-06
34590 Total cost: 2.5228596314263996e-06
34600 Total cost: 5.970292477286421e-06
34610 Total cost: 5.978319677524269e-06
34620 Total cost: 3.891555024893023e-06
34630 Total cost: 1.4970962638471974e-06
34640 Total cost: 2.6486554816074204e-06
34650 Total cost: 3.44766044690914e-06
34660 Total cost: 5.89022465646849e-06
34670 Total cost: 1.5474485053346143e-06
34680 Total cost: 4.021038421342382e-06
34690 Total cost: 2.4615926577098435e-06
34700 Total cost: 4.8239271563943475e-06
34710 Total cost: 5.060712737758877e-06
34720 Total cost: 2.450855618008063e-06
34730 Total cost: 3.8080861486378126e-06
34740 Total cost: 6.219363513082499e-06
34750 Total cost: 4.884218014922226e-06
34760 Total cost: 9.258460522687528e-06
34770 Total cost: 1.932326540554641e-06
34780 Total cost: 2.589737277958193e-06
34790 Total cost: 1.7149939139926573e-06
34800 Total cost: 1.849507157203334e-06
34810 Total cost: 4.63026935904054e-06
34820 Total cost: 1.7277982351515675e-06
34830 Total cost: 4.500331215240294e-06
34840 Total cost: 1.7105141978390748e-06
34850 Total cost: 1.877982754194818e-06
34860 Total cost: 2.4223018044722266e-06
34870 Total cost: 7.57589486966026e-06
34880 Total cost: 1.1275599263171898e-06
34890 Total cost: 6.454016784118721e-06
34900 Total cost: 7.616683888045372e-07
34910 Total cost: 1.1018098575732438e-06
34920 Total cost: 1.2403129403537605e-05
34930 Total cost: 3.668121053124196e-06
34940 Total cost: 3.1286999728763476e-06
34950 Total cost: 7.014159109530738e-06
/home/khw/Projects/pumafabrics/pumafabrics/puma_adapted/evaluation/evaluate_nd.py:20: VisibleDeprecationWarning: Creating an ndarray from ragged nested sequences (which is a list-or-tuple of lists-or-tuples-or ndarrays with different lengths or shapes) is deprecated. If you meant to do this, you must specify 'dtype=object' when creating the ndarray.
  delta_t_history = np.array(self.delta_t_eval)
/home/khw/Projects/pumafabrics/pumafabrics/puma_adapted/evaluation/evaluate_nd.py:20: VisibleDeprecationWarning: Creating an ndarray from ragged nested sequences (which is a list-or-tuple of lists-or-tuples-or ndarrays with different lengths or shapes) is deprecated. If you meant to do this, you must specify 'dtype=object' when creating the ndarray.
  delta_t_history = np.array(self.delta_t_eval)
34960 Total cost: 2.53430721386394e-06
34970 Total cost: 1.7007001815727563e-06
34980 Total cost: 2.3543450424767798e-06
34990 Total cost: 5.4156853366293944e-06
Calculating RMSE; trajectory: 1
Calculating RMSE; trajectory: 2
Calculating RMSE; trajectory: 3
Calculating RMSE; trajectory: 4
Calculating RMSE; trajectory: 5
Calculating RMSE; trajectory: 6
Calculating RMSE; trajectory: 7
Calculating RMSE; trajectory: 8
Calculating RMSE; trajectory: 9
Calculating dynamic time warping distance; trajectory: 1
Calculating dynamic time warping distance; trajectory: 2
Calculating dynamic time warping distance; trajectory: 3
Calculating dynamic time warping distance; trajectory: 4
Calculating dynamic time warping distance; trajectory: 5
Calculating dynamic time warping distance; trajectory: 6
Calculating dynamic time warping distance; trajectory: 7
Calculating dynamic time warping distance; trajectory: 8
Calculating dynamic time warping distance; trajectory: 9
Calculating Frechet distance; trajectory: 1
Calculating Frechet distance; trajectory: 2
Calculating Frechet distance; trajectory: 3
Calculating Frechet distance; trajectory: 4
Calculating Frechet distance; trajectory: 5
Calculating Frechet distance; trajectory: 6
Calculating Frechet distance; trajectory: 7
Calculating Frechet distance; trajectory: 8
Calculating Frechet distance; trajectory: 9
Saving image to ./results/1st_order_R3S3_sweep_16may/5/images/primitive_0_iter_35000.pdf...
Metrics sum: 0.10080244129437445 ; Number of unsuccessful trajectories: 1
35000 Total cost: 7.998806722753216e-06
35010 Total cost: 5.025812242820393e-06
35020 Total cost: 7.281253147084499e-06
35030 Total cost: 2.6640334453986725e-06
35040 Total cost: 3.1936351660988294e-06
35050 Total cost: 8.126982720568776e-06
35060 Total cost: 8.671747309563216e-06
35070 Total cost: 3.321907570352778e-06
35080 Total cost: 3.100682761214557e-06
35090 Total cost: 1.1781544344557915e-05
35100 Total cost: 1.6027374840632547e-06
35110 Total cost: 2.273859990964411e-06
35120 Total cost: 3.2246880437014624e-06
35130 Total cost: 9.393426125825499e-07
35140 Total cost: 3.402147513043019e-06
35150 Total cost: 1.6611858200121787e-06
35160 Total cost: 2.17543720282265e-06
35170 Total cost: 1.2355098988336977e-06
35180 Total cost: 3.260591938669677e-06
35190 Total cost: 4.697929398389533e-06
35200 Total cost: 5.621261152555235e-06
35210 Total cost: 2.0148042949585943e-06
35220 Total cost: 4.4564435484062415e-06
35230 Total cost: 4.418366643221816e-06
35240 Total cost: 9.498678537056549e-07
35250 Total cost: 3.031215555893141e-06
35260 Total cost: 1.6680309045113972e-06
35270 Total cost: 3.48894604940142e-06
35280 Total cost: 5.72958697375725e-06
35290 Total cost: 9.54568986344384e-06
35300 Total cost: 3.313329898446682e-06
35310 Total cost: 1.8331772935198387e-06
35320 Total cost: 2.8166789434180828e-06
35330 Total cost: 5.885995506105246e-06
35340 Total cost: 2.191033672716003e-06
35350 Total cost: 4.682540293288184e-06
35360 Total cost: 2.187728114222409e-06
35370 Total cost: 3.2389968964707805e-06
35380 Total cost: 1.1316184099996462e-05
35390 Total cost: 1.2262767086212989e-05
35400 Total cost: 2.2135259314381983e-06
35410 Total cost: 1.8471174598744255e-06
35420 Total cost: 7.3102205533359665e-06
35430 Total cost: 3.4611703085829504e-06
35440 Total cost: 7.026370894891443e-06
35450 Total cost: 1.603296027496981e-06
35460 Total cost: 9.682501058705384e-07
35470 Total cost: 1.359475959361589e-06
35480 Total cost: 9.375726222060621e-07
35490 Total cost: 6.917095561220776e-06
35500 Total cost: 4.490866103878943e-06
35510 Total cost: 5.351778327167267e-06
35520 Total cost: 1.779564854587079e-06
35530 Total cost: 3.203738287993474e-06
35540 Total cost: 1.946285010490101e-06
35550 Total cost: 2.4506018689862685e-06
35560 Total cost: 2.4672372092027217e-06
35570 Total cost: 4.764375717059011e-06
35580 Total cost: 1.435599074284255e-06
35590 Total cost: 1.5692011174905929e-06
35600 Total cost: 8.928186616685707e-07
35610 Total cost: 8.64145249579451e-07
35620 Total cost: 1.9588735540310154e-06
35630 Total cost: 4.76848435937427e-06
35640 Total cost: 2.897144213420688e-06
35650 Total cost: 1.3404394394456176e-06
35660 Total cost: 1.0685964753065491e-06
35670 Total cost: 1.4720927765665692e-06
35680 Total cost: 1.2465468444133876e-06
35690 Total cost: 1.6672797755745705e-06
35700 Total cost: 6.6287038862355985e-06
35710 Total cost: 7.35346748115262e-06
35720 Total cost: 2.16737817027024e-06
35730 Total cost: 6.064611170586431e-06
35740 Total cost: 7.426876891258871e-06
35750 Total cost: 2.4292251055157976e-06
35760 Total cost: 1.8348727053307812e-06
35770 Total cost: 2.1289595224516233e-06
35780 Total cost: 4.438916676008375e-06
35790 Total cost: 1.2937925930600613e-06
35800 Total cost: 4.263586561137345e-06
35810 Total cost: 7.274615200003609e-06
35820 Total cost: 2.2417661966755986e-06
35830 Total cost: 4.811433882423444e-06
35840 Total cost: 5.799826794827823e-06
35850 Total cost: 2.154169806090067e-06
35860 Total cost: 5.963959210930625e-06
35870 Total cost: 2.515275809855666e-06
35880 Total cost: 4.470383828447666e-06
35890 Total cost: 6.532364750455599e-06
35900 Total cost: 2.8552053663588595e-06
35910 Total cost: 4.050102688779589e-06
35920 Total cost: 7.656734624106321e-07
35930 Total cost: 4.019436346425209e-06
35940 Total cost: 2.1869107058591908e-06
35950 Total cost: 3.1866122753854143e-06
35960 Total cost: 3.801951606874354e-06
35970 Total cost: 3.0962835353420814e-06
35980 Total cost: 9.405832315678708e-06
35990 Total cost: 1.3164635674911551e-06
Calculating RMSE; trajectory: 1
Calculating RMSE; trajectory: 2
Calculating RMSE; trajectory: 3
Calculating RMSE; trajectory: 4
Calculating RMSE; trajectory: 5
Calculating RMSE; trajectory: 6
Calculating RMSE; trajectory: 7
Calculating RMSE; trajectory: 8
Calculating RMSE; trajectory: 9
Calculating dynamic time warping distance; trajectory: 1
Calculating dynamic time warping distance; trajectory: 2
Calculating dynamic time warping distance; trajectory: 3
Calculating dynamic time warping distance; trajectory: 4
Calculating dynamic time warping distance; trajectory: 5
Calculating dynamic time warping distance; trajectory: 6
Calculating dynamic time warping distance; trajectory: 7
Calculating dynamic time warping distance; trajectory: 8
Calculating dynamic time warping distance; trajectory: 9
Calculating Frechet distance; trajectory: 1
Calculating Frechet distance; trajectory: 2
Calculating Frechet distance; trajectory: 3
Calculating Frechet distance; trajectory: 4
Calculating Frechet distance; trajectory: 5
Calculating Frechet distance; trajectory: 6
Calculating Frechet distance; trajectory: 7
Calculating Frechet distance; trajectory: 8
Calculating Frechet distance; trajectory: 9
Saving image to ./results/1st_order_R3S3_sweep_16may/5/images/primitive_0_iter_36000.pdf...
Metrics sum: 0.09948879446963274 ; Number of unsuccessful trajectories: 0
36000 Total cost: 6.679463240288896e-07
36010 Total cost: 6.049006969988113e-06
36020 Total cost: 1.2472730759327533e-06
36030 Total cost: 1.252266429219162e-06
36040 Total cost: 6.066050445951987e-06
36050 Total cost: 7.931242180347908e-06
36060 Total cost: 1.253739924322872e-06
36070 Total cost: 1.7551287783135194e-06
36080 Total cost: 1.8011775182458223e-06
36090 Total cost: 7.3688788688741624e-06
36100 Total cost: 1.8508436596675892e-06
36110 Total cost: 1.1512893252074718e-06
36120 Total cost: 3.095685087828315e-06
36130 Total cost: 3.027377488251659e-06
36140 Total cost: 3.199733328074217e-06
36150 Total cost: 1.778284968168009e-06
36160 Total cost: 2.9446694043144817e-06
36170 Total cost: 4.047873517265543e-06
36180 Total cost: 3.294778252893593e-06
36190 Total cost: 1.4368682741405792e-06
36200 Total cost: 5.286678515403764e-06
36210 Total cost: 6.205709269124782e-06
36220 Total cost: 2.3954548851179425e-06
36230 Total cost: 1.1644025335044716e-06
36240 Total cost: 4.2748342821141705e-06
36250 Total cost: 1.5076186627993593e-06
36260 Total cost: 1.434658202015271e-06
36270 Total cost: 1.6253900412266375e-06
36280 Total cost: 3.8661073631374165e-06
36290 Total cost: 1.519815100436972e-06
36300 Total cost: 2.0766783563885838e-06
36310 Total cost: /home/khw/Projects/pumafabrics/pumafabrics/puma_adapted/evaluation/evaluate_nd.py:20: VisibleDeprecationWarning: Creating an ndarray from ragged nested sequences (which is a list-or-tuple of lists-or-tuples-or ndarrays with different lengths or shapes) is deprecated. If you meant to do this, you must specify 'dtype=object' when creating the ndarray.
  delta_t_history = np.array(self.delta_t_eval)
2.624277385621099e-06
36320 Total cost: 1.9731689917534823e-06
36330 Total cost: 2.0572917946992675e-06
36340 Total cost: 2.729058905970305e-06
36350 Total cost: 1.775953933247365e-06
36360 Total cost: 4.709149379777955e-06
36370 Total cost: 3.357323521413491e-06
36380 Total cost: 1.5302360907298862e-06
36390 Total cost: 1.7930248077391298e-06
36400 Total cost: 1.4148073432806996e-06
36410 Total cost: 2.757398988251225e-06
36420 Total cost: 2.6509665076446254e-06
36430 Total cost: 1.4469040934272925e-06
36440 Total cost: 2.6118414098164067e-06
36450 Total cost: 3.0532230539392913e-06
36460 Total cost: 1.6642893569951411e-06
36470 Total cost: 1.8449105709805735e-06
36480 Total cost: 2.5427980290260166e-06
36490 Total cost: 1.222197442984907e-05
36500 Total cost: 4.935962806484895e-06
36510 Total cost: 1.8108019048668211e-06
36520 Total cost: 1.0228436622128356e-06
36530 Total cost: 7.575507879664656e-06
36540 Total cost: 2.918957079600659e-06
36550 Total cost: 1.561242129355378e-06
36560 Total cost: 5.937187779636588e-06
36570 Total cost: 2.6189841264567804e-06
36580 Total cost: 1.1808268709501135e-06
36590 Total cost: 2.184762934120954e-06
36600 Total cost: 2.502156576156267e-06
36610 Total cost: 2.773787400656147e-06
36620 Total cost: 1.535297201371577e-06
36630 Total cost: 3.861411187244812e-06
36640 Total cost: 3.225183263566578e-06
36650 Total cost: 2.700124696275452e-06
36660 Total cost: 1.2861482900916599e-06
36670 Total cost: 3.5196583212382393e-06
36680 Total cost: 2.07586322176212e-06
36690 Total cost: 6.011462573951576e-06
36700 Total cost: 1.6967113651844556e-06
36710 Total cost: 1.82120220415527e-06
36720 Total cost: 1.8190488617619849e-06
36730 Total cost: 6.261068392632296e-06
36740 Total cost: 4.887550403509522e-06
36750 Total cost: 6.72503392706858e-06
36760 Total cost: 1.9184924440196482e-06
36770 Total cost: 2.2632762011198793e-06
36780 Total cost: 2.092300974254613e-06
36790 Total cost: 3.1966096685209777e-06
36800 Total cost: 1.016145688481629e-06
36810 Total cost: 4.27984605266829e-06
36820 Total cost: 2.973625214508502e-06
36830 Total cost: 2.369116145928274e-06
36840 Total cost: 1.982939693334629e-06
36850 Total cost: 1.446220267098397e-06
36860 Total cost: 1.2630953278858215e-06
36870 Total cost: 5.678935849573463e-06
36880 Total cost: 5.198972303332994e-06
36890 Total cost: 2.7147266337124165e-06
36900 Total cost: 5.277538093650946e-06
36910 Total cost: 7.779935003782157e-06
36920 Total cost: 2.181206355089671e-06
36930 Total cost: 4.892927336186403e-06
36940 Total cost: 1.398100721416995e-06
36950 Total cost: 1.5560643760181847e-06
36960 Total cost: 5.039462394051952e-06
36970 Total cost: 1.711529762360442e-06
36980 Total cost: 4.541121143120108e-06
36990 Total cost: 1.123174683925754e-06
Calculating RMSE; trajectory: 1
Calculating RMSE; trajectory: 2
Calculating RMSE; trajectory: 3
Calculating RMSE; trajectory: 4
Calculating RMSE; trajectory: 5
Calculating RMSE; trajectory: 6
Calculating RMSE; trajectory: 7
Calculating RMSE; trajectory: 8
Calculating RMSE; trajectory: 9
Calculating dynamic time warping distance; trajectory: 1
Calculating dynamic time warping distance; trajectory: 2
Calculating dynamic time warping distance; trajectory: 3
Calculating dynamic time warping distance; trajectory: 4
Calculating dynamic time warping distance; trajectory: 5
Calculating dynamic time warping distance; trajectory: 6
Calculating dynamic time warping distance; trajectory: 7
Calculating dynamic time warping distance; trajectory: 8
Calculating dynamic time warping distance; trajectory: 9
Calculating Frechet distance; trajectory: 1
Calculating Frechet distance; trajectory: 2
Calculating Frechet distance; trajectory: 3
Calculating Frechet distance; trajectory: 4
Calculating Frechet distance; trajectory: 5
Calculating Frechet distance; trajectory: 6
Calculating Frechet distance; trajectory: 7
Calculating Frechet distance; trajectory: 8
Calculating Frechet distance; trajectory: 9
Saving image to ./results/1st_order_R3S3_sweep_16may/5/images/primitive_0_iter_37000.pdf...
Metrics sum: 0.10060440301169726 ; Number of unsuccessful trajectories: 0
37000 Total cost: 1.1678265536829713e-06
37010 Total cost: 1.5208158856694354e-06
37020 Total cost: 5.249446530797286e-06
37030 Total cost: 2.5316164737887448e-06
37040 Total cost: 9.953771041182335e-06
37050 Total cost: 1.5955091612340766e-06
37060 Total cost: 5.058138867752859e-06
37070 Total cost: 3.4149361454183236e-06
37080 Total cost: 2.648823965500924e-06
37090 Total cost: 4.433539743331494e-06
37100 Total cost: 4.617819740815321e-06
37110 Total cost: 1.911873141580145e-06
37120 Total cost: 5.9220574257778935e-06
37130 Total cost: 1.6020603652577847e-06
37140 Total cost: 4.132707090320764e-06
37150 Total cost: 7.271059985214379e-07
37160 Total cost: 1.3555724081015796e-06
37170 Total cost: 8.485742910124827e-06
37180 Total cost: 2.910038574555074e-06
37190 Total cost: 3.4220142879348714e-06
37200 Total cost: 8.335201528097969e-06
37210 Total cost: 8.827213605400175e-06
37220 Total cost: 1.923256377267535e-06
37230 Total cost: 4.145375442021759e-06
37240 Total cost: 1.2987187574253767e-06
37250 Total cost: 1.5965788406901993e-06
37260 Total cost: 3.5041862247453537e-06
37270 Total cost: 3.7413906284200493e-06
37280 Total cost: 1.0920565500782686e-06
37290 Total cost: 5.416291514848126e-06
37300 Total cost: 6.5473959693918005e-06
37310 Total cost: 6.140799087006599e-06
37320 Total cost: 1.0678938906494295e-06
37330 Total cost: 1.6905697748370585e-06
37340 Total cost: 5.605059868685203e-06
37350 Total cost: 2.0424067770363763e-06
37360 Total cost: 2.1616401681967545e-06
37370 Total cost: 1.0279489288222976e-05
37380 Total cost: 3.845160790660884e-06
37390 Total cost: 1.8189833781434572e-06
37400 Total cost: 1.2634309314307757e-05
37410 Total cost: 1.173220994132862e-06
37420 Total cost: 2.5484669095021673e-06
37430 Total cost: 1.4489377235804568e-06
37440 Total cost: 2.863610916392645e-06
37450 Total cost: 5.6465037232555915e-06
37460 Total cost: 3.6955073028366314e-06
37470 Total cost: 3.4392119232506957e-06
37480 Total cost: 1.3659777096108883e-06
37490 Total cost: 7.294624992937315e-06
37500 Total cost: 3.095151214438374e-06
37510 Total cost: 9.497568498773035e-06
37520 Total cost: 3.6985682072554482e-06
37530 Total cost: 6.1090058807167225e-06
37540 Total cost: 3.027296997970552e-06
37550 Total cost: 1.480867354075599e-06
37560 Total cost: 1.8638766050571576e-06
37570 Total cost: 2.265651119159884e-06
37580 Total cost: 2.52183122029237e-06
37590 Total cost: 2.6172133402724285e-06
37600 Total cost: 1.2535734867924475e-06
37610 Total cost: 1.6735316421545576e-06
37620 Total cost: 3.674909066830878e-06
37630 Total cost: 1.0607249123495421e-06
37640 Total cost: 2.86036629404407e-06
37650 Total cost: 2.771187155303778e-06
37660 Total cost: 3.617000174926943e-06
37670 Total cost: 2.221394424850587e-06
37680 Total cost: 6.91164950694656e-06
37690 Total cost: 1.0734186616900843e-05
37700 Total cost: 8.635415724711493e-06
37710 Total cost: 2.3993582090042764e-06
37720 Total cost: 6.394936463038903e-06
37730 Total cost: 1.428603923159244e-06
37740 Total cost: 3.0034093470021617e-06
37750 Total cost: 8.87470378074795e-07
37760 Total cost: 4.799732323590433e-06
37770 Total cost: 2.1335940800781827e-06
37780 Total cost: 6.109648893470876e-07
37790 Total cost: 2.3739585230941884e-06
37800 Total cost: 1.2693112694250885e-06
37810 Total cost: 1.5567738955724053e-06
37820 Total cost: 1.2542636795842554e-06
37830 Total cost: 1.4649640434072353e-06
37840 Total cost: 2.1795531210955232e-06
37850 Total cost: 4.073293894180097e-06
37860 Total cost: 3.622670192271471e-06
37870 Total cost: 4.03934063797351e-06
37880 Total cost: 2.3121504000300774e-06
37890 Total cost: 2.7657624741550535e-06
37900 Total cost: 1.5922972806947655e-06
37910 Total cost: 6.00723251409363e-06
37920 Total cost: 6.701433903799625e-06
37930 Total cost: 2.4744190341152716e-06
37940 Total cost: 2.9751861347904196e-06
37950 Total cost: 4.722252924693748e-06
37960 Total cost: 3.1049578410602408e-06
37970 Total cost: 6.5126537265314255e-06
37980 Total cost: 6.272348855418386e-06
37990 Total cost: 5.086265900899889e-06
/home/khw/Projects/pumafabrics/pumafabrics/puma_adapted/evaluation/evaluate_nd.py:20: VisibleDeprecationWarning: Creating an ndarray from ragged nested sequences (which is a list-or-tuple of lists-or-tuples-or ndarrays with different lengths or shapes) is deprecated. If you meant to do this, you must specify 'dtype=object' when creating the ndarray.
  delta_t_history = np.array(self.delta_t_eval)
/home/khw/Projects/pumafabrics/pumafabrics/puma_adapted/evaluation/evaluate_nd.py:20: VisibleDeprecationWarning: Creating an ndarray from ragged nested sequences (which is a list-or-tuple of lists-or-tuples-or ndarrays with different lengths or shapes) is deprecated. If you meant to do this, you must specify 'dtype=object' when creating the ndarray.
  delta_t_history = np.array(self.delta_t_eval)
Calculating RMSE; trajectory: 1
Calculating RMSE; trajectory: 2
Calculating RMSE; trajectory: 3
Calculating RMSE; trajectory: 4
Calculating RMSE; trajectory: 5
Calculating RMSE; trajectory: 6
Calculating RMSE; trajectory: 7
Calculating RMSE; trajectory: 8
Calculating RMSE; trajectory: 9
Calculating dynamic time warping distance; trajectory: 1
Calculating dynamic time warping distance; trajectory: 2
Calculating dynamic time warping distance; trajectory: 3
Calculating dynamic time warping distance; trajectory: 4
Calculating dynamic time warping distance; trajectory: 5
Calculating dynamic time warping distance; trajectory: 6
Calculating dynamic time warping distance; trajectory: 7
Calculating dynamic time warping distance; trajectory: 8
Calculating dynamic time warping distance; trajectory: 9
Calculating Frechet distance; trajectory: 1
Calculating Frechet distance; trajectory: 2
Calculating Frechet distance; trajectory: 3
Calculating Frechet distance; trajectory: 4
Calculating Frechet distance; trajectory: 5
Calculating Frechet distance; trajectory: 6
Calculating Frechet distance; trajectory: 7
Calculating Frechet distance; trajectory: 8
Calculating Frechet distance; trajectory: 9
Saving image to ./results/1st_order_R3S3_sweep_16may/5/images/primitive_0_iter_38000.pdf...
Metrics sum: 0.09847786256752912 ; Number of unsuccessful trajectories: 0
38000 Total cost: 3.834374638245208e-06
38010 Total cost: 9.321274774265476e-07
38020 Total cost: 1.3208946256781928e-06
38030 Total cost: 4.691022240876919e-06
38040 Total cost: 1.669722109909344e-06
38050 Total cost: 2.998719764946145e-06
38060 Total cost: 1.0528442544455174e-06
38070 Total cost: 5.101740953250555e-06
38080 Total cost: 2.6773188892548205e-06
38090 Total cost: 3.47276363754645e-06
38100 Total cost: 5.120868081576191e-06
38110 Total cost: 3.54637268173974e-06
38120 Total cost: 1.1886011179740308e-06
38130 Total cost: 1.0580710295471363e-05
38140 Total cost: 3.7155207337491447e-06
38150 Total cost: 1.1241018910368439e-05
38160 Total cost: 2.312194283149438e-06
38170 Total cost: 1.5438924947375199e-06
38180 Total cost: 6.7806176957674325e-06
38190 Total cost: 3.6878884657198796e-06
38200 Total cost: 1.2964642337465193e-06
38210 Total cost: 2.7356097689335e-06
38220 Total cost: 3.7125894323253306e-06
38230 Total cost: 5.18358592671575e-06
38240 Total cost: 4.423409336595796e-06
38250 Total cost: 4.105502284801332e-06
38260 Total cost: 3.7295071706466842e-06
38270 Total cost: 1.2851686506110127e-06
38280 Total cost: 8.019878805498593e-07
38290 Total cost: 1.1365190403012093e-05
38300 Total cost: 2.753910166575224e-06
38310 Total cost: 7.627700142620597e-07
38320 Total cost: 2.322170985280536e-06
38330 Total cost: 1.4953792515370878e-06
38340 Total cost: 1.3313493809619104e-06
38350 Total cost: 3.1197539556160336e-06
38360 Total cost: 3.01593581752968e-06
38370 Total cost: 1.8683268763197702e-06
38380 Total cost: 5.666150173055939e-06
38390 Total cost: 2.054562401099247e-06
38400 Total cost: 2.6507807433517883e-06
38410 Total cost: 2.680682882783003e-06
38420 Total cost: 1.4103354715189198e-06
38430 Total cost: 4.512872237683041e-06
38440 Total cost: 2.0010752450616565e-06
38450 Total cost: 6.614947096750257e-07
38460 Total cost: 1.5730759059806587e-06
38470 Total cost: 2.436590875731781e-06
38480 Total cost: 3.417104153413675e-06
38490 Total cost: 7.303388429136248e-06
38500 Total cost: 4.09029598813504e-06
38510 Total cost: 8.714991054148413e-06
38520 Total cost: 1.25994483823888e-06
38530 Total cost: 1.1547170970516163e-06
38540 Total cost: 3.039792318304535e-06
38550 Total cost: 2.4748612759140087e-06
38560 Total cost: 9.526531243864156e-07
38570 Total cost: 3.1607783057552297e-06
38580 Total cost: 9.559762474964373e-07
38590 Total cost: 1.7320539882348385e-06
38600 Total cost: 3.539837734933826e-06
38610 Total cost: 1.6862221627889085e-06
38620 Total cost: 8.478110430587549e-06
38630 Total cost: 1.8251864730700618e-06
38640 Total cost: 1.2146002745794249e-06
38650 Total cost: 9.169551958621014e-06
38660 Total cost: 9.41716109537083e-07
38670 Total cost: 1.6736755696911132e-06
38680 Total cost: 1.3638067457577563e-06
38690 Total cost: 2.8215938527864637e-06
38700 Total cost: 2.072600182145834e-06
38710 Total cost: 6.986652351770317e-06
38720 Total cost: 4.2636115722416434e-06
38730 Total cost: 5.218994829192525e-06
38740 Total cost: 9.228266208083369e-06
38750 Total cost: 1.6594711951256613e-06
38760 Total cost: 7.09830601408612e-06
38770 Total cost: 1.9819167391688097e-06
38780 Total cost: 1.3134580285623088e-06
38790 Total cost: 5.7055458455579355e-06
38800 Total cost: 1.3174829973650048e-06
38810 Total cost: 8.847348453855375e-07
38820 Total cost: 8.551532118872274e-06
38830 Total cost: 3.210729346392327e-06
38840 Total cost: 3.0227488423406612e-06
38850 Total cost: 1.6131851225509308e-05
38860 Total cost: 2.3401412363455165e-06
38870 Total cost: 4.692602033173898e-06
38880 Total cost: 4.604777132044546e-06
38890 Total cost: 1.0691441048038541e-06
38900 Total cost: 1.5348334727605106e-06
38910 Total cost: 2.682731746972422e-06
38920 Total cost: 6.541738912346773e-06
38930 Total cost: 5.164354661246762e-06
38940 Total cost: 6.774540906917537e-06
38950 Total cost: 1.2919728078486514e-06
38960 Total cost: 9.168927135760896e-06
38970 Total cost: 1.270116899831919e-05
38980 Total cost: 1.0676426427380648e-06
38990 Total cost: 5.179878371563973e-06
Calculating RMSE; trajectory: 1
Calculating RMSE; trajectory: 2
Calculating RMSE; trajectory: 3
Calculating RMSE; trajectory: 4
Calculating RMSE; trajectory: 5
Calculating RMSE; trajectory: 6
Calculating RMSE; trajectory: 7
Calculating RMSE; trajectory: 8
Calculating RMSE; trajectory: 9
Calculating dynamic time warping distance; trajectory: 1
Calculating dynamic time warping distance; trajectory: 2
Calculating dynamic time warping distance; trajectory: 3
Calculating dynamic time warping distance; trajectory: 4
Calculating dynamic time warping distance; trajectory: 5
Calculating dynamic time warping distance; trajectory: 6
Calculating dynamic time warping distance; trajectory: 7
Calculating dynamic time warping distance; trajectory: 8
Calculating dynamic time warping distance; trajectory: 9
Calculating Frechet distance; trajectory: 1
Calculating Frechet distance; trajectory: 2
Calculating Frechet distance; trajectory: 3
Calculating Frechet distance; trajectory: 4
Calculating Frechet distance; trajectory: 5
Calculating Frechet distance; trajectory: 6
Calculating Frechet distance; trajectory: 7
Calculating Frechet distance; trajectory: 8
Calculating Frechet distance; trajectory: 9
Saving image to ./results/1st_order_R3S3_sweep_16may/5/images/primitive_0_iter_39000.pdf...
Metrics sum: 0.09964812921491277 ; Number of unsuccessful trajectories: 0
39000 Total cost: 3.4605784549057717e-06
39010 Total cost: 2.5271435788454255e-06
39020 Total cost: 4.258346962160431e-06
39030 Total cost: 4.035533038404537e-06
39040 Total cost: 1.5906275621091481e-06
39050 Total cost: 1.0437339597046957e-06
39060 Total cost: 8.125190106511582e-06
39070 Total cost: 2.2492438347399e-06
39080 Total cost: 8.431334208580665e-06
39090 Total cost: 1.959919245564379e-06
39100 Total cost: 1.5630311054337653e-06
39110 Total cost: 3.454613533904194e-06
39120 Total cost: 1.1798725836342783e-06
39130 Total cost: 1.1193253612873377e-06
39140 Total cost: 8.22553556645289e-06
39150 Total cost: 2.048481519523193e-06
39160 Total cost: 3.086250217165798e-06
39170 Total cost: 1.1338494914525654e-05
39180 Total cost: 7.259936865011696e-06
39190 Total cost: 8.616041668574326e-06
39200 Total cost: 1.4271707868829253e-06
39210 Total cost: 4.313815225032158e-06
39220 Total cost: 2.0705258521047654e-06
39230 Total cost: 4.992114099877654e-06
39240 Total cost: 4.25576126872329e-06
39250 Total cost: 9.253308235201985e-06
39260 Total cost: 1.856419430623646e-06
39270 Total cost: 1.6996378917610855e-06
39280 Total cost: 3.838194061245304e-06
39290 Total cost: 1.4383338111656485e-06
39300 Total cost: 1.2013108516839566e-06
39310 Total cost: 3.852348072541645e-06
39320 Total cost: 1.2946019296578015e-06
39330 Total cost: 2.335531689823256e-06
39340 Total cost: 3.828833541774657e-06
39350 Total cost: /home/khw/Projects/pumafabrics/pumafabrics/puma_adapted/evaluation/evaluate_nd.py:20: VisibleDeprecationWarning: Creating an ndarray from ragged nested sequences (which is a list-or-tuple of lists-or-tuples-or ndarrays with different lengths or shapes) is deprecated. If you meant to do this, you must specify 'dtype=object' when creating the ndarray.
  delta_t_history = np.array(self.delta_t_eval)
1.2362376082819537e-06
39360 Total cost: 3.818914592557121e-06
39370 Total cost: 3.884852958435658e-06
39380 Total cost: 3.7392119338619523e-06
39390 Total cost: 7.123435807443457e-06
39400 Total cost: 1.3834938954460085e-06
39410 Total cost: 3.4729921480902703e-06
39420 Total cost: 2.8767751700797817e-06
39430 Total cost: 1.2236606380611192e-05
39440 Total cost: 1.649962541705463e-05
39450 Total cost: 1.7177809468194027e-06
39460 Total cost: 3.0888461424183333e-06
39470 Total cost: 1.6603349877186702e-06
39480 Total cost: 3.911687599611469e-06
39490 Total cost: 6.240702077775495e-06
39500 Total cost: 2.190328359574778e-06
39510 Total cost: 2.9245243240438867e-06
39520 Total cost: 1.6912214277908788e-06
39530 Total cost: 3.543600996636087e-06
39540 Total cost: 5.166409664525418e-06
39550 Total cost: 3.2382749850512482e-06
39560 Total cost: 4.298670774005586e-06
39570 Total cost: 2.7051905817643274e-06
39580 Total cost: 2.4261023554572603e-06
39590 Total cost: 3.6381379686645232e-06
39600 Total cost: 1.0961321095237508e-05
39610 Total cost: 1.5899021263976465e-06
39620 Total cost: 4.197042017040076e-06
39630 Total cost: 2.7365908863430377e-06
39640 Total cost: 1.223698518515448e-06
39650 Total cost: 6.5921512941713445e-06
39660 Total cost: 1.8082475889968919e-06
39670 Total cost: 2.9458046810759697e-06
39680 Total cost: 1.9321125819260487e-06
39690 Total cost: 7.1495751399197616e-06
39700 Total cost: 1.4610660400649067e-05
39710 Total cost: 3.996599389211042e-06
39720 Total cost: 7.287052994797705e-06
39730 Total cost: 5.5902646636241116e-06
39740 Total cost: 3.848536834993865e-06
39750 Total cost: 3.7511395021283533e-06
39760 Total cost: 3.409807050047675e-06
39770 Total cost: 3.3110075037257047e-06
39780 Total cost: 1.1125471246486995e-06
39790 Total cost: 2.472636651873472e-06
39800 Total cost: 2.7132543891639216e-06
39810 Total cost: 7.13169129085145e-06
39820 Total cost: 5.043451437813928e-06
39830 Total cost: 3.4927891192637617e-06
39840 Total cost: 4.792504569195444e-06
39850 Total cost: 2.5784199806366814e-06
39860 Total cost: 5.549990873987554e-06
39870 Total cost: 6.41141241430887e-06
39880 Total cost: 2.3945981411088724e-06
39890 Total cost: 7.28468558008899e-06
39900 Total cost: 2.4436237708869157e-06
39910 Total cost: 1.2853522548539331e-06
39920 Total cost: 3.5038726764469175e-06
39930 Total cost: 4.088528839929495e-06
39940 Total cost: 1.0504289775781217e-06
39950 Total cost: 1.6192424254768412e-06
39960 Total cost: 2.2678470941173146e-06
39970 Total cost: 4.568585609376896e-06
39980 Total cost: 1.2629200227820547e-06
39990 Total cost: 7.079313036228996e-06
Calculating RMSE; trajectory: 1
Calculating RMSE; trajectory: 2
Calculating RMSE; trajectory: 3
Calculating RMSE; trajectory: 4
Calculating RMSE; trajectory: 5
Calculating RMSE; trajectory: 6
Calculating RMSE; trajectory: 7
Calculating RMSE; trajectory: 8
Calculating RMSE; trajectory: 9
Calculating dynamic time warping distance; trajectory: 1
Calculating dynamic time warping distance; trajectory: 2
Calculating dynamic time warping distance; trajectory: 3
Calculating dynamic time warping distance; trajectory: 4
Calculating dynamic time warping distance; trajectory: 5
Calculating dynamic time warping distance; trajectory: 6
Calculating dynamic time warping distance; trajectory: 7
Calculating dynamic time warping distance; trajectory: 8
Calculating dynamic time warping distance; trajectory: 9
Calculating Frechet distance; trajectory: 1
Calculating Frechet distance; trajectory: 2
Calculating Frechet distance; trajectory: 3
Calculating Frechet distance; trajectory: 4
Calculating Frechet distance; trajectory: 5
Calculating Frechet distance; trajectory: 6
Calculating Frechet distance; trajectory: 7
Calculating Frechet distance; trajectory: 8
Calculating Frechet distance; trajectory: 9
Saving image to ./results/1st_order_R3S3_sweep_16may/5/images/primitive_0_iter_40000.pdf...
Metrics sum: 0.09658886292956348 ; Number of unsuccessful trajectories: 1
40000 Total cost: 6.880475666548591e-06
40010 Total cost: 1.8206806089438032e-06
40020 Total cost: 5.693347247870406e-06
40030 Total cost: 3.828170065389713e-06
40040 Total cost: 3.647724724942236e-06
40050 Total cost: 6.010617198626278e-06
40060 Total cost: 1.9324700133438455e-06
40070 Total cost: 2.0964744180673733e-06
40080 Total cost: 3.7788668123539537e-06
40090 Total cost: 1.2965500673089991e-06
40100 Total cost: 7.885685590736102e-06
40110 Total cost: 1.4826367760178982e-06
40120 Total cost: 8.564767881580337e-07
40130 Total cost: 2.183336846428574e-06
40140 Total cost: 2.422792476863833e-06
40150 Total cost: 3.1333527203969425e-06
40160 Total cost: 3.1744366424391046e-06
40170 Total cost: 1.7817880006987252e-06
40180 Total cost: 4.001401066489052e-06
40190 Total cost: 2.6141676698898664e-06
40200 Total cost: 2.928572030214127e-06
40210 Total cost: 2.6548843834461877e-06
40220 Total cost: 2.999468733833055e-06
40230 Total cost: 8.231911124312319e-06
40240 Total cost: 1.647427779971622e-06
40250 Total cost: 9.209612471750006e-06
40260 Total cost: 4.2689825932029635e-06
40270 Total cost: 6.97449058861821e-06
40280 Total cost: 5.090619197289925e-06
40290 Total cost: 2.3588904696225654e-06
40300 Total cost: 2.1628452486766037e-06
40310 Total cost: 1.6613499838058488e-06
40320 Total cost: 3.3121009437309112e-06
40330 Total cost: 1.5025829043224803e-06
40340 Total cost: 4.969511792296544e-06
40350 Total cost: 1.2016243999823928e-06
40360 Total cost: 7.095937689882703e-06
40370 Total cost: 6.131810096121626e-06
40380 Total cost: 1.446865894649818e-06
40390 Total cost: 6.701280653942376e-06
40400 Total cost: 1.8359837667958345e-06
40410 Total cost: 2.086988615701557e-06
40420 Total cost: 7.171156994445482e-06
40430 Total cost: 3.4925012641906505e-06
40440 Total cost: 1.5202837175820605e-06
40450 Total cost: 4.4387879825080745e-06
40460 Total cost: 5.6310227591893636e-06
40470 Total cost: 3.3745391192496754e-06
40480 Total cost: 3.1187901186058298e-06
40490 Total cost: 1.5246108659994206e-06
40500 Total cost: 4.655087650462519e-06
40510 Total cost: 1.7269172758460627e-06
40520 Total cost: 1.0579273066468886e-06
40530 Total cost: 2.0257998585293535e-06
40540 Total cost: 4.572485067910748e-06
40550 Total cost: 1.2332635606071563e-06
40560 Total cost: 1.0364689160269336e-06
40570 Total cost: 2.4485955236741574e-06
40580 Total cost: 1.91251956493943e-06
40590 Total cost: 6.298146217886824e-06
40600 Total cost: 2.992988129335572e-06
40610 Total cost: 5.822301773150684e-06
40620 Total cost: 4.5434148887579795e-06
40630 Total cost: 2.0626403056667186e-06
40640 Total cost: 3.2250334243144607e-06
40650 Total cost: 1.2652687928493833e-06
40660 Total cost: 2.6590005290927365e-06
40670 Total cost: 2.9733951123489533e-06
40680 Total cost: 4.052802523801802e-06
40690 Total cost: 8.851751772454008e-06
40700 Total cost: 2.0336469788162503e-06
40710 Total cost: 8.609299015915894e-07
40720 Total cost: 8.06479363291146e-07
40730 Total cost: 5.126940322952578e-06
40740 Total cost: 3.4802726531779626e-06
40750 Total cost: 1.5884553477008012e-06
40760 Total cost: 3.662152948891162e-06
40770 Total cost: 2.1084697436890565e-05
40780 Total cost: 9.525633686280344e-06
40790 Total cost: 1.6610501916147768e-06
40800 Total cost: 4.365909717307659e-06
40810 Total cost: 5.632866759697208e-06
40820 Total cost: 1.3965998277853942e-06
40830 Total cost: 7.0768546720501035e-06
40840 Total cost: 6.452999059547437e-06
40850 Total cost: 1.7745525155987707e-06
40860 Total cost: 1.6736196357669542e-06
40870 Total cost: 2.5576891857781447e-06
40880 Total cost: 6.730714972036367e-07
40890 Total cost: 1.1011413334927056e-05
40900 Total cost: 4.260750301909866e-06
40910 Total cost: 6.59731995256152e-06
40920 Total cost: 4.45847945229616e-06
40930 Total cost: 5.806710305478191e-06
40940 Total cost: 4.28675593866501e-06
40950 Total cost: 3.1528022645943565e-06
40960 Total cost: 4.709133918368025e-06
40970 Total cost: 3.827337877737591e-06
40980 Total cost: 2.0621369003492873e-06
40990 Total cost: 2.288558334839763e-06
Calculating RMSE; trajectory: 1
Calculating RMSE; trajectory: 2
Calculating RMSE; trajectory: 3
Calculating RMSE; trajectory: 4
Calculating RMSE; trajectory: 5
/home/khw/Projects/pumafabrics/pumafabrics/puma_adapted/evaluation/evaluate_nd.py:20: VisibleDeprecationWarning: Creating an ndarray from ragged nested sequences (which is a list-or-tuple of lists-or-tuples-or ndarrays with different lengths or shapes) is deprecated. If you meant to do this, you must specify 'dtype=object' when creating the ndarray.
  delta_t_history = np.array(self.delta_t_eval)
/home/khw/Projects/pumafabrics/pumafabrics/puma_adapted/evaluation/evaluate_nd.py:20: VisibleDeprecationWarning: Creating an ndarray from ragged nested sequences (which is a list-or-tuple of lists-or-tuples-or ndarrays with different lengths or shapes) is deprecated. If you meant to do this, you must specify 'dtype=object' when creating the ndarray.
  delta_t_history = np.array(self.delta_t_eval)
Calculating RMSE; trajectory: 6
Calculating RMSE; trajectory: 7
Calculating RMSE; trajectory: 8
Calculating RMSE; trajectory: 9
Calculating dynamic time warping distance; trajectory: 1
Calculating dynamic time warping distance; trajectory: 2
Calculating dynamic time warping distance; trajectory: 3
Calculating dynamic time warping distance; trajectory: 4
Calculating dynamic time warping distance; trajectory: 5
Calculating dynamic time warping distance; trajectory: 6
Calculating dynamic time warping distance; trajectory: 7
Calculating dynamic time warping distance; trajectory: 8
Calculating dynamic time warping distance; trajectory: 9
Calculating Frechet distance; trajectory: 1
Calculating Frechet distance; trajectory: 2
Calculating Frechet distance; trajectory: 3
Calculating Frechet distance; trajectory: 4
Calculating Frechet distance; trajectory: 5
Calculating Frechet distance; trajectory: 6
Calculating Frechet distance; trajectory: 7
Calculating Frechet distance; trajectory: 8
Calculating Frechet distance; trajectory: 9
Saving image to ./results/1st_order_R3S3_sweep_16may/5/images/primitive_0_iter_41000.pdf...
Metrics sum: 0.09993999820299032 ; Number of unsuccessful trajectories: 0
41000 Total cost: 4.859190994466189e-06
41010 Total cost: 3.955315605708165e-06
41020 Total cost: 1.8390821878710994e-06
41030 Total cost: 5.9631843214447144e-06
41040 Total cost: 5.491992851602845e-06
41050 Total cost: 9.925640370056499e-06
41060 Total cost: 1.8388620901532704e-06
41070 Total cost: 2.6447567051945953e-06
41080 Total cost: 1.7570216641615843e-06
41090 Total cost: 6.637741307713441e-07
41100 Total cost: 9.349113838652556e-07
41110 Total cost: 1.0523394848860335e-06
41120 Total cost: 2.0814609342778567e-06
41130 Total cost: 7.41354870115174e-06
41140 Total cost: 7.938541784824338e-06
41150 Total cost: 4.896528480458073e-06
41160 Total cost: 3.855152499454562e-06
41170 Total cost: 1.3889335832573124e-06
41180 Total cost: 3.0412438718485646e-06
41190 Total cost: 1.9707235878740903e-06
41200 Total cost: 1.753434958118305e-06
41210 Total cost: 2.5405445285286987e-06
41220 Total cost: 1.1387771792215062e-06
41230 Total cost: 3.6013402677781414e-06
41240 Total cost: 1.9308188257127767e-06
41250 Total cost: 4.457421255210647e-06
41260 Total cost: 2.0777888494194485e-06
41270 Total cost: 1.9063958234255551e-06
41280 Total cost: 2.4206838133977726e-06
41290 Total cost: 8.953822430157743e-07
41300 Total cost: 7.375524091912666e-06
41310 Total cost: 7.708448720222805e-06
41320 Total cost: 3.258149718021741e-06
41330 Total cost: 1.281671984543209e-06
41340 Total cost: 4.144656941207359e-06
41350 Total cost: 1.0418639249110129e-05
41360 Total cost: 6.083585049054818e-06
41370 Total cost: 1.7098909665946849e-06
41380 Total cost: 4.914702458336251e-06
41390 Total cost: 4.768831786350347e-06
41400 Total cost: 3.844877028313931e-06
41410 Total cost: 3.4014342418231536e-06
41420 Total cost: 6.334682893793797e-06
41430 Total cost: 1.4799145446886541e-06
41440 Total cost: 3.4245699680468533e-06
41450 Total cost: 7.393803684863087e-07
41460 Total cost: 7.896798706497066e-06
41470 Total cost: 1.7270565422222717e-06
41480 Total cost: 1.8157751355829532e-06
41490 Total cost: 2.8070478492736584e-06
41500 Total cost: 2.743663571891375e-06
41510 Total cost: 6.033580120856641e-06
41520 Total cost: 1.6696525335646584e-06
41530 Total cost: 1.0972953532473184e-06
41540 Total cost: 1.7620184280531248e-06
41550 Total cost: 2.940063950518379e-06
41560 Total cost: 5.93311051488854e-06
41570 Total cost: 3.436045972193824e-06
41580 Total cost: 3.1404099445353495e-06
41590 Total cost: 3.5246314382675337e-06
41600 Total cost: 5.294682978274068e-06
41610 Total cost: 2.0165941805316834e-06
41620 Total cost: 1.1545647566890693e-06
41630 Total cost: 2.5348624603793724e-06
41640 Total cost: 2.979055807372788e-06
41650 Total cost: 1.5022893421701156e-05
41660 Total cost: 4.501282091950998e-06
41670 Total cost: 2.495179387551616e-06
41680 Total cost: 4.799184353032615e-06
41690 Total cost: 1.8037945892501739e-06
41700 Total cost: 1.9423652702244e-05
41710 Total cost: 2.716660446822061e-06
41720 Total cost: 3.4250717817485565e-06
41730 Total cost: 2.1316513993951958e-06
41740 Total cost: 1.0704300166253233e-06
41750 Total cost: 3.12967335958092e-06
41760 Total cost: 3.75540594177437e-06
41770 Total cost: 5.6590765780129004e-06
41780 Total cost: 3.9947312870936e-06
41790 Total cost: 6.718953045492526e-06
41800 Total cost: 5.072140538686654e-06
41810 Total cost: 1.8536817378844717e-06
41820 Total cost: 5.375993623601971e-06
41830 Total cost: 3.4785612115229014e-06
41840 Total cost: 2.9161330985516543e-06
41850 Total cost: 2.6344641810283065e-06
41860 Total cost: 1.3358159094423172e-06
41870 Total cost: 3.77728224520979e-06
41880 Total cost: 1.3162451750758919e-06
41890 Total cost: 2.5451699912082404e-06
41900 Total cost: 1.7885191709865467e-06
41910 Total cost: 2.3754314497637097e-06
41920 Total cost: 8.259475180238951e-06
41930 Total cost: 1.4189071180226165e-06
41940 Total cost: 4.434797119756695e-06
41950 Total cost: 2.647423571033869e-06
41960 Total cost: 2.874075562431244e-06
41970 Total cost: 3.4198506000393536e-06
41980 Total cost: 2.899187393268221e-06
41990 Total cost: 1.2980236760995467e-06
Calculating RMSE; trajectory: 1
Calculating RMSE; trajectory: 2
Calculating RMSE; trajectory: 3
Calculating RMSE; trajectory: 4
Calculating RMSE; trajectory: 5
Calculating RMSE; trajectory: 6
Calculating RMSE; trajectory: 7
Calculating RMSE; trajectory: 8
Calculating RMSE; trajectory: 9
Calculating dynamic time warping distance; trajectory: 1
Calculating dynamic time warping distance; trajectory: 2
Calculating dynamic time warping distance; trajectory: 3
Calculating dynamic time warping distance; trajectory: 4
Calculating dynamic time warping distance; trajectory: 5
Calculating dynamic time warping distance; trajectory: 6
Calculating dynamic time warping distance; trajectory: 7
Calculating dynamic time warping distance; trajectory: 8
Calculating dynamic time warping distance; trajectory: 9
Calculating Frechet distance; trajectory: 1
Calculating Frechet distance; trajectory: 2
Calculating Frechet distance; trajectory: 3
Calculating Frechet distance; trajectory: 4
Calculating Frechet distance; trajectory: 5
Calculating Frechet distance; trajectory: 6
Calculating Frechet distance; trajectory: 7
Calculating Frechet distance; trajectory: 8
Calculating Frechet distance; trajectory: 9
Saving image to ./results/1st_order_R3S3_sweep_16may/5/images/primitive_0_iter_42000.pdf...
Metrics sum: 0.09814112498640915 ; Number of unsuccessful trajectories: 0
42000 Total cost: 4.078993697476108e-06
42010 Total cost: 2.5124520561803365e-06
42020 Total cost: 1.6049383475547074e-06
42030 Total cost: 5.402713668445358e-06
42040 Total cost: 1.6827850686240708e-06
42050 Total cost: 4.7979165174183436e-06
42060 Total cost: 1.7696235090625123e-06
42070 Total cost: 2.972712763948948e-06
42080 Total cost: 1.9903250176867004e-06
42090 Total cost: 5.265630534267984e-06
42100 Total cost: 6.365858098433819e-06
42110 Total cost: 1.797223262656189e-06
42120 Total cost: 4.320416337577626e-06
42130 Total cost: 1.7224797375092749e-06
42140 Total cost: 3.916968125849962e-06
42150 Total cost: 9.798374094316387e-07
42160 Total cost: 2.184977347496897e-06
42170 Total cost: 2.0544509879982797e-06
42180 Total cost: 1.2116058314859401e-05
42190 Total cost: 3.6804506180487806e-06
42200 Total cost: 1.0721109902078751e-05
42210 Total cost: 1.9479855382087408e-06
42220 Total cost: 1.4778995591768762e-06
42230 Total cost: 3.6347005334391724e-06
42240 Total cost: 5.0474127419875e-06
42250 Total cost: 4.198775968689006e-06
42260 Total cost: 2.657307959452737e-06
42270 Total cost: 1.167713253380498e-05
42280 Total cost: 4.302798970456934e-06
42290 Total cost: 7.614731657668017e-06
42300 Total cost: 2.558326514190412e-06
42310 Total cost: 4.926845576846972e-06
42320 Total cost: 2.193957243434852e-06
42330 Total cost: 1.221134766637988e-06
42340 Total cost: 5.248069555818802e-06
42350 Total cost: 5.143194357515313e-06
42360 Total cost: 3.3673388770694146e-06
42370 Total cost: 1.6518814618393662e-06
42380 Total cost: 4.405517756822519e-06
42390 /home/khw/Projects/pumafabrics/pumafabrics/puma_adapted/evaluation/evaluate_nd.py:20: VisibleDeprecationWarning: Creating an ndarray from ragged nested sequences (which is a list-or-tuple of lists-or-tuples-or ndarrays with different lengths or shapes) is deprecated. If you meant to do this, you must specify 'dtype=object' when creating the ndarray.
  delta_t_history = np.array(self.delta_t_eval)
Total cost: 2.3073539523466025e-06
42400 Total cost: 1.746067823660269e-06
42410 Total cost: 9.337129995401483e-06
42420 Total cost: 2.3788750240782974e-06
42430 Total cost: 5.857452379132155e-06
42440 Total cost: 1.924383013829356e-06
42450 Total cost: 1.5482145272471826e-06
42460 Total cost: 2.0066643173777265e-06
42470 Total cost: 1.5669992308176006e-06
42480 Total cost: 1.1489461257951916e-06
42490 Total cost: 4.101337253814563e-06
42500 Total cost: 2.4600778942840407e-06
42510 Total cost: 9.304702871304471e-06
42520 Total cost: 4.701542366092326e-06
42530 Total cost: 1.0747750138762058e-06
42540 Total cost: 1.6468895864818478e-06
42550 Total cost: 5.816096290800488e-06
42560 Total cost: 2.731440190473222e-06
42570 Total cost: 2.7687963211064925e-06
42580 Total cost: 1.0820825764312758e-06
42590 Total cost: 9.39111828301975e-07
42600 Total cost: 3.2355910661863163e-06
42610 Total cost: 5.4013621593185235e-06
42620 Total cost: 2.387213498877827e-06
42630 Total cost: 1.385726704938861e-06
42640 Total cost: 3.7224183415673906e-06
42650 Total cost: 3.359014272064087e-06
42660 Total cost: 8.203611287171952e-06
42670 Total cost: 3.4401527955196798e-06
42680 Total cost: 1.2792789902960067e-06
42690 Total cost: 3.2942839425231796e-06
42700 Total cost: 2.017568249357282e-06
42710 Total cost: 2.9162779355829116e-06
42720 Total cost: 6.864618171675829e-07
42730 Total cost: 6.063259661459597e-06
42740 Total cost: 1.2849114909840864e-06
42750 Total cost: 2.1632026800944004e-06
42760 Total cost: 1.863022930592706e-06
42770 Total cost: 8.704383617441636e-06
42780 Total cost: 3.941996965295402e-06
42790 Total cost: 6.771670541638741e-06
42800 Total cost: 1.7598372323845979e-06
42810 Total cost: 7.441911407113366e-07
42820 Total cost: 8.874524723978539e-07
42830 Total cost: 2.412798949080752e-06
42840 Total cost: 2.762365738817607e-06
42850 Total cost: 1.6964189626378356e-06
42860 Total cost: 1.4551754929925664e-06
42870 Total cost: 2.974707285829936e-06
42880 Total cost: 3.4581587442517048e-06
42890 Total cost: 6.440717697842047e-06
42900 Total cost: 9.565974323777482e-07
42910 Total cost: 1.350031766378379e-06
42920 Total cost: 2.8080046376999235e-06
42930 Total cost: 1.3416519095699186e-06
42940 Total cost: 8.509375220455695e-06
42950 Total cost: 1.444082840862393e-06
42960 Total cost: 2.1723985810240265e-06
42970 Total cost: 1.491399325459497e-05
42980 Total cost: 5.034311925555812e-06
42990 Total cost: 2.50346624852682e-06
Calculating RMSE; trajectory: 1
Calculating RMSE; trajectory: 2
Calculating RMSE; trajectory: 3
Calculating RMSE; trajectory: 4
Calculating RMSE; trajectory: 5
Calculating RMSE; trajectory: 6
Calculating RMSE; trajectory: 7
Calculating RMSE; trajectory: 8
Calculating RMSE; trajectory: 9
Calculating dynamic time warping distance; trajectory: 1
Calculating dynamic time warping distance; trajectory: 2
Calculating dynamic time warping distance; trajectory: 3
Calculating dynamic time warping distance; trajectory: 4
Calculating dynamic time warping distance; trajectory: 5
Calculating dynamic time warping distance; trajectory: 6
Calculating dynamic time warping distance; trajectory: 7
Calculating dynamic time warping distance; trajectory: 8
Calculating dynamic time warping distance; trajectory: 9
Calculating Frechet distance; trajectory: 1
Calculating Frechet distance; trajectory: 2
Calculating Frechet distance; trajectory: 3
Calculating Frechet distance; trajectory: 4
Calculating Frechet distance; trajectory: 5
Calculating Frechet distance; trajectory: 6
Calculating Frechet distance; trajectory: 7
Calculating Frechet distance; trajectory: 8
Calculating Frechet distance; trajectory: 9
Saving image to ./results/1st_order_R3S3_sweep_16may/5/images/primitive_0_iter_43000.pdf...
Metrics sum: 0.09170633290029753 ; Number of unsuccessful trajectories: 0
43000 Total cost: 5.874353064427851e-06
43010 Total cost: 3.496364342936431e-06
43020 Total cost: 1.979077978830901e-06
43030 Total cost: 1.115586542255187e-06
43040 Total cost: 1.492455521656666e-05
43050 Total cost: 9.646337275626138e-06
43060 Total cost: 7.698907211306505e-06
43070 Total cost: 1.0183217682424583e-06
43080 Total cost: 1.6972574030660326e-06
43090 Total cost: 1.1412339517846704e-06
43100 Total cost: 1.1135999784528394e-06
43110 Total cost: 2.6215539037366398e-06
43120 Total cost: 2.1115974959684536e-06
43130 Total cost: 9.064355253940448e-06
43140 Total cost: 6.1769119383825455e-06
43150 Total cost: 7.999156878213398e-06
43160 Total cost: 1.5281326568583609e-06
43170 Total cost: 1.7192606946991873e-06
43180 Total cost: 5.226123448665021e-06
43190 Total cost: 5.256470103631727e-06
43200 Total cost: 5.889231943001505e-06
43210 Total cost: 1.8171917872678023e-06
43220 Total cost: 4.249171070114244e-06
43230 Total cost: 3.139360615023179e-06
43240 Total cost: 1.991832505154889e-06
43250 Total cost: 1.2442329762052395e-06
43260 Total cost: 3.979015673394315e-06
43270 Total cost: 7.220042789413128e-06
43280 Total cost: 3.7207873901934363e-06
43290 Total cost: 2.5896920305967797e-06
43300 Total cost: 6.858151209598873e-06
43310 Total cost: 1.5888408597675152e-06
43320 Total cost: 1.6858268736541504e-06
43330 Total cost: 3.065845476157847e-06
43340 Total cost: 2.882559329009382e-06
43350 Total cost: 3.606267227951321e-06
43360 Total cost: 1.5319872090913123e-06
43370 Total cost: 6.497855338238878e-07
43380 Total cost: 5.376554327085614e-06
43390 Total cost: 3.5249920529167866e-06
43400 Total cost: 4.417731361172628e-06
43410 Total cost: 4.0886748138291296e-06
43420 Total cost: 1.7845599131760537e-06
43430 Total cost: 1.64657910772803e-06
43440 Total cost: 6.527442337755929e-07
43450 Total cost: 2.6266893655702006e-06
43460 Total cost: 3.5960688364866655e-06
43470 Total cost: 1.4929001963537303e-06
43480 Total cost: 4.232073933962965e-06
43490 Total cost: 2.084373363686609e-06
43500 Total cost: 5.337828952178825e-06
43510 Total cost: 3.5644040963234147e-06
43520 Total cost: 2.081714910673327e-06
43530 Total cost: 2.0943584786436986e-06
43540 Total cost: 2.511011416572728e-06
43550 Total cost: 2.1085027128719958e-06
43560 Total cost: 3.13693203679577e-06
43570 Total cost: 6.921096428413875e-06
43580 Total cost: 1.6686475419191993e-06
43590 Total cost: 1.7424565612600418e-06
43600 Total cost: 2.69037423095142e-06
43610 Total cost: 1.1934977919736411e-05
43620 Total cost: 2.5563372219039593e-06
43630 Total cost: 2.7271880753687583e-06
43640 Total cost: 4.207171514281072e-06
43650 Total cost: 1.8825608094630297e-06
43660 Total cost: 3.0594512736570323e-06
43670 Total cost: 2.069572474283632e-06
43680 Total cost: 1.4665864000562578e-05
43690 Total cost: 4.0050840652838815e-06
43700 Total cost: 1.1166875992785208e-06
43710 Total cost: 1.4659407270301017e-06
43720 Total cost: 7.559278287772031e-07
43730 Total cost: 3.6515773444989463e-06
43740 Total cost: 1.101588054552849e-06
43750 Total cost: 4.876394541497575e-06
43760 Total cost: 5.375193723011762e-06
43770 Total cost: 2.6125405838683946e-06
43780 Total cost: 2.361108499826514e-06
43790 Total cost: 4.680867277784273e-06
43800 Total cost: 1.9263688955106772e-06
43810 Total cost: 3.335368091939017e-06
43820 Total cost: 8.069736168181407e-07
43830 Total cost: 3.9789395600564603e-07
43840 Total cost: 3.4498316381359473e-06
43850 Total cost: 8.153545422828756e-06
43860 Total cost: 3.329094170112512e-06
43870 Total cost: 9.851572940533515e-06
43880 Total cost: 2.093060857077944e-06
43890 Total cost: 2.971008598251501e-06
43900 Total cost: 7.122256192815257e-06
43910 Total cost: 5.34579339728225e-06
43920 Total cost: 3.0141650313453283e-06
43930 Total cost: 1.0950849173241295e-05
43940 Total cost: 2.506055807316443e-06
43950 Total cost: 8.1077837421617e-07
43960 Total cost: 6.234199190657819e-06
43970 Total cost: 2.8007248147332575e-06
43980 Total cost: 1.3238143310445594e-06
43990 Total cost: 2.584357616797206e-06
Calculating RMSE; trajectory: 1
Calculating RMSE; trajectory: 2
Calculating RMSE; trajectory: 3
Calculating RMSE; trajectory: 4
Calculating RMSE; trajectory: 5
Calculating RMSE; trajectory: 6
Calculating RMSE; trajectory: 7
Calculating RMSE; trajectory: 8
Calculating RMSE; trajectory: 9
/home/khw/Projects/pumafabrics/pumafabrics/puma_adapted/evaluation/evaluate_nd.py:20: VisibleDeprecationWarning: Creating an ndarray from ragged nested sequences (which is a list-or-tuple of lists-or-tuples-or ndarrays with different lengths or shapes) is deprecated. If you meant to do this, you must specify 'dtype=object' when creating the ndarray.
  delta_t_history = np.array(self.delta_t_eval)
/home/khw/Projects/pumafabrics/pumafabrics/puma_adapted/evaluation/evaluate_nd.py:20: VisibleDeprecationWarning: Creating an ndarray from ragged nested sequences (which is a list-or-tuple of lists-or-tuples-or ndarrays with different lengths or shapes) is deprecated. If you meant to do this, you must specify 'dtype=object' when creating the ndarray.
  delta_t_history = np.array(self.delta_t_eval)
Calculating dynamic time warping distance; trajectory: 1
Calculating dynamic time warping distance; trajectory: 2
Calculating dynamic time warping distance; trajectory: 3
Calculating dynamic time warping distance; trajectory: 4
Calculating dynamic time warping distance; trajectory: 5
Calculating dynamic time warping distance; trajectory: 6
Calculating dynamic time warping distance; trajectory: 7
Calculating dynamic time warping distance; trajectory: 8
Calculating dynamic time warping distance; trajectory: 9
Calculating Frechet distance; trajectory: 1
Calculating Frechet distance; trajectory: 2
Calculating Frechet distance; trajectory: 3
Calculating Frechet distance; trajectory: 4
Calculating Frechet distance; trajectory: 5
Calculating Frechet distance; trajectory: 6
Calculating Frechet distance; trajectory: 7
Calculating Frechet distance; trajectory: 8
Calculating Frechet distance; trajectory: 9
Saving image to ./results/1st_order_R3S3_sweep_16may/5/images/primitive_0_iter_44000.pdf...
Metrics sum: 0.10811279896003959 ; Number of unsuccessful trajectories: 0
44000 Total cost: 4.735514266940299e-06
44010 Total cost: 2.271806579301483e-06
44020 Total cost: 4.823452854907373e-06
44030 Total cost: 1.451980097044725e-06
44040 Total cost: 1.2037786518703797e-06
44050 Total cost: 1.7179273754663882e-06
44060 Total cost: 4.360290404292755e-06
44070 Total cost: 4.038197857880732e-06
44080 Total cost: 2.722776798691484e-06
44090 Total cost: 4.314500529289944e-06
44100 Total cost: 4.892739980277838e-06
44110 Total cost: 1.6487151697219815e-06
44120 Total cost: 2.4194860088755377e-06
44130 Total cost: 1.2115142453694716e-06
44140 Total cost: 6.086267148930347e-06
44150 Total cost: 4.220261416776339e-06
44160 Total cost: 2.45177989199874e-06
44170 Total cost: 4.427743533597095e-06
44180 Total cost: 2.0141303593845805e-06
44190 Total cost: 3.645624474302167e-06
44200 Total cost: 4.894230187346693e-06
44210 Total cost: 6.17492878518533e-06
44220 Total cost: 5.03771207149839e-06
44230 Total cost: 1.5484529285458848e-06
44240 Total cost: 2.4327955543412827e-06
44250 Total cost: 3.1506297091254964e-06
44260 Total cost: 4.3093482418044005e-06
44270 Total cost: 2.5592137262719916e-06
44280 Total cost: 7.330355060730653e-07
44290 Total cost: 1.4962794239181676e-06
44300 Total cost: 7.698378794884775e-06
44310 Total cost: 3.4480829071981134e-06
44320 Total cost: 1.3533486935557448e-06
44330 Total cost: 8.11249810794834e-06
44340 Total cost: 1.0346460612709052e-06
44350 Total cost: 1.0210329492110759e-05
44360 Total cost: 5.168265943211736e-06
44370 Total cost: 4.791981609741924e-06
44380 Total cost: 1.4739131302121677e-06
44390 Total cost: 1.8436007849231828e-06
44400 Total cost: 2.6890227218245855e-06
44410 Total cost: 1.5712279264334938e-06
44420 Total cost: 3.3100923246820457e-06
44430 Total cost: 1.2055536444677273e-06
44440 Total cost: 6.198803021106869e-06
44450 Total cost: 4.149478627368808e-06
44460 Total cost: 3.7538738979492337e-06
44470 Total cost: 3.1730094178783474e-06
44480 Total cost: 1.462303998778225e-06
44490 Total cost: 3.979468147008447e-06
44500 Total cost: 1.8474618173058843e-06
44510 Total cost: 4.336593519838061e-06
44520 Total cost: 7.775097969897615e-07
44530 Total cost: 2.6773625450005056e-06
44540 Total cost: 4.142599209444597e-06
44550 Total cost: 4.578350853989832e-06
44560 Total cost: 2.235643250969588e-06
44570 Total cost: 7.226063189591514e-06
44580 Total cost: 1.6800846651676693e-06
44590 Total cost: 1.1912871741515119e-05
44600 Total cost: 1.139681444328744e-06
44610 Total cost: 3.505462700559292e-06
44620 Total cost: 5.090641025162768e-06
44630 Total cost: 9.318236152466852e-06
44640 Total cost: 2.7631178909359733e-06
44650 Total cost: 7.624728368682554e-06
44660 Total cost: 3.600776381063042e-06
44670 Total cost: 7.837426892365329e-06
44680 Total cost: 1.0369391247877502e-06
44690 Total cost: 4.86437238578219e-06
44700 Total cost: 1.3757068018094287e-06
44710 Total cost: 3.6367539451021003e-06
44720 Total cost: 4.592485765897436e-06
44730 Total cost: 3.3591131796129048e-06
44740 Total cost: 6.144492203929985e-07
44750 Total cost: 2.7311166377330665e-06
44760 Total cost: 2.6703376079240115e-06
44770 Total cost: 1.6087895346572623e-05
44780 Total cost: 8.929125215217937e-06
44790 Total cost: 1.972447535081301e-06
44800 Total cost: 3.114430910500232e-06
44810 Total cost: 2.9723867100983625e-06
44820 Total cost: 1.2374431435091537e-06
44830 Total cost: 4.674870524468133e-06
44840 Total cost: 1.8082939732266823e-06
44850 Total cost: 1.0432237331770011e-06
44860 Total cost: 6.921811177562631e-07
44870 Total cost: 4.4611656448978465e-06
44880 Total cost: 4.8714782678871416e-06
44890 Total cost: 1.1102904409199255e-06
44900 Total cost: 2.0638556179619627e-06
44910 Total cost: 2.0295540252845967e-06
44920 Total cost: 8.456444220428239e-07
44930 Total cost: 1.5494536000915105e-06
44940 Total cost: 8.538400493307563e-07
44950 Total cost: 2.2733920559403487e-06
44960 Total cost: 6.67450422042748e-07
44970 Total cost: 8.074701327132061e-06
44980 Total cost: 1.1721489272531471e-06
44990 Total cost: 3.2997763810271863e-06
Calculating RMSE; trajectory: 1
Calculating RMSE; trajectory: 2
Calculating RMSE; trajectory: 3
Calculating RMSE; trajectory: 4
Calculating RMSE; trajectory: 5
Calculating RMSE; trajectory: 6
Calculating RMSE; trajectory: 7
Calculating RMSE; trajectory: 8
Calculating RMSE; trajectory: 9
Calculating dynamic time warping distance; trajectory: 1
Calculating dynamic time warping distance; trajectory: 2
Calculating dynamic time warping distance; trajectory: 3
Calculating dynamic time warping distance; trajectory: 4
Calculating dynamic time warping distance; trajectory: 5
Calculating dynamic time warping distance; trajectory: 6
Calculating dynamic time warping distance; trajectory: 7
Calculating dynamic time warping distance; trajectory: 8
Calculating dynamic time warping distance; trajectory: 9
Calculating Frechet distance; trajectory: 1
Calculating Frechet distance; trajectory: 2
Calculating Frechet distance; trajectory: 3
Calculating Frechet distance; trajectory: 4
Calculating Frechet distance; trajectory: 5
Calculating Frechet distance; trajectory: 6
Calculating Frechet distance; trajectory: 7
Calculating Frechet distance; trajectory: 8
Calculating Frechet distance; trajectory: 9
Saving image to ./results/1st_order_R3S3_sweep_16may/5/images/primitive_0_iter_45000.pdf...
Metrics sum: 0.10501830873018264 ; Number of unsuccessful trajectories: 0
45000 Total cost: 2.271196080982918e-06
45010 Total cost: 1.83941847353708e-06
45020 Total cost: 9.355217116535641e-06
45030 Total cost: 8.127119144774042e-06
45040 Total cost: 7.35578623789479e-06
45050 Total cost: 8.920342224882916e-06
45060 Total cost: 6.158452379168011e-06
45070 Total cost: 4.74272201245185e-06
45080 Total cost: 2.8183310405438533e-06
45090 Total cost: 8.8888623395178e-07
45100 Total cost: 8.981619430414867e-07
45110 Total cost: 5.492237278303946e-07
45120 Total cost: 2.4637101887492463e-06
45130 Total cost: 3.521726966937422e-06
45140 Total cost: 2.3321499611483887e-06
45150 Total cost: 1.3414739896688843e-06
45160 Total cost: 1.4921720321581233e-06
45170 Total cost: 1.2619191238627536e-06
45180 Total cost: 1.2931183164255344e-06
45190 Total cost: 1.4112875987848383e-06
45200 Total cost: 4.312720193411224e-06
45210 Total cost: 6.6388893174007535e-06
45220 Total cost: 7.9215933510568e-06
45230 Total cost: 3.10342352349835e-06
45240 Total cost: 4.2512306208664086e-06
45250 Total cost: 4.202067430014722e-06
45260 Total cost: 1.4954136986489175e-06
45270 Total cost: 5.270258498057956e-06
45280 Total cost: 2.4432199552393286e-06
45290 Total cost: 1.7148264532806934e-06
45300 Total cost: 4.4069856812711805e-06
45310 Total cost: 8.102528227027506e-06
45320 Total cost: 1.3600324564322364e-06
45330 Total cost: 1.8103926322510233e-06
45340 Total cost: 7.281937087100232e-06
45350 Total cost: 2.0962804683222203e-06
45360 Total cost: 2.6546272238192614e-06
45370 Total cost: 9.461427907808684e-07
45380 Total cost: 8.815129604045069e-07
45390 Total cost: 4.0412878661300056e-06
45400 Total cost: 1.165013418358285e-05
45410 Total cost: 1.2929076547152363e-06
45420 Total cost: /home/khw/Projects/pumafabrics/pumafabrics/puma_adapted/evaluation/evaluate_nd.py:20: VisibleDeprecationWarning: Creating an ndarray from ragged nested sequences (which is a list-or-tuple of lists-or-tuples-or ndarrays with different lengths or shapes) is deprecated. If you meant to do this, you must specify 'dtype=object' when creating the ndarray.
  delta_t_history = np.array(self.delta_t_eval)
7.255127911776071e-06
45430 Total cost: 1.590861188560666e-06
45440 Total cost: 1.8508263792682556e-06
45450 Total cost: 2.984566890518181e-06
45460 Total cost: 4.818809884454822e-06
45470 Total cost: 1.684153858150239e-06
45480 Total cost: 2.6252087081957143e-06
45490 Total cost: 8.636418442620197e-07
45500 Total cost: 9.068644430954009e-07
45510 Total cost: 1.6194422869375558e-06
45520 Total cost: 3.199969796696678e-06
45530 Total cost: 4.1566536310710944e-06
45540 Total cost: 1.94069048120582e-06
45550 Total cost: 2.111378762492677e-06
45560 Total cost: 2.892688826250378e-06
45570 Total cost: 6.279374701989582e-06
45580 Total cost: 5.089166279503843e-06
45590 Total cost: 8.202084700315027e-07
45600 Total cost: 7.007444651208061e-07
45610 Total cost: 8.896612371245283e-07
45620 Total cost: 1.0690861245166161e-06
45630 Total cost: 4.434569746081252e-06
45640 Total cost: 3.0557578156731324e-06
45650 Total cost: 1.5217832469716086e-06
45660 Total cost: 9.539140819470049e-07
45670 Total cost: 5.742177108913893e-06
45680 Total cost: 7.005787665548269e-06
45690 Total cost: 3.245122343287221e-06
45700 Total cost: 4.407088908919832e-06
45710 Total cost: 4.5871406655351166e-06
45720 Total cost: 2.6399684429634362e-06
45730 Total cost: 9.466398296353873e-06
45740 Total cost: 2.622486590553308e-06
45750 Total cost: 2.9935017664683983e-06
45760 Total cost: 7.433910013787681e-06
45770 Total cost: 9.891822628560476e-06
45780 Total cost: 4.426214218256064e-06
45790 Total cost: 2.7378864615457132e-06
45800 Total cost: 2.795928594423458e-06
45810 Total cost: 2.7898197458853247e-06
45820 Total cost: 1.4387361488843453e-06
45830 Total cost: 6.75678052175499e-07
45840 Total cost: 2.2210033421288244e-06
45850 Total cost: 8.965163942775689e-06
45860 Total cost: 5.394288109528134e-06
45870 Total cost: 3.0413007152674254e-06
45880 Total cost: 2.7806390789919533e-06
45890 Total cost: 8.077099664660636e-06
45900 Total cost: 3.4410395528539084e-06
45910 Total cost: 3.917049980373122e-06
45920 Total cost: 3.7814347706444096e-06
45930 Total cost: 4.128466571273748e-06
45940 Total cost: 2.776234396151267e-06
45950 Total cost: 1.1818309531008708e-06
45960 Total cost: 1.3330462707017432e-06
45970 Total cost: 3.858664513245458e-06
45980 Total cost: 1.521394324299763e-06
45990 Total cost: 5.46984983884613e-06
Calculating RMSE; trajectory: 1
Calculating RMSE; trajectory: 2
Calculating RMSE; trajectory: 3
Calculating RMSE; trajectory: 4
Calculating RMSE; trajectory: 5
Calculating RMSE; trajectory: 6
Calculating RMSE; trajectory: 7
Calculating RMSE; trajectory: 8
Calculating RMSE; trajectory: 9
Calculating dynamic time warping distance; trajectory: 1
Calculating dynamic time warping distance; trajectory: 2
Calculating dynamic time warping distance; trajectory: 3
Calculating dynamic time warping distance; trajectory: 4
Calculating dynamic time warping distance; trajectory: 5
Calculating dynamic time warping distance; trajectory: 6
Calculating dynamic time warping distance; trajectory: 7
Calculating dynamic time warping distance; trajectory: 8
Calculating dynamic time warping distance; trajectory: 9
Calculating Frechet distance; trajectory: 1
Calculating Frechet distance; trajectory: 2
Calculating Frechet distance; trajectory: 3
Calculating Frechet distance; trajectory: 4
Calculating Frechet distance; trajectory: 5
Calculating Frechet distance; trajectory: 6
Calculating Frechet distance; trajectory: 7
Calculating Frechet distance; trajectory: 8
Calculating Frechet distance; trajectory: 9
Saving image to ./results/1st_order_R3S3_sweep_16may/5/images/primitive_0_iter_46000.pdf...
Metrics sum: 0.09423530641823394 ; Number of unsuccessful trajectories: 0
46000 Total cost: 6.350665444188053e-06
46010 Total cost: 2.9528914637921844e-06
46020 Total cost: 8.783331395534333e-07
46030 Total cost: 3.304393658254412e-06
46040 Total cost: 1.3061566050964757e-06
46050 Total cost: 1.4270576684793923e-06
46060 Total cost: 1.0090247087646276e-05
46070 Total cost: 9.060056527232518e-07
46080 Total cost: 8.066838859122072e-07
46090 Total cost: 1.2248870007169899e-06
46100 Total cost: 1.6347927385140792e-06
46110 Total cost: 1.0028241376858205e-05
46120 Total cost: 6.94595337336068e-06
46130 Total cost: 3.6602875752578257e-06
46140 Total cost: 3.266744897700846e-06
46150 Total cost: 1.0097706763190217e-05
46160 Total cost: 3.5435105019132607e-06
46170 Total cost: 1.991379576793406e-06
46180 Total cost: 1.3264004792290507e-06
46190 Total cost: 8.992859648060403e-07
46200 Total cost: 8.179143833331182e-07
46210 Total cost: 1.1483141406642972e-06
46220 Total cost: 3.375984533704468e-06
46230 Total cost: 4.620767413143767e-06
46240 Total cost: 4.2073606891790405e-06
46250 Total cost: 1.4129989267530618e-06
46260 Total cost: 8.581832844356541e-07
46270 Total cost: 1.8656922975424095e-06
46280 Total cost: 9.067545761354268e-06
46290 Total cost: 4.3507670852704905e-06
46300 Total cost: 1.3539932979256264e-06
46310 Total cost: 4.63444030174287e-06
46320 Total cost: 1.3441174360195873e-06
46330 Total cost: 1.8861778698919807e-06
46340 Total cost: 2.7167513962922385e-06
46350 Total cost: 3.4142055937991245e-06
46360 Total cost: 1.812793243516353e-06
46370 Total cost: 4.7702242227387615e-06
46380 Total cost: 5.981494268780807e-06
46390 Total cost: 9.718171440908918e-07
46400 Total cost: 1.9056172959608375e-06
46410 Total cost: 7.505684038733307e-07
46420 Total cost: 2.220658416263177e-06
46430 Total cost: 2.294023261129041e-06
46440 Total cost: 6.255515017983271e-06
46450 Total cost: 2.3275940748135326e-06
46460 Total cost: 5.168852112547029e-06
46470 Total cost: 3.23717813444091e-06
46480 Total cost: 2.7844844225910492e-06
46490 Total cost: 5.17674743605312e-06
46500 Total cost: 4.801491286343662e-06
46510 Total cost: 5.615007466985844e-06
46520 Total cost: 8.495647307427134e-06
46530 Total cost: 2.3133709419198567e-06
46540 Total cost: 4.9058762670028955e-06
46550 Total cost: 3.259515324316453e-06
46560 Total cost: 3.5444234072201652e-06
46570 Total cost: 1.3299155625645653e-06
46580 Total cost: 5.403776867751731e-06
46590 Total cost: 1.7014301647577668e-06
46600 Total cost: 1.5655618881282862e-06
46610 Total cost: 2.0239931473042816e-06
46620 Total cost: 3.804731932177674e-06
46630 Total cost: 3.1403073990077246e-06
46640 Total cost: 8.35908667795593e-06
46650 Total cost: 5.494935976457782e-06
46660 Total cost: 1.2942261946591316e-06
46670 Total cost: 2.975372581204283e-06
46680 Total cost: 2.3635593606741168e-06
46690 Total cost: 1.011682002172165e-06
46700 Total cost: 2.255349954793928e-06
46710 Total cost: 5.592699380940758e-06
46720 Total cost: 1.4493812159344088e-06
46730 Total cost: 6.886064966238337e-06
46740 Total cost: 2.2554661427420797e-06
46750 Total cost: 2.742649940046249e-06
46760 Total cost: 5.288778538670158e-06
46770 Total cost: 6.1476930568460375e-06
46780 Total cost: 4.424489361554151e-06
46790 Total cost: 1.6550051213926054e-06
46800 Total cost: 2.1488558559212834e-06
46810 Total cost: 1.887611574602488e-06
46820 Total cost: 6.153341473691398e-06
46830 Total cost: 3.4505490020819707e-06
46840 Total cost: 3.594504505599616e-06
46850 Total cost: 2.5196129627147457e-06
46860 Total cost: 4.095301392226247e-06
46870 Total cost: 6.234400643734261e-06
46880 Total cost: 1.5317164070438594e-06
46890 Total cost: 2.135308022843674e-06
46900 Total cost: 1.5435136901942315e-06
46910 Total cost: 3.6217038541508373e-06
46920 Total cost: 8.11291374702705e-06
46930 Total cost: 7.955684850458056e-06
46940 Total cost: 1.4256200984164025e-06
46950 Total cost: 4.044840352435131e-06
46960 Total cost: 3.3489059205749072e-06
46970 Total cost: 7.656888556084596e-06
46980 Total cost: 1.909820639411919e-06
46990 Total cost: 8.415842785325367e-06
Calculating RMSE; trajectory: 1
Calculating RMSE; trajectory: 2
Calculating RMSE; trajectory: 3
Calculating RMSE; trajectory: 4
Calculating RMSE; trajectory: 5
Calculating RMSE; trajectory: 6
Calculating RMSE; trajectory: 7
Calculating RMSE; trajectory: 8
Calculating RMSE; trajectory: 9
Calculating dynamic time warping distance; trajectory: 1
Calculating dynamic time warping distance; trajectory: 2
Calculating dynamic time warping distance; trajectory: 3
/home/khw/Projects/pumafabrics/pumafabrics/puma_adapted/evaluation/evaluate_nd.py:20: VisibleDeprecationWarning: Creating an ndarray from ragged nested sequences (which is a list-or-tuple of lists-or-tuples-or ndarrays with different lengths or shapes) is deprecated. If you meant to do this, you must specify 'dtype=object' when creating the ndarray.
  delta_t_history = np.array(self.delta_t_eval)
/home/khw/Projects/pumafabrics/pumafabrics/puma_adapted/evaluation/evaluate_nd.py:20: VisibleDeprecationWarning: Creating an ndarray from ragged nested sequences (which is a list-or-tuple of lists-or-tuples-or ndarrays with different lengths or shapes) is deprecated. If you meant to do this, you must specify 'dtype=object' when creating the ndarray.
  delta_t_history = np.array(self.delta_t_eval)
Calculating dynamic time warping distance; trajectory: 4
Calculating dynamic time warping distance; trajectory: 5
Calculating dynamic time warping distance; trajectory: 6
Calculating dynamic time warping distance; trajectory: 7
Calculating dynamic time warping distance; trajectory: 8
Calculating dynamic time warping distance; trajectory: 9
Calculating Frechet distance; trajectory: 1
Calculating Frechet distance; trajectory: 2
Calculating Frechet distance; trajectory: 3
Calculating Frechet distance; trajectory: 4
Calculating Frechet distance; trajectory: 5
Calculating Frechet distance; trajectory: 6
Calculating Frechet distance; trajectory: 7
Calculating Frechet distance; trajectory: 8
Calculating Frechet distance; trajectory: 9
Saving image to ./results/1st_order_R3S3_sweep_16may/5/images/primitive_0_iter_47000.pdf...
Metrics sum: 0.1018746027868995 ; Number of unsuccessful trajectories: 0
47000 Total cost: 3.295037231509923e-06
47010 Total cost: 8.934611628319544e-07
47020 Total cost: 1.04558546354383e-06
47030 Total cost: 3.843495960609289e-06
47040 Total cost: 1.9787592009379296e-06
47050 Total cost: 1.9601088752096985e-06
47060 Total cost: 1.8525601035435102e-06
47070 Total cost: 3.6542096495395526e-06
47080 Total cost: 2.3679397145315306e-06
47090 Total cost: 7.352397915383335e-06
47100 Total cost: 6.1615396589331795e-06
47110 Total cost: 4.776413334184326e-06
47120 Total cost: 3.936760549549945e-06
47130 Total cost: 7.873738923080964e-07
47140 Total cost: 5.386882094171597e-06
47150 Total cost: 4.953298684995389e-06
47160 Total cost: 4.7283401727327146e-06
47170 Total cost: 9.668139000496012e-07
47180 Total cost: 2.948740075225942e-06
47190 Total cost: 5.834164312545909e-06
47200 Total cost: 6.796164143452188e-06
47210 Total cost: 9.915220289258286e-07
47220 Total cost: 3.477700602161349e-06
47230 Total cost: 1.6040091850300087e-06
47240 Total cost: 1.329507313130307e-06
47250 Total cost: 4.457395789358998e-06
47260 Total cost: 1.6124173498610617e-06
47270 Total cost: 3.2106781873153523e-06
47280 Total cost: 7.712844308116473e-06
47290 Total cost: 1.682105448708171e-06
47300 Total cost: 6.618010047532152e-06
47310 Total cost: 4.91333230456803e-06
47320 Total cost: 1.1099854191343184e-06
47330 Total cost: 2.505727934476454e-06
47340 Total cost: 2.0363629573694197e-06
47350 Total cost: 4.507101493800292e-06
47360 Total cost: 4.59869488622644e-06
47370 Total cost: 3.0011617582204053e-06
47380 Total cost: 3.111353862550459e-06
47390 Total cost: 2.9531674954341725e-06
47400 Total cost: 4.827559223485878e-06
47410 Total cost: 2.8912481866427697e-06
47420 Total cost: 6.77752814226551e-06
47430 Total cost: 5.137544121680548e-06
47440 Total cost: 1.8166424524679314e-06
47450 Total cost: 2.295943204444484e-06
47460 Total cost: 3.5022808333451394e-06
47470 Total cost: 1.3021452787143062e-06
47480 Total cost: 6.655124025201076e-07
47490 Total cost: 1.7695053884381196e-06
47500 Total cost: 2.797162778733764e-06
47510 Total cost: 2.353682475586538e-06
47520 Total cost: 4.190607796772383e-06
47530 Total cost: 2.8952852062502643e-06
47540 Total cost: 4.89187914354261e-06
47550 Total cost: 6.938008482393343e-06
47560 Total cost: 5.8901873671857174e-06
47570 Total cost: 2.858990001186612e-06
47580 Total cost: 9.095341738429852e-06
47590 Total cost: 5.368362963054096e-06
47600 Total cost: 3.0559476726921275e-06
47610 Total cost: 8.805813195067458e-06
47620 Total cost: 6.870077868370572e-06
47630 Total cost: 3.0809239888185402e-06
47640 Total cost: 1.9483429696265375e-06
47650 Total cost: 5.391858849179698e-06
47660 Total cost: 4.961751074006315e-06
47670 Total cost: 1.584587266734161e-06
47680 Total cost: 1.906548618535453e-06
47690 Total cost: 3.7789322959724814e-06
47700 Total cost: 2.3108632376533933e-05
47710 Total cost: 3.783048896366381e-06
47720 Total cost: 7.071470008668257e-06
47730 Total cost: 1.672182179390802e-06
47740 Total cost: 3.042644948436646e-06
47750 Total cost: 7.111294735295814e-07
47760 Total cost: 5.776709599558671e-07
47770 Total cost: 2.081021875710576e-06
47780 Total cost: 1.2372225910439738e-06
47790 Total cost: 5.887758106837282e-06
47800 Total cost: 4.458785497263307e-06
47810 Total cost: 1.5464138414245099e-06
47820 Total cost: 6.879437023599166e-06
47830 Total cost: 1.967662910828949e-06
47840 Total cost: 1.3212982594268396e-05
47850 Total cost: 5.655336281051859e-06
47860 Total cost: 5.790546310890932e-06
47870 Total cost: 1.7006040025080438e-06
47880 Total cost: 5.1349566092540044e-06
47890 Total cost: 1.931865426740842e-06
47900 Total cost: 4.892924607702298e-06
47910 Total cost: 3.5768446196016157e-06
47920 Total cost: 1.1508961961226305e-06
47930 Total cost: 2.8289525744185084e-06
47940 Total cost: 1.2973731600141036e-06
47950 Total cost: 6.063482487661531e-06
47960 Total cost: 9.388750186190009e-07
47970 Total cost: 2.477003590684035e-06
47980 Total cost: 5.798704592052673e-07
47990 Total cost: 5.468816652864916e-07
Calculating RMSE; trajectory: 1
Calculating RMSE; trajectory: 2
Calculating RMSE; trajectory: 3
Calculating RMSE; trajectory: 4
Calculating RMSE; trajectory: 5
Calculating RMSE; trajectory: 6
Calculating RMSE; trajectory: 7
Calculating RMSE; trajectory: 8
Calculating RMSE; trajectory: 9
Calculating dynamic time warping distance; trajectory: 1
Calculating dynamic time warping distance; trajectory: 2
Calculating dynamic time warping distance; trajectory: 3
Calculating dynamic time warping distance; trajectory: 4
Calculating dynamic time warping distance; trajectory: 5
Calculating dynamic time warping distance; trajectory: 6
Calculating dynamic time warping distance; trajectory: 7
Calculating dynamic time warping distance; trajectory: 8
Calculating dynamic time warping distance; trajectory: 9
Calculating Frechet distance; trajectory: 1
Calculating Frechet distance; trajectory: 2
Calculating Frechet distance; trajectory: 3
Calculating Frechet distance; trajectory: 4
Calculating Frechet distance; trajectory: 5
Calculating Frechet distance; trajectory: 6
Calculating Frechet distance; trajectory: 7
Calculating Frechet distance; trajectory: 8
Calculating Frechet distance; trajectory: 9
Saving image to ./results/1st_order_R3S3_sweep_16may/5/images/primitive_0_iter_48000.pdf...
Metrics sum: 0.08770646082691538 ; Number of unsuccessful trajectories: 0
48000 Total cost: 2.994914893861278e-06
timer: 1071.919923748006
